image_path,mask_path,json_path,split,patient_id,subfolder,label,has_mask,has_json,width,height,channel_mode,num_shapes,shape_labels,mask_binary_valid,mask_positive_pixel_ratio,is_corrupt
Train/Normal/Normal (1205).png,Train_masks/Normal/Normal (1205)_mask.png,,train,Normal,Normal,Normal,True,False,512,512,RGB,,,True,0.0,False
Train/Normal/Normal (1206).png,Train_masks/Normal/Normal (1206)_mask.png,,train,Normal,Normal,Normal,True,False,512,512,RGB,,,True,0.0,False
Train/Normal/Normal (1207).png,Train_masks/Normal/Normal (1207)_mask.png,,train,Normal,Normal,Normal,True,False,512,512,RGB,,,True,0.0,False
Train/Normal/Normal (1208).png,Train_masks/Normal/Normal (1208)_mask.png,,train,Normal,Normal,Normal,True,False,512,512,RGB,,,True,0.0,False
Train/Normal/Normal (1209).png,Train_masks/Normal/Normal (1209)_mask.png,,train,Normal,Normal,Normal,True,False,512,512,RGB,,,True,0.0,False
Train/Normal/Normal (1210).png,Train_masks/Normal/Normal (1210)_mask.png,,train,Normal,Normal,Normal,True,False,512,512,RGB,,,True,0.0,False
Train/Normal/Normal (1211).png,Train_masks/Normal/Normal (1211)_mask.png,,train,Normal,Normal,Normal,True,False,512,512,RGB,,,True,0.0,False
Train/Normal/Normal (1212).png,Train_masks/Normal/Normal (1212)_mask.png,,train,Normal,Normal,Normal,True,False,512,512,RGB,,,True,0.0,False
Train/Normal/Normal (1213).png,Train_masks/Normal/Normal (1213)_mask.png,,train,Normal,Normal,Normal,True,False,512,512,RGB,,,True,0.0,False
Train/Normal/Normal (1214).png,Train_masks/Normal/Normal (1214)_mask.png,,train,Normal,Normal,Normal,True,False,512,512,RGB,,,True,0.0,False
Train/Normal/Normal (1215).png,Train_masks/Normal/Normal (1215)_mask.png,,train,Normal,Normal,Normal,True,False,512,512,RGB,,,True,0.0,False
Train/Normal/Normal (1216).png,Train_masks/Normal/Normal (1216)_mask.png,,train,Normal,Normal,Normal,True,False,512,512,RGB,,,True,0.0,False
Train/Normal/Normal (1217).png,Train_masks/Normal/Normal (1217)_mask.png,,train,Normal,Normal,Normal,True,False,512,512,RGB,,,True,0.0,False
Train/Normal/Normal (1218).png,Train_masks/Normal/Normal (1218)_mask.png,,train,Normal,Normal,Normal,True,False,512,512,RGB,,,True,0.0,False
Train/Normal/Normal (1219).png,Train_masks/Normal/Normal (1219)_mask.png,,train,Normal,Normal,Normal,True,False,512,512,RGB,,,True,0.0,False
Train/Normal/Normal (1220).png,Train_masks/Normal/Normal (1220)_mask.png,,train,Normal,Normal,Normal,True,False,512,512,RGB,,,True,0.0,False
Train/Normal/Normal (1221).png,Train_masks/Normal/Normal (1221)_mask.png,,train,Normal,Normal,Normal,True,False,512,512,RGB,,,True,0.0,False
Train/Normal/Normal (1222).png,Train_masks/Normal/Normal (1222)_mask.png,,train,Normal,Normal,Normal,True,False,512,512,RGB,,,True,0.0,False
Train/Normal/Normal (1223).png,Train_masks/Normal/Normal (1223)_mask.png,,train,Normal,Normal,Normal,True,False,512,512,RGB,,,True,0.0,False
Train/Normal/Normal (1224).png,Train_masks/Normal/Normal (1224)_mask.png,,train,Normal,Normal,Normal,True,False,512,512,RGB,,,True,0.0,False
Train/Normal/Normal (1225).png,Train_masks/Normal/Normal (1225)_mask.png,,train,Normal,Normal,Normal,True,False,512,512,RGB,,,True,0.0,False
Train/Normal/Normal (1226).png,Train_masks/Normal/Normal (1226)_mask.png,,train,Normal,Normal,Normal,True,False,512,512,RGB,,,True,0.0,False
Train/Normal/Normal (1227).png,Train_masks/Normal/Normal (1227)_mask.png,,train,Normal,Normal,Normal,True,False,512,512,RGB,,,True,0.0,False
Train/Normal/Normal (1228).png,Train_masks/Normal/Normal (1228)_mask.png,,train,Normal,Normal,Normal,True,False,512,512,RGB,,,True,0.0,False
Train/Normal/Normal (1229).png,Train_masks/Normal/Normal (1229)_mask.png,,train,Normal,Normal,Normal,True,False,512,512,RGB,,,True,0.0,False
Train/Normal/Normal (1230).png,Train_masks/Normal/Normal (1230)_mask.png,,train,Normal,Normal,Normal,True,False,512,512,RGB,,,True,0.0,False
Train/Normal/Normal (1231).png,Train_masks/Normal/Normal (1231)_mask.png,,train,Normal,Normal,Normal,True,False,512,512,RGB,,,True,0.0,False
Train/Normal/Normal (1232).png,Train_masks/Normal/Normal (1232)_mask.png,,train,Normal,Normal,Normal,True,False,512,512,RGB,,,True,0.0,False
Train/Normal/Normal (1233).png,Train_masks/Normal/Normal (1233)_mask.png,,train,Normal,Normal,Normal,True,False,512,512,RGB,,,True,0.0,False
Train/Normal/Normal (1234).png,Train_masks/Normal/Normal (1234)_mask.png,,train,Normal,Normal,Normal,True,False,512,512,RGB,,,True,0.0,False
Train/Normal/Normal (1235).png,Train_masks/Normal/Normal (1235)_mask.png,,train,Normal,Normal,Normal,True,False,512,512,RGB,,,True,0.0,False
Train/Normal/Normal (1236).png,Train_masks/Normal/Normal (1236)_mask.png,,train,Normal,Normal,Normal,True,False,512,512,RGB,,,True,0.0,False
Train/Normal/Normal (1237).png,Train_masks/Normal/Normal (1237)_mask.png,,train,Normal,Normal,Normal,True,False,512,512,RGB,,,True,0.0,False
Train/Normal/Normal (1238).png,Train_masks/Normal/Normal (1238)_mask.png,,train,Normal,Normal,Normal,True,False,512,512,RGB,,,True,0.0,False
Train/Normal/Normal (1239).png,Train_masks/Normal/Normal (1239)_mask.png,,train,Normal,Normal,Normal,True,False,512,512,RGB,,,True,0.0,False
Train/Normal/Normal (1240).png,Train_masks/Normal/Normal (1240)_mask.png,,train,Normal,Normal,Normal,True,False,512,512,RGB,,,True,0.0,False
Train/Normal/Normal (1241).png,Train_masks/Normal/Normal (1241)_mask.png,,train,Normal,Normal,Normal,True,False,512,512,RGB,,,True,0.0,False
Train/Normal/Normal (1242).png,Train_masks/Normal/Normal (1242)_mask.png,,train,Normal,Normal,Normal,True,False,512,512,RGB,,,True,0.0,False
Train/Normal/Normal (1243).png,Train_masks/Normal/Normal (1243)_mask.png,,train,Normal,Normal,Normal,True,False,512,512,RGB,,,True,0.0,False
Train/Normal/Normal (1244).png,Train_masks/Normal/Normal (1244)_mask.png,,train,Normal,Normal,Normal,True,False,512,512,RGB,,,True,0.0,False
Train/Normal/Normal (1245).png,Train_masks/Normal/Normal (1245)_mask.png,,train,Normal,Normal,Normal,True,False,512,512,RGB,,,True,0.0,False
Train/Normal/Normal (1246).png,Train_masks/Normal/Normal (1246)_mask.png,,train,Normal,Normal,Normal,True,False,512,512,RGB,,,True,0.0,False
Train/Normal/Normal (1247).png,Train_masks/Normal/Normal (1247)_mask.png,,train,Normal,Normal,Normal,True,False,512,512,RGB,,,True,0.0,False
Train/Normal/Normal (1248).png,Train_masks/Normal/Normal (1248)_mask.png,,train,Normal,Normal,Normal,True,False,512,512,RGB,,,True,0.0,False
Train/Normal/Normal (1249).png,Train_masks/Normal/Normal (1249)_mask.png,,train,Normal,Normal,Normal,True,False,512,512,RGB,,,True,0.0,False
Train/Normal/Normal (1250).png,Train_masks/Normal/Normal (1250)_mask.png,,train,Normal,Normal,Normal,True,False,512,512,RGB,,,True,0.0,False
Train/Normal/Normal (1251).png,Train_masks/Normal/Normal (1251)_mask.png,,train,Normal,Normal,Normal,True,False,512,512,RGB,,,True,0.0,False
Train/Normal/Normal (1252).png,Train_masks/Normal/Normal (1252)_mask.png,,train,Normal,Normal,Normal,True,False,512,512,RGB,,,True,0.0,False
Train/Normal/Normal (1253).png,Train_masks/Normal/Normal (1253)_mask.png,,train,Normal,Normal,Normal,True,False,512,512,RGB,,,True,0.0,False
Train/Normal/Normal (1254).png,Train_masks/Normal/Normal (1254)_mask.png,,train,Normal,Normal,Normal,True,False,512,512,RGB,,,True,0.0,False
Train/Normal/Normal (1255).png,Train_masks/Normal/Normal (1255)_mask.png,,train,Normal,Normal,Normal,True,False,512,512,RGB,,,True,0.0,False
Train/Normal/Normal (1256).png,Train_masks/Normal/Normal (1256)_mask.png,,train,Normal,Normal,Normal,True,False,512,512,RGB,,,True,0.0,False
Train/Normal/Normal (1257).png,Train_masks/Normal/Normal (1257)_mask.png,,train,Normal,Normal,Normal,True,False,512,512,RGB,,,True,0.0,False
Train/Normal/Normal (1258).png,Train_masks/Normal/Normal (1258)_mask.png,,train,Normal,Normal,Normal,True,False,512,512,RGB,,,True,0.0,False
Train/Normal/Normal (1259).png,Train_masks/Normal/Normal (1259)_mask.png,,train,Normal,Normal,Normal,True,False,512,512,RGB,,,True,0.0,False
Train/Normal/Normal (1260).png,Train_masks/Normal/Normal (1260)_mask.png,,train,Normal,Normal,Normal,True,False,512,512,RGB,,,True,0.0,False
Train/Normal/Normal (1261).png,Train_masks/Normal/Normal (1261)_mask.png,,train,Normal,Normal,Normal,True,False,512,512,RGB,,,True,0.0,False
Train/Normal/Normal (1262).png,Train_masks/Normal/Normal (1262)_mask.png,,train,Normal,Normal,Normal,True,False,512,512,RGB,,,True,0.0,False
Train/Normal/Normal (1263).png,Train_masks/Normal/Normal (1263)_mask.png,,train,Normal,Normal,Normal,True,False,512,512,RGB,,,True,0.0,False
Train/Normal/Normal (1264).png,Train_masks/Normal/Normal (1264)_mask.png,,train,Normal,Normal,Normal,True,False,512,512,RGB,,,True,0.0,False
Train/Normal/Normal (1265).png,Train_masks/Normal/Normal (1265)_mask.png,,train,Normal,Normal,Normal,True,False,512,512,RGB,,,True,0.0,False
Train/Normal/Normal (1266).png,Train_masks/Normal/Normal (1266)_mask.png,,train,Normal,Normal,Normal,True,False,512,512,RGB,,,True,0.0,False
Train/Normal/Normal (1267).png,Train_masks/Normal/Normal (1267)_mask.png,,train,Normal,Normal,Normal,True,False,512,512,RGB,,,True,0.0,False
Train/Normal/Normal (1268).png,Train_masks/Normal/Normal (1268)_mask.png,,train,Normal,Normal,Normal,True,False,512,512,RGB,,,True,0.0,False
Train/Normal/Normal (1269).png,Train_masks/Normal/Normal (1269)_mask.png,,train,Normal,Normal,Normal,True,False,512,512,RGB,,,True,0.0,False
Train/Normal/Normal (1270).png,Train_masks/Normal/Normal (1270)_mask.png,,train,Normal,Normal,Normal,True,False,512,512,RGB,,,True,0.0,False
Train/Normal/Normal (1271).png,Train_masks/Normal/Normal (1271)_mask.png,,train,Normal,Normal,Normal,True,False,512,512,RGB,,,True,0.0,False
Train/Normal/Normal (1272).png,Train_masks/Normal/Normal (1272)_mask.png,,train,Normal,Normal,Normal,True,False,512,512,RGB,,,True,0.0,False
Train/Normal/Normal (1273).png,Train_masks/Normal/Normal (1273)_mask.png,,train,Normal,Normal,Normal,True,False,512,512,RGB,,,True,0.0,False
Train/Normal/Normal (1274).png,Train_masks/Normal/Normal (1274)_mask.png,,train,Normal,Normal,Normal,True,False,512,512,RGB,,,True,0.0,False
Train/Normal/Normal (1275).png,Train_masks/Normal/Normal (1275)_mask.png,,train,Normal,Normal,Normal,True,False,512,512,RGB,,,True,0.0,False
Train/Normal/Normal (1276).png,Train_masks/Normal/Normal (1276)_mask.png,,train,Normal,Normal,Normal,True,False,512,512,RGB,,,True,0.0,False
Train/Normal/Normal (1277).png,Train_masks/Normal/Normal (1277)_mask.png,,train,Normal,Normal,Normal,True,False,512,512,RGB,,,True,0.0,False
Train/Normal/Normal (1278).png,Train_masks/Normal/Normal (1278)_mask.png,,train,Normal,Normal,Normal,True,False,512,512,RGB,,,True,0.0,False
Train/Normal/Normal (1279).png,Train_masks/Normal/Normal (1279)_mask.png,,train,Normal,Normal,Normal,True,False,512,512,RGB,,,True,0.0,False
Train/Normal/Normal (1280).png,Train_masks/Normal/Normal (1280)_mask.png,,train,Normal,Normal,Normal,True,False,512,512,RGB,,,True,0.0,False
Train/Normal/Normal (1281).png,Train_masks/Normal/Normal (1281)_mask.png,,train,Normal,Normal,Normal,True,False,512,512,RGB,,,True,0.0,False
Train/Normal/Normal (1282).png,Train_masks/Normal/Normal (1282)_mask.png,,train,Normal,Normal,Normal,True,False,512,512,RGB,,,True,0.0,False
Train/Normal/Normal (1283).png,Train_masks/Normal/Normal (1283)_mask.png,,train,Normal,Normal,Normal,True,False,512,512,RGB,,,True,0.0,False
Train/Normal/Normal (1284).png,Train_masks/Normal/Normal (1284)_mask.png,,train,Normal,Normal,Normal,True,False,512,512,RGB,,,True,0.0,False
Train/Normal/Normal (1285).png,Train_masks/Normal/Normal (1285)_mask.png,,train,Normal,Normal,Normal,True,False,512,512,RGB,,,True,0.0,False
Train/Normal/Normal (1286).png,Train_masks/Normal/Normal (1286)_mask.png,,train,Normal,Normal,Normal,True,False,512,512,RGB,,,True,0.0,False
Train/Normal/Normal (1287).png,Train_masks/Normal/Normal (1287)_mask.png,,train,Normal,Normal,Normal,True,False,512,512,RGB,,,True,0.0,False
Train/Normal/Normal (1288).png,Train_masks/Normal/Normal (1288)_mask.png,,train,Normal,Normal,Normal,True,False,512,512,RGB,,,True,0.0,False
Train/Normal/Normal (1289).png,Train_masks/Normal/Normal (1289)_mask.png,,train,Normal,Normal,Normal,True,False,512,512,RGB,,,True,0.0,False
Train/Normal/Normal (1290).png,Train_masks/Normal/Normal (1290)_mask.png,,train,Normal,Normal,Normal,True,False,512,512,RGB,,,True,0.0,False
Train/Normal/Normal (1291).png,Train_masks/Normal/Normal (1291)_mask.png,,train,Normal,Normal,Normal,True,False,512,512,RGB,,,True,0.0,False
Train/Normal/Normal (1292).png,Train_masks/Normal/Normal (1292)_mask.png,,train,Normal,Normal,Normal,True,False,512,512,RGB,,,True,0.0,False
Train/Normal/Normal (1293).png,Train_masks/Normal/Normal (1293)_mask.png,,train,Normal,Normal,Normal,True,False,512,512,RGB,,,True,0.0,False
Train/Normal/Normal (1294).png,Train_masks/Normal/Normal (1294)_mask.png,,train,Normal,Normal,Normal,True,False,512,512,RGB,,,True,0.0,False
Train/Normal/Normal (1295).png,Train_masks/Normal/Normal (1295)_mask.png,,train,Normal,Normal,Normal,True,False,512,512,RGB,,,True,0.0,False
Train/Normal/Normal (1296).png,Train_masks/Normal/Normal (1296)_mask.png,,train,Normal,Normal,Normal,True,False,512,512,RGB,,,True,0.0,False
Train/Normal/Normal (1297).png,Train_masks/Normal/Normal (1297)_mask.png,,train,Normal,Normal,Normal,True,False,512,512,RGB,,,True,0.0,False
Train/Normal/Normal (1298).png,Train_masks/Normal/Normal (1298)_mask.png,,train,Normal,Normal,Normal,True,False,512,512,RGB,,,True,0.0,False
Train/Normal/Normal (1299).png,Train_masks/Normal/Normal (1299)_mask.png,,train,Normal,Normal,Normal,True,False,512,512,RGB,,,True,0.0,False
Train/Normal/Normal (1300).png,Train_masks/Normal/Normal (1300)_mask.png,,train,Normal,Normal,Normal,True,False,512,512,RGB,,,True,0.0,False
Train/Normal/Normal (1301).png,Train_masks/Normal/Normal (1301)_mask.png,,train,Normal,Normal,Normal,True,False,512,512,RGB,,,True,0.0,False
Train/Normal/Normal (1302).png,Train_masks/Normal/Normal (1302)_mask.png,,train,Normal,Normal,Normal,True,False,512,512,RGB,,,True,0.0,False
Train/Normal/Normal (1303).png,Train_masks/Normal/Normal (1303)_mask.png,,train,Normal,Normal,Normal,True,False,512,512,RGB,,,True,0.0,False
Train/Normal/Normal (1304).png,Train_masks/Normal/Normal (1304)_mask.png,,train,Normal,Normal,Normal,True,False,512,512,RGB,,,True,0.0,False
Train/Normal/Normal (1305).png,Train_masks/Normal/Normal (1305)_mask.png,,train,Normal,Normal,Normal,True,False,512,512,RGB,,,True,0.0,False
Train/Normal/Normal (1306).png,Train_masks/Normal/Normal (1306)_mask.png,,train,Normal,Normal,Normal,True,False,512,512,RGB,,,True,0.0,False
Train/Normal/Normal (1307).png,Train_masks/Normal/Normal (1307)_mask.png,,train,Normal,Normal,Normal,True,False,512,512,RGB,,,True,0.0,False
Train/Normal/Normal (1308).png,Train_masks/Normal/Normal (1308)_mask.png,,train,Normal,Normal,Normal,True,False,512,512,RGB,,,True,0.0,False
Train/Normal/Normal (1309).png,Train_masks/Normal/Normal (1309)_mask.png,,train,Normal,Normal,Normal,True,False,512,512,RGB,,,True,0.0,False
Train/Normal/Normal (1310).png,Train_masks/Normal/Normal (1310)_mask.png,,train,Normal,Normal,Normal,True,False,512,512,RGB,,,True,0.0,False
Train/Normal/Normal (1311).png,Train_masks/Normal/Normal (1311)_mask.png,,train,Normal,Normal,Normal,True,False,512,512,RGB,,,True,0.0,False
Train/Normal/Normal (1312).png,Train_masks/Normal/Normal (1312)_mask.png,,train,Normal,Normal,Normal,True,False,512,512,RGB,,,True,0.0,False
Train/Normal/Normal (1313).png,Train_masks/Normal/Normal (1313)_mask.png,,train,Normal,Normal,Normal,True,False,512,512,RGB,,,True,0.0,False
Train/Normal/Normal (1314).png,Train_masks/Normal/Normal (1314)_mask.png,,train,Normal,Normal,Normal,True,False,512,512,RGB,,,True,0.0,False
Train/Normal/Normal (1315).png,Train_masks/Normal/Normal (1315)_mask.png,,train,Normal,Normal,Normal,True,False,512,512,RGB,,,True,0.0,False
Train/Normal/Normal (1316).png,Train_masks/Normal/Normal (1316)_mask.png,,train,Normal,Normal,Normal,True,False,512,512,RGB,,,True,0.0,False
Train/Normal/Normal (1317).png,Train_masks/Normal/Normal (1317)_mask.png,,train,Normal,Normal,Normal,True,False,512,512,RGB,,,True,0.0,False
Train/Normal/Normal (1318).png,Train_masks/Normal/Normal (1318)_mask.png,,train,Normal,Normal,Normal,True,False,512,512,RGB,,,True,0.0,False
Train/Normal/Normal (1319).png,Train_masks/Normal/Normal (1319)_mask.png,,train,Normal,Normal,Normal,True,False,512,512,RGB,,,True,0.0,False
Train/Normal/Normal (1320).png,Train_masks/Normal/Normal (1320)_mask.png,,train,Normal,Normal,Normal,True,False,512,512,RGB,,,True,0.0,False
Train/Normal/Normal (1321).png,Train_masks/Normal/Normal (1321)_mask.png,,train,Normal,Normal,Normal,True,False,512,512,RGB,,,True,0.0,False
Train/Normal/Normal (1322).png,Train_masks/Normal/Normal (1322)_mask.png,,train,Normal,Normal,Normal,True,False,512,512,RGB,,,True,0.0,False
Train/Normal/Normal (1323).png,Train_masks/Normal/Normal (1323)_mask.png,,train,Normal,Normal,Normal,True,False,512,512,RGB,,,True,0.0,False
Train/Normal/Normal (1324).png,Train_masks/Normal/Normal (1324)_mask.png,,train,Normal,Normal,Normal,True,False,512,512,RGB,,,True,0.0,False
Train/Normal/Normal (1325).png,Train_masks/Normal/Normal (1325)_mask.png,,train,Normal,Normal,Normal,True,False,512,512,RGB,,,True,0.0,False
Train/Normal/Normal (1326).png,Train_masks/Normal/Normal (1326)_mask.png,,train,Normal,Normal,Normal,True,False,512,512,RGB,,,True,0.0,False
Train/Normal/Normal (1327).png,Train_masks/Normal/Normal (1327)_mask.png,,train,Normal,Normal,Normal,True,False,512,512,RGB,,,True,0.0,False
Train/Normal/Normal (1328).png,Train_masks/Normal/Normal (1328)_mask.png,,train,Normal,Normal,Normal,True,False,512,512,RGB,,,True,0.0,False
Train/Normal/Normal (1329).png,Train_masks/Normal/Normal (1329)_mask.png,,train,Normal,Normal,Normal,True,False,512,512,RGB,,,True,0.0,False
Train/Normal/Normal (1330).png,Train_masks/Normal/Normal (1330)_mask.png,,train,Normal,Normal,Normal,True,False,512,512,RGB,,,True,0.0,False
Train/Normal/Normal (1331).png,Train_masks/Normal/Normal (1331)_mask.png,,train,Normal,Normal,Normal,True,False,512,512,RGB,,,True,0.0,False
Train/Normal/Normal (1332).png,Train_masks/Normal/Normal (1332)_mask.png,,train,Normal,Normal,Normal,True,False,512,512,RGB,,,True,0.0,False
Train/Normal/Normal (1333).png,Train_masks/Normal/Normal (1333)_mask.png,,train,Normal,Normal,Normal,True,False,512,512,RGB,,,True,0.0,False
Train/Normal/Normal (1334).png,Train_masks/Normal/Normal (1334)_mask.png,,train,Normal,Normal,Normal,True,False,512,512,RGB,,,True,0.0,False
Train/Normal/Normal (1335).png,Train_masks/Normal/Normal (1335)_mask.png,,train,Normal,Normal,Normal,True,False,512,512,RGB,,,True,0.0,False
Train/Normal/Normal (1336).png,Train_masks/Normal/Normal (1336)_mask.png,,train,Normal,Normal,Normal,True,False,512,512,RGB,,,True,0.0,False
Train/Normal/Normal (1337).png,Train_masks/Normal/Normal (1337)_mask.png,,train,Normal,Normal,Normal,True,False,512,512,RGB,,,True,0.0,False
Train/Normal/Normal (1338).png,Train_masks/Normal/Normal (1338)_mask.png,,train,Normal,Normal,Normal,True,False,512,512,RGB,,,True,0.0,False
Train/Normal/Normal (1339).png,Train_masks/Normal/Normal (1339)_mask.png,,train,Normal,Normal,Normal,True,False,512,512,RGB,,,True,0.0,False
Train/Normal/Normal (1340).png,Train_masks/Normal/Normal (1340)_mask.png,,train,Normal,Normal,Normal,True,False,512,512,RGB,,,True,0.0,False
Train/Normal/Normal (1341).png,Train_masks/Normal/Normal (1341)_mask.png,,train,Normal,Normal,Normal,True,False,512,512,RGB,,,True,0.0,False
Train/Normal/Normal (1342).png,Train_masks/Normal/Normal (1342)_mask.png,,train,Normal,Normal,Normal,True,False,512,512,RGB,,,True,0.0,False
Train/Normal/Normal (1343).png,Train_masks/Normal/Normal (1343)_mask.png,,train,Normal,Normal,Normal,True,False,512,512,RGB,,,True,0.0,False
Train/Normal/Normal (1344).png,Train_masks/Normal/Normal (1344)_mask.png,,train,Normal,Normal,Normal,True,False,512,512,RGB,,,True,0.0,False
Train/Normal/Normal (1345).png,Train_masks/Normal/Normal (1345)_mask.png,,train,Normal,Normal,Normal,True,False,512,512,RGB,,,True,0.0,False
Train/Normal/Normal (1346).png,Train_masks/Normal/Normal (1346)_mask.png,,train,Normal,Normal,Normal,True,False,512,512,RGB,,,True,0.0,False
Train/Normal/Normal (1347).png,Train_masks/Normal/Normal (1347)_mask.png,,train,Normal,Normal,Normal,True,False,512,512,RGB,,,True,0.0,False
Train/Normal/Normal (1348).png,Train_masks/Normal/Normal (1348)_mask.png,,train,Normal,Normal,Normal,True,False,512,512,RGB,,,True,0.0,False
Train/Normal/Normal (1349).png,Train_masks/Normal/Normal (1349)_mask.png,,train,Normal,Normal,Normal,True,False,512,512,RGB,,,True,0.0,False
Train/Normal/Normal (1350).png,Train_masks/Normal/Normal (1350)_mask.png,,train,Normal,Normal,Normal,True,False,512,512,RGB,,,True,0.0,False
Train/Normal/Normal (1351).png,Train_masks/Normal/Normal (1351)_mask.png,,train,Normal,Normal,Normal,True,False,512,512,RGB,,,True,0.0,False
Train/Normal/Normal (1352).png,Train_masks/Normal/Normal (1352)_mask.png,,train,Normal,Normal,Normal,True,False,512,512,RGB,,,True,0.0,False
Train/Normal/Normal (1353).png,Train_masks/Normal/Normal (1353)_mask.png,,train,Normal,Normal,Normal,True,False,512,512,RGB,,,True,0.0,False
Train/Normal/Normal (1354).png,Train_masks/Normal/Normal (1354)_mask.png,,train,Normal,Normal,Normal,True,False,512,512,RGB,,,True,0.0,False
Train/Normal/Normal (1355).png,Train_masks/Normal/Normal (1355)_mask.png,,train,Normal,Normal,Normal,True,False,512,512,RGB,,,True,0.0,False
Train/Normal/Normal (1356).png,Train_masks/Normal/Normal (1356)_mask.png,,train,Normal,Normal,Normal,True,False,512,512,RGB,,,True,0.0,False
Train/Normal/Normal (1357).png,Train_masks/Normal/Normal (1357)_mask.png,,train,Normal,Normal,Normal,True,False,512,512,RGB,,,True,0.0,False
Train/Normal/Normal (1358).png,Train_masks/Normal/Normal (1358)_mask.png,,train,Normal,Normal,Normal,True,False,512,512,RGB,,,True,0.0,False
Train/Normal/Normal (1359).png,Train_masks/Normal/Normal (1359)_mask.png,,train,Normal,Normal,Normal,True,False,512,512,RGB,,,True,0.0,False
Train/Normal/Normal (1360).png,Train_masks/Normal/Normal (1360)_mask.png,,train,Normal,Normal,Normal,True,False,512,512,RGB,,,True,0.0,False
Train/Normal/Normal (1361).png,Train_masks/Normal/Normal (1361)_mask.png,,train,Normal,Normal,Normal,True,False,512,512,RGB,,,True,0.0,False
Train/Normal/Normal (1362).png,Train_masks/Normal/Normal (1362)_mask.png,,train,Normal,Normal,Normal,True,False,512,512,RGB,,,True,0.0,False
Train/Normal/Normal (1363).png,Train_masks/Normal/Normal (1363)_mask.png,,train,Normal,Normal,Normal,True,False,512,512,RGB,,,True,0.0,False
Train/Normal/Normal (1364).png,Train_masks/Normal/Normal (1364)_mask.png,,train,Normal,Normal,Normal,True,False,512,512,RGB,,,True,0.0,False
Train/Normal/Normal (1365).png,Train_masks/Normal/Normal (1365)_mask.png,,train,Normal,Normal,Normal,True,False,512,512,RGB,,,True,0.0,False
Train/Normal/Normal (1366).png,Train_masks/Normal/Normal (1366)_mask.png,,train,Normal,Normal,Normal,True,False,512,512,RGB,,,True,0.0,False
Train/Normal/Normal (1367).png,Train_masks/Normal/Normal (1367)_mask.png,,train,Normal,Normal,Normal,True,False,512,512,RGB,,,True,0.0,False
Train/Normal/Normal (1368).png,Train_masks/Normal/Normal (1368)_mask.png,,train,Normal,Normal,Normal,True,False,512,512,RGB,,,True,0.0,False
Train/Normal/Normal (1369).png,Train_masks/Normal/Normal (1369)_mask.png,,train,Normal,Normal,Normal,True,False,512,512,RGB,,,True,0.0,False
Train/Normal/Normal (1370).png,Train_masks/Normal/Normal (1370)_mask.png,,train,Normal,Normal,Normal,True,False,512,512,RGB,,,True,0.0,False
Train/Normal/Normal (1371).png,Train_masks/Normal/Normal (1371)_mask.png,,train,Normal,Normal,Normal,True,False,512,512,RGB,,,True,0.0,False
Train/Normal/Normal (1372).png,Train_masks/Normal/Normal (1372)_mask.png,,train,Normal,Normal,Normal,True,False,512,512,RGB,,,True,0.0,False
Train/Normal/Normal (1373).png,Train_masks/Normal/Normal (1373)_mask.png,,train,Normal,Normal,Normal,True,False,512,512,RGB,,,True,0.0,False
Train/Normal/Normal (1374).png,Train_masks/Normal/Normal (1374)_mask.png,,train,Normal,Normal,Normal,True,False,512,512,RGB,,,True,0.0,False
Train/Normal/Normal (1375).png,Train_masks/Normal/Normal (1375)_mask.png,,train,Normal,Normal,Normal,True,False,512,512,RGB,,,True,0.0,False
Train/Normal/Normal (1376).png,Train_masks/Normal/Normal (1376)_mask.png,,train,Normal,Normal,Normal,True,False,512,512,RGB,,,True,0.0,False
Train/Normal/Normal (1377).png,Train_masks/Normal/Normal (1377)_mask.png,,train,Normal,Normal,Normal,True,False,512,512,RGB,,,True,0.0,False
Train/Normal/Normal (1378).png,Train_masks/Normal/Normal (1378)_mask.png,,train,Normal,Normal,Normal,True,False,512,512,RGB,,,True,0.0,False
Train/Normal/Normal (1379).png,Train_masks/Normal/Normal (1379)_mask.png,,train,Normal,Normal,Normal,True,False,512,512,RGB,,,True,0.0,False
Train/Normal/Normal (1380).png,Train_masks/Normal/Normal (1380)_mask.png,,train,Normal,Normal,Normal,True,False,512,512,RGB,,,True,0.0,False
Train/Normal/Normal (1381).png,Train_masks/Normal/Normal (1381)_mask.png,,train,Normal,Normal,Normal,True,False,512,512,RGB,,,True,0.0,False
Train/Normal/Normal (1382).png,Train_masks/Normal/Normal (1382)_mask.png,,train,Normal,Normal,Normal,True,False,512,512,RGB,,,True,0.0,False
Train/Normal/Normal (1383).png,Train_masks/Normal/Normal (1383)_mask.png,,train,Normal,Normal,Normal,True,False,512,512,RGB,,,True,0.0,False
Train/Normal/Normal (1384).png,Train_masks/Normal/Normal (1384)_mask.png,,train,Normal,Normal,Normal,True,False,512,512,RGB,,,True,0.0,False
Train/Normal/Normal (1385).png,Train_masks/Normal/Normal (1385)_mask.png,,train,Normal,Normal,Normal,True,False,512,512,RGB,,,True,0.0,False
Train/Normal/Normal (1386).png,Train_masks/Normal/Normal (1386)_mask.png,,train,Normal,Normal,Normal,True,False,512,512,RGB,,,True,0.0,False
Train/Normal/Normal (1387).png,Train_masks/Normal/Normal (1387)_mask.png,,train,Normal,Normal,Normal,True,False,512,512,RGB,,,True,0.0,False
Train/Normal/Normal (1388).png,Train_masks/Normal/Normal (1388)_mask.png,,train,Normal,Normal,Normal,True,False,512,512,RGB,,,True,0.0,False
Train/Normal/Normal (1389).png,Train_masks/Normal/Normal (1389)_mask.png,,train,Normal,Normal,Normal,True,False,512,512,RGB,,,True,0.0,False
Train/Normal/Normal (1390).png,Train_masks/Normal/Normal (1390)_mask.png,,train,Normal,Normal,Normal,True,False,512,512,RGB,,,True,0.0,False
Train/Normal/Normal (1391).png,Train_masks/Normal/Normal (1391)_mask.png,,train,Normal,Normal,Normal,True,False,512,512,RGB,,,True,0.0,False
Train/Normal/Normal (1392).png,Train_masks/Normal/Normal (1392)_mask.png,,train,Normal,Normal,Normal,True,False,512,512,RGB,,,True,0.0,False
Train/Normal/Normal (1393).png,Train_masks/Normal/Normal (1393)_mask.png,,train,Normal,Normal,Normal,True,False,512,512,RGB,,,True,0.0,False
Train/Normal/Normal (1394).png,Train_masks/Normal/Normal (1394)_mask.png,,train,Normal,Normal,Normal,True,False,512,512,RGB,,,True,0.0,False
Train/Normal/Normal (1395).png,Train_masks/Normal/Normal (1395)_mask.png,,train,Normal,Normal,Normal,True,False,512,512,RGB,,,True,0.0,False
Train/Normal/Normal (1396).png,Train_masks/Normal/Normal (1396)_mask.png,,train,Normal,Normal,Normal,True,False,512,512,RGB,,,True,0.0,False
Train/Normal/Normal (1397).png,Train_masks/Normal/Normal (1397)_mask.png,,train,Normal,Normal,Normal,True,False,512,512,RGB,,,True,0.0,False
Train/Normal/Normal (1398).png,Train_masks/Normal/Normal (1398)_mask.png,,train,Normal,Normal,Normal,True,False,512,512,RGB,,,True,0.0,False
Train/Normal/Normal (1399).png,Train_masks/Normal/Normal (1399)_mask.png,,train,Normal,Normal,Normal,True,False,512,512,RGB,,,True,0.0,False
Train/Normal/Normal (1400).png,Train_masks/Normal/Normal (1400)_mask.png,,train,Normal,Normal,Normal,True,False,512,512,RGB,,,True,0.0,False
Train/Normal/Normal (1401).png,Train_masks/Normal/Normal (1401)_mask.png,,train,Normal,Normal,Normal,True,False,512,512,RGB,,,True,0.0,False
Train/Normal/Normal (1402).png,Train_masks/Normal/Normal (1402)_mask.png,,train,Normal,Normal,Normal,True,False,512,512,RGB,,,True,0.0,False
Train/Normal/Normal (1403).png,Train_masks/Normal/Normal (1403)_mask.png,,train,Normal,Normal,Normal,True,False,512,512,RGB,,,True,0.0,False
Train/Normal/Normal (1404).png,Train_masks/Normal/Normal (1404)_mask.png,,train,Normal,Normal,Normal,True,False,512,512,RGB,,,True,0.0,False
Train/Normal/Normal (1405).png,Train_masks/Normal/Normal (1405)_mask.png,,train,Normal,Normal,Normal,True,False,512,512,RGB,,,True,0.0,False
Train/Normal/Normal (1406).png,Train_masks/Normal/Normal (1406)_mask.png,,train,Normal,Normal,Normal,True,False,512,512,RGB,,,True,0.0,False
Train/Normal/Normal (1407).png,Train_masks/Normal/Normal (1407)_mask.png,,train,Normal,Normal,Normal,True,False,512,512,RGB,,,True,0.0,False
Train/Normal/Normal (1408).png,Train_masks/Normal/Normal (1408)_mask.png,,train,Normal,Normal,Normal,True,False,512,512,RGB,,,True,0.0,False
Train/Normal/Normal (1409).png,Train_masks/Normal/Normal (1409)_mask.png,,train,Normal,Normal,Normal,True,False,512,512,RGB,,,True,0.0,False
Train/Normal/Normal (1410).png,Train_masks/Normal/Normal (1410)_mask.png,,train,Normal,Normal,Normal,True,False,512,512,RGB,,,True,0.0,False
Train/Normal/Normal (1411).png,Train_masks/Normal/Normal (1411)_mask.png,,train,Normal,Normal,Normal,True,False,512,512,RGB,,,True,0.0,False
Train/Normal/Normal (1412).png,Train_masks/Normal/Normal (1412)_mask.png,,train,Normal,Normal,Normal,True,False,512,512,RGB,,,True,0.0,False
Train/Normal/Normal (1413).png,Train_masks/Normal/Normal (1413)_mask.png,,train,Normal,Normal,Normal,True,False,512,512,RGB,,,True,0.0,False
Train/Normal/Normal (1414).png,Train_masks/Normal/Normal (1414)_mask.png,,train,Normal,Normal,Normal,True,False,512,512,RGB,,,True,0.0,False
Train/Normal/Normal (1415).png,Train_masks/Normal/Normal (1415)_mask.png,,train,Normal,Normal,Normal,True,False,512,512,RGB,,,True,0.0,False
Train/Normal/Normal (1416).png,Train_masks/Normal/Normal (1416)_mask.png,,train,Normal,Normal,Normal,True,False,512,512,RGB,,,True,0.0,False
Train/Normal/Normal (1417).png,Train_masks/Normal/Normal (1417)_mask.png,,train,Normal,Normal,Normal,True,False,512,512,RGB,,,True,0.0,False
Train/Normal/Normal (1418).png,Train_masks/Normal/Normal (1418)_mask.png,,train,Normal,Normal,Normal,True,False,512,512,RGB,,,True,0.0,False
Train/Normal/Normal (1419).png,Train_masks/Normal/Normal (1419)_mask.png,,train,Normal,Normal,Normal,True,False,512,512,RGB,,,True,0.0,False
Train/Normal/Normal (1420).png,Train_masks/Normal/Normal (1420)_mask.png,,train,Normal,Normal,Normal,True,False,512,512,RGB,,,True,0.0,False
Train/Normal/Normal (1421).png,Train_masks/Normal/Normal (1421)_mask.png,,train,Normal,Normal,Normal,True,False,512,512,RGB,,,True,0.0,False
Train/Normal/Normal (1422).png,Train_masks/Normal/Normal (1422)_mask.png,,train,Normal,Normal,Normal,True,False,512,512,RGB,,,True,0.0,False
Train/Normal/Normal (1423).png,Train_masks/Normal/Normal (1423)_mask.png,,train,Normal,Normal,Normal,True,False,512,512,RGB,,,True,0.0,False
Train/Normal/Normal (1424).png,Train_masks/Normal/Normal (1424)_mask.png,,train,Normal,Normal,Normal,True,False,512,512,RGB,,,True,0.0,False
Train/Normal/Normal (1425).png,Train_masks/Normal/Normal (1425)_mask.png,,train,Normal,Normal,Normal,True,False,512,512,RGB,,,True,0.0,False
Train/Normal/Normal (1426).png,Train_masks/Normal/Normal (1426)_mask.png,,train,Normal,Normal,Normal,True,False,512,512,RGB,,,True,0.0,False
Train/Normal/Normal (1427).png,Train_masks/Normal/Normal (1427)_mask.png,,train,Normal,Normal,Normal,True,False,512,512,RGB,,,True,0.0,False
Train/Normal/Normal (1428).png,Train_masks/Normal/Normal (1428)_mask.png,,train,Normal,Normal,Normal,True,False,512,512,RGB,,,True,0.0,False
Train/Normal/Normal (1429).png,Train_masks/Normal/Normal (1429)_mask.png,,train,Normal,Normal,Normal,True,False,512,512,RGB,,,True,0.0,False
Train/Normal/Normal (1430).png,Train_masks/Normal/Normal (1430)_mask.png,,train,Normal,Normal,Normal,True,False,512,512,RGB,,,True,0.0,False
Train/Normal/Normal (1431).png,Train_masks/Normal/Normal (1431)_mask.png,,train,Normal,Normal,Normal,True,False,512,512,RGB,,,True,0.0,False
Train/Normal/Normal (1432).png,Train_masks/Normal/Normal (1432)_mask.png,,train,Normal,Normal,Normal,True,False,512,512,RGB,,,True,0.0,False
Train/Normal/Normal (1433).png,Train_masks/Normal/Normal (1433)_mask.png,,train,Normal,Normal,Normal,True,False,512,512,RGB,,,True,0.0,False
Train/Normal/Normal (1434).png,Train_masks/Normal/Normal (1434)_mask.png,,train,Normal,Normal,Normal,True,False,512,512,RGB,,,True,0.0,False
Train/Normal/Normal (1435).png,Train_masks/Normal/Normal (1435)_mask.png,,train,Normal,Normal,Normal,True,False,512,512,RGB,,,True,0.0,False
Train/Normal/Normal (1436).png,Train_masks/Normal/Normal (1436)_mask.png,,train,Normal,Normal,Normal,True,False,512,512,RGB,,,True,0.0,False
Train/Normal/Normal (1437).png,Train_masks/Normal/Normal (1437)_mask.png,,train,Normal,Normal,Normal,True,False,512,512,RGB,,,True,0.0,False
Train/Normal/Normal (1438).png,Train_masks/Normal/Normal (1438)_mask.png,,train,Normal,Normal,Normal,True,False,512,512,RGB,,,True,0.0,False
Train/Normal/Normal (1439).png,Train_masks/Normal/Normal (1439)_mask.png,,train,Normal,Normal,Normal,True,False,512,512,RGB,,,True,0.0,False
Train/Normal/Normal (1440).png,Train_masks/Normal/Normal (1440)_mask.png,,train,Normal,Normal,Normal,True,False,512,512,RGB,,,True,0.0,False
Train/Normal/Normal (1441).png,Train_masks/Normal/Normal (1441)_mask.png,,train,Normal,Normal,Normal,True,False,512,512,RGB,,,True,0.0,False
Train/Normal/Normal (1442).png,Train_masks/Normal/Normal (1442)_mask.png,,train,Normal,Normal,Normal,True,False,512,512,RGB,,,True,0.0,False
Train/Normal/Normal (1443).png,Train_masks/Normal/Normal (1443)_mask.png,,train,Normal,Normal,Normal,True,False,512,512,RGB,,,True,0.0,False
Train/Normal/Normal (1444).png,Train_masks/Normal/Normal (1444)_mask.png,,train,Normal,Normal,Normal,True,False,512,512,RGB,,,True,0.0,False
Train/Normal/Normal (1445).png,Train_masks/Normal/Normal (1445)_mask.png,,train,Normal,Normal,Normal,True,False,512,512,RGB,,,True,0.0,False
Train/Normal/Normal (1446).png,Train_masks/Normal/Normal (1446)_mask.png,,train,Normal,Normal,Normal,True,False,512,512,RGB,,,True,0.0,False
Train/Normal/Normal (1447).png,Train_masks/Normal/Normal (1447)_mask.png,,train,Normal,Normal,Normal,True,False,512,512,RGB,,,True,0.0,False
Train/Normal/Normal (1448).png,Train_masks/Normal/Normal (1448)_mask.png,,train,Normal,Normal,Normal,True,False,512,512,RGB,,,True,0.0,False
Train/Normal/Normal (1449).png,Train_masks/Normal/Normal (1449)_mask.png,,train,Normal,Normal,Normal,True,False,512,512,RGB,,,True,0.0,False
Train/Normal/Normal (1450).png,Train_masks/Normal/Normal (1450)_mask.png,,train,Normal,Normal,Normal,True,False,512,512,RGB,,,True,0.0,False
Train/Normal/Normal (1451).png,Train_masks/Normal/Normal (1451)_mask.png,,train,Normal,Normal,Normal,True,False,512,512,RGB,,,True,0.0,False
Train/Normal/Normal (1452).png,Train_masks/Normal/Normal (1452)_mask.png,,train,Normal,Normal,Normal,True,False,512,512,RGB,,,True,0.0,False
Train/Normal/Normal (1453).png,Train_masks/Normal/Normal (1453)_mask.png,,train,Normal,Normal,Normal,True,False,512,512,RGB,,,True,0.0,False
Train/Normal/Normal (1454).png,Train_masks/Normal/Normal (1454)_mask.png,,train,Normal,Normal,Normal,True,False,512,512,RGB,,,True,0.0,False
Train/Normal/Normal (1455).png,Train_masks/Normal/Normal (1455)_mask.png,,train,Normal,Normal,Normal,True,False,512,512,RGB,,,True,0.0,False
Train/Normal/Normal (1456).png,Train_masks/Normal/Normal (1456)_mask.png,,train,Normal,Normal,Normal,True,False,512,512,RGB,,,True,0.0,False
Train/Normal/Normal (1457).png,Train_masks/Normal/Normal (1457)_mask.png,,train,Normal,Normal,Normal,True,False,512,512,RGB,,,True,0.0,False
Train/Normal/Normal (1458).png,Train_masks/Normal/Normal (1458)_mask.png,,train,Normal,Normal,Normal,True,False,512,512,RGB,,,True,0.0,False
Train/Normal/Normal (1459).png,Train_masks/Normal/Normal (1459)_mask.png,,train,Normal,Normal,Normal,True,False,512,512,RGB,,,True,0.0,False
Train/Normal/Normal (1460).png,Train_masks/Normal/Normal (1460)_mask.png,,train,Normal,Normal,Normal,True,False,512,512,RGB,,,True,0.0,False
Train/Normal/Normal (1461).png,Train_masks/Normal/Normal (1461)_mask.png,,train,Normal,Normal,Normal,True,False,512,512,RGB,,,True,0.0,False
Train/Normal/Normal (1462).png,Train_masks/Normal/Normal (1462)_mask.png,,train,Normal,Normal,Normal,True,False,512,512,RGB,,,True,0.0,False
Train/Normal/Normal (1463).png,Train_masks/Normal/Normal (1463)_mask.png,,train,Normal,Normal,Normal,True,False,512,512,RGB,,,True,0.0,False
Train/Normal/Normal (1464).png,Train_masks/Normal/Normal (1464)_mask.png,,train,Normal,Normal,Normal,True,False,512,512,RGB,,,True,0.0,False
Train/Normal/Normal (1465).png,Train_masks/Normal/Normal (1465)_mask.png,,train,Normal,Normal,Normal,True,False,512,512,RGB,,,True,0.0,False
Train/Normal/Normal (1466).png,Train_masks/Normal/Normal (1466)_mask.png,,train,Normal,Normal,Normal,True,False,512,512,RGB,,,True,0.0,False
Train/Normal/Normal (1467).png,Train_masks/Normal/Normal (1467)_mask.png,,train,Normal,Normal,Normal,True,False,512,512,RGB,,,True,0.0,False
Train/Normal/Normal (1468).png,Train_masks/Normal/Normal (1468)_mask.png,,train,Normal,Normal,Normal,True,False,512,512,RGB,,,True,0.0,False
Train/Normal/Normal (1469).png,Train_masks/Normal/Normal (1469)_mask.png,,train,Normal,Normal,Normal,True,False,512,512,RGB,,,True,0.0,False
Train/Normal/Normal (1470).png,Train_masks/Normal/Normal (1470)_mask.png,,train,Normal,Normal,Normal,True,False,512,512,RGB,,,True,0.0,False
Train/Normal/Normal (1471).png,Train_masks/Normal/Normal (1471)_mask.png,,train,Normal,Normal,Normal,True,False,512,512,RGB,,,True,0.0,False
Train/Normal/Normal (1472).png,Train_masks/Normal/Normal (1472)_mask.png,,train,Normal,Normal,Normal,True,False,512,512,RGB,,,True,0.0,False
Train/Normal/Normal (1473).png,Train_masks/Normal/Normal (1473)_mask.png,,train,Normal,Normal,Normal,True,False,512,512,RGB,,,True,0.0,False
Train/Normal/Normal (1474).png,Train_masks/Normal/Normal (1474)_mask.png,,train,Normal,Normal,Normal,True,False,512,512,RGB,,,True,0.0,False
Train/Normal/Normal (1475).png,Train_masks/Normal/Normal (1475)_mask.png,,train,Normal,Normal,Normal,True,False,512,512,RGB,,,True,0.0,False
Train/Normal/Normal (1476).png,Train_masks/Normal/Normal (1476)_mask.png,,train,Normal,Normal,Normal,True,False,512,512,RGB,,,True,0.0,False
Train/Normal/Normal (1477).png,Train_masks/Normal/Normal (1477)_mask.png,,train,Normal,Normal,Normal,True,False,512,512,RGB,,,True,0.0,False
Train/Normal/Normal (1478).png,Train_masks/Normal/Normal (1478)_mask.png,,train,Normal,Normal,Normal,True,False,512,512,RGB,,,True,0.0,False
Train/Normal/Normal (1479).png,Train_masks/Normal/Normal (1479)_mask.png,,train,Normal,Normal,Normal,True,False,512,512,RGB,,,True,0.0,False
Train/Normal/Normal (1480).png,Train_masks/Normal/Normal (1480)_mask.png,,train,Normal,Normal,Normal,True,False,512,512,RGB,,,True,0.0,False
Train/Normal/Normal (1481).png,Train_masks/Normal/Normal (1481)_mask.png,,train,Normal,Normal,Normal,True,False,512,512,RGB,,,True,0.0,False
Train/Normal/Normal (1482).png,Train_masks/Normal/Normal (1482)_mask.png,,train,Normal,Normal,Normal,True,False,512,512,RGB,,,True,0.0,False
Train/Normal/Normal (1483).png,Train_masks/Normal/Normal (1483)_mask.png,,train,Normal,Normal,Normal,True,False,512,512,RGB,,,True,0.0,False
Train/Normal/Normal (1484).png,Train_masks/Normal/Normal (1484)_mask.png,,train,Normal,Normal,Normal,True,False,512,512,RGB,,,True,0.0,False
Train/Normal/Normal (1485).png,Train_masks/Normal/Normal (1485)_mask.png,,train,Normal,Normal,Normal,True,False,512,512,RGB,,,True,0.0,False
Train/Normal/Normal (1486).png,Train_masks/Normal/Normal (1486)_mask.png,,train,Normal,Normal,Normal,True,False,512,512,RGB,,,True,0.0,False
Train/Normal/Normal (1487).png,Train_masks/Normal/Normal (1487)_mask.png,,train,Normal,Normal,Normal,True,False,512,512,RGB,,,True,0.0,False
Train/Normal/Normal (1488).png,Train_masks/Normal/Normal (1488)_mask.png,,train,Normal,Normal,Normal,True,False,512,512,RGB,,,True,0.0,False
Train/Normal/Normal (1489).png,Train_masks/Normal/Normal (1489)_mask.png,,train,Normal,Normal,Normal,True,False,512,512,RGB,,,True,0.0,False
Train/Normal/Normal (1490).png,Train_masks/Normal/Normal (1490)_mask.png,,train,Normal,Normal,Normal,True,False,512,512,RGB,,,True,0.0,False
Train/Normal/Normal (1491).png,Train_masks/Normal/Normal (1491)_mask.png,,train,Normal,Normal,Normal,True,False,512,512,RGB,,,True,0.0,False
Train/Normal/Normal (1492).png,Train_masks/Normal/Normal (1492)_mask.png,,train,Normal,Normal,Normal,True,False,512,512,RGB,,,True,0.0,False
Train/Normal/Normal (1493).png,Train_masks/Normal/Normal (1493)_mask.png,,train,Normal,Normal,Normal,True,False,512,512,RGB,,,True,0.0,False
Train/Normal/Normal (1494).png,Train_masks/Normal/Normal (1494)_mask.png,,train,Normal,Normal,Normal,True,False,512,512,RGB,,,True,0.0,False
Train/Normal/Normal (1495).png,Train_masks/Normal/Normal (1495)_mask.png,,train,Normal,Normal,Normal,True,False,512,512,RGB,,,True,0.0,False
Train/Normal/Normal (1496).png,Train_masks/Normal/Normal (1496)_mask.png,,train,Normal,Normal,Normal,True,False,512,512,RGB,,,True,0.0,False
Train/Normal/Normal (1497).png,Train_masks/Normal/Normal (1497)_mask.png,,train,Normal,Normal,Normal,True,False,512,512,RGB,,,True,0.0,False
Train/Normal/Normal (1498).png,Train_masks/Normal/Normal (1498)_mask.png,,train,Normal,Normal,Normal,True,False,512,512,RGB,,,True,0.0,False
Train/Normal/Normal (1499).png,Train_masks/Normal/Normal (1499)_mask.png,,train,Normal,Normal,Normal,True,False,512,512,RGB,,,True,0.0,False
Train/Normal/Normal (1500).png,Train_masks/Normal/Normal (1500)_mask.png,,train,Normal,Normal,Normal,True,False,512,512,RGB,,,True,0.0,False
Train/Normal/Normal (1501).png,Train_masks/Normal/Normal (1501)_mask.png,,train,Normal,Normal,Normal,True,False,512,512,RGB,,,True,0.0,False
Train/Normal/Normal (1502).png,Train_masks/Normal/Normal (1502)_mask.png,,train,Normal,Normal,Normal,True,False,512,512,RGB,,,True,0.0,False
Train/Normal/Normal (1503).png,Train_masks/Normal/Normal (1503)_mask.png,,train,Normal,Normal,Normal,True,False,512,512,RGB,,,True,0.0,False
Train/Normal/Normal (1504).png,Train_masks/Normal/Normal (1504)_mask.png,,train,Normal,Normal,Normal,True,False,512,512,RGB,,,True,0.0,False
Train/Normal/Normal (1505).png,Train_masks/Normal/Normal (1505)_mask.png,,train,Normal,Normal,Normal,True,False,512,512,RGB,,,True,0.0,False
Train/Normal/Normal (1506).png,Train_masks/Normal/Normal (1506)_mask.png,,train,Normal,Normal,Normal,True,False,512,512,RGB,,,True,0.0,False
Train/Normal/Normal (1507).png,Train_masks/Normal/Normal (1507)_mask.png,,train,Normal,Normal,Normal,True,False,512,512,RGB,,,True,0.0,False
Train/Normal/Normal (1508).png,Train_masks/Normal/Normal (1508)_mask.png,,train,Normal,Normal,Normal,True,False,512,512,RGB,,,True,0.0,False
Train/Normal/Normal (1509).png,Train_masks/Normal/Normal (1509)_mask.png,,train,Normal,Normal,Normal,True,False,512,512,RGB,,,True,0.0,False
Train/Normal/Normal (1510).png,Train_masks/Normal/Normal (1510)_mask.png,,train,Normal,Normal,Normal,True,False,512,512,RGB,,,True,0.0,False
Train/Normal/Normal (1511).png,Train_masks/Normal/Normal (1511)_mask.png,,train,Normal,Normal,Normal,True,False,512,512,RGB,,,True,0.0,False
Train/Normal/Normal (1512).png,Train_masks/Normal/Normal (1512)_mask.png,,train,Normal,Normal,Normal,True,False,512,512,RGB,,,True,0.0,False
Train/Normal/Normal (1513).png,Train_masks/Normal/Normal (1513)_mask.png,,train,Normal,Normal,Normal,True,False,512,512,RGB,,,True,0.0,False
Train/Normal/Normal (1514).png,Train_masks/Normal/Normal (1514)_mask.png,,train,Normal,Normal,Normal,True,False,512,512,RGB,,,True,0.0,False
Train/Normal/Normal (1515).png,Train_masks/Normal/Normal (1515)_mask.png,,train,Normal,Normal,Normal,True,False,512,512,RGB,,,True,0.0,False
Train/Normal/Normal (1516).png,Train_masks/Normal/Normal (1516)_mask.png,,train,Normal,Normal,Normal,True,False,512,512,RGB,,,True,0.0,False
Train/Normal/Normal (1517).png,Train_masks/Normal/Normal (1517)_mask.png,,train,Normal,Normal,Normal,True,False,512,512,RGB,,,True,0.0,False
Train/Normal/Normal (1518).png,Train_masks/Normal/Normal (1518)_mask.png,,train,Normal,Normal,Normal,True,False,512,512,RGB,,,True,0.0,False
Train/Normal/Normal (1519).png,Train_masks/Normal/Normal (1519)_mask.png,,train,Normal,Normal,Normal,True,False,512,512,RGB,,,True,0.0,False
Train/Normal/Normal (1520).png,Train_masks/Normal/Normal (1520)_mask.png,,train,Normal,Normal,Normal,True,False,512,512,RGB,,,True,0.0,False
Train/Normal/Normal (1521).png,Train_masks/Normal/Normal (1521)_mask.png,,train,Normal,Normal,Normal,True,False,512,512,RGB,,,True,0.0,False
Train/Normal/Normal (1522).png,Train_masks/Normal/Normal (1522)_mask.png,,train,Normal,Normal,Normal,True,False,512,512,RGB,,,True,0.0,False
Train/Normal/Normal (1523).png,Train_masks/Normal/Normal (1523)_mask.png,,train,Normal,Normal,Normal,True,False,512,512,RGB,,,True,0.0,False
Train/Normal/Normal (1524).png,Train_masks/Normal/Normal (1524)_mask.png,,train,Normal,Normal,Normal,True,False,512,512,RGB,,,True,0.0,False
Train/Normal/Normal (1525).png,Train_masks/Normal/Normal (1525)_mask.png,,train,Normal,Normal,Normal,True,False,512,512,RGB,,,True,0.0,False
Train/Normal/Normal (1526).png,Train_masks/Normal/Normal (1526)_mask.png,,train,Normal,Normal,Normal,True,False,512,512,RGB,,,True,0.0,False
Train/Normal/Normal (1527).png,Train_masks/Normal/Normal (1527)_mask.png,,train,Normal,Normal,Normal,True,False,512,512,RGB,,,True,0.0,False
Train/Normal/Normal (1528).png,Train_masks/Normal/Normal (1528)_mask.png,,train,Normal,Normal,Normal,True,False,512,512,RGB,,,True,0.0,False
Train/Normal/Normal (1529).png,Train_masks/Normal/Normal (1529)_mask.png,,train,Normal,Normal,Normal,True,False,512,512,RGB,,,True,0.0,False
Train/Normal/Normal (1530).png,Train_masks/Normal/Normal (1530)_mask.png,,train,Normal,Normal,Normal,True,False,512,512,RGB,,,True,0.0,False
Train/Normal/Normal (1531).png,Train_masks/Normal/Normal (1531)_mask.png,,train,Normal,Normal,Normal,True,False,512,512,RGB,,,True,0.0,False
Train/Normal/Normal (1532).png,Train_masks/Normal/Normal (1532)_mask.png,,train,Normal,Normal,Normal,True,False,512,512,RGB,,,True,0.0,False
Train/Normal/Normal (1533).png,Train_masks/Normal/Normal (1533)_mask.png,,train,Normal,Normal,Normal,True,False,512,512,RGB,,,True,0.0,False
Train/Normal/Normal (1534).png,Train_masks/Normal/Normal (1534)_mask.png,,train,Normal,Normal,Normal,True,False,512,512,RGB,,,True,0.0,False
Train/Normal/Normal (1535).png,Train_masks/Normal/Normal (1535)_mask.png,,train,Normal,Normal,Normal,True,False,512,512,RGB,,,True,0.0,False
Train/Normal/Normal (1536).png,Train_masks/Normal/Normal (1536)_mask.png,,train,Normal,Normal,Normal,True,False,512,512,RGB,,,True,0.0,False
Train/Normal/Normal (1537).png,Train_masks/Normal/Normal (1537)_mask.png,,train,Normal,Normal,Normal,True,False,512,512,RGB,,,True,0.0,False
Train/Normal/Normal (1538).png,Train_masks/Normal/Normal (1538)_mask.png,,train,Normal,Normal,Normal,True,False,512,512,RGB,,,True,0.0,False
Train/Normal/Normal (1539).png,Train_masks/Normal/Normal (1539)_mask.png,,train,Normal,Normal,Normal,True,False,512,512,RGB,,,True,0.0,False
Train/Normal/Normal (1540).png,Train_masks/Normal/Normal (1540)_mask.png,,train,Normal,Normal,Normal,True,False,512,512,RGB,,,True,0.0,False
Train/Normal/Normal (1541).png,Train_masks/Normal/Normal (1541)_mask.png,,train,Normal,Normal,Normal,True,False,512,512,RGB,,,True,0.0,False
Train/Normal/Normal (1542).png,Train_masks/Normal/Normal (1542)_mask.png,,train,Normal,Normal,Normal,True,False,512,512,RGB,,,True,0.0,False
Train/Normal/Normal (1543).png,Train_masks/Normal/Normal (1543)_mask.png,,train,Normal,Normal,Normal,True,False,512,512,RGB,,,True,0.0,False
Train/Normal/Normal (1544).png,Train_masks/Normal/Normal (1544)_mask.png,,train,Normal,Normal,Normal,True,False,512,512,RGB,,,True,0.0,False
Train/Normal/Normal (1545).png,Train_masks/Normal/Normal (1545)_mask.png,,train,Normal,Normal,Normal,True,False,512,512,RGB,,,True,0.0,False
Train/Normal/Normal (1546).png,Train_masks/Normal/Normal (1546)_mask.png,,train,Normal,Normal,Normal,True,False,512,512,RGB,,,True,0.0,False
Train/Normal/Normal (1547).png,Train_masks/Normal/Normal (1547)_mask.png,,train,Normal,Normal,Normal,True,False,512,512,RGB,,,True,0.0,False
Train/Normal/Normal (1548).png,Train_masks/Normal/Normal (1548)_mask.png,,train,Normal,Normal,Normal,True,False,512,512,RGB,,,True,0.0,False
Train/Normal/Normal (1549).png,Train_masks/Normal/Normal (1549)_mask.png,,train,Normal,Normal,Normal,True,False,512,512,RGB,,,True,0.0,False
Train/Normal/Normal (1550).png,Train_masks/Normal/Normal (1550)_mask.png,,train,Normal,Normal,Normal,True,False,512,512,RGB,,,True,0.0,False
Train/Normal/Normal (1551).png,Train_masks/Normal/Normal (1551)_mask.png,,train,Normal,Normal,Normal,True,False,512,512,RGB,,,True,0.0,False
Train/Normal/Normal (1552).png,Train_masks/Normal/Normal (1552)_mask.png,,train,Normal,Normal,Normal,True,False,512,512,RGB,,,True,0.0,False
Train/Normal/Normal (1553).png,Train_masks/Normal/Normal (1553)_mask.png,,train,Normal,Normal,Normal,True,False,512,512,RGB,,,True,0.0,False
Train/Normal/Normal (1554).png,Train_masks/Normal/Normal (1554)_mask.png,,train,Normal,Normal,Normal,True,False,512,512,RGB,,,True,0.0,False
Train/Normal/Normal (1555).png,Train_masks/Normal/Normal (1555)_mask.png,,train,Normal,Normal,Normal,True,False,512,512,RGB,,,True,0.0,False
Train/Normal/Normal (1556).png,Train_masks/Normal/Normal (1556)_mask.png,,train,Normal,Normal,Normal,True,False,512,512,RGB,,,True,0.0,False
Train/Normal/Normal (1557).png,Train_masks/Normal/Normal (1557)_mask.png,,train,Normal,Normal,Normal,True,False,512,512,RGB,,,True,0.0,False
Train/Normal/Normal (1558).png,Train_masks/Normal/Normal (1558)_mask.png,,train,Normal,Normal,Normal,True,False,512,512,RGB,,,True,0.0,False
Train/Normal/Normal (1559).png,Train_masks/Normal/Normal (1559)_mask.png,,train,Normal,Normal,Normal,True,False,512,512,RGB,,,True,0.0,False
Train/Normal/Normal (1560).png,Train_masks/Normal/Normal (1560)_mask.png,,train,Normal,Normal,Normal,True,False,512,512,RGB,,,True,0.0,False
Train/Normal/Normal (1561).png,Train_masks/Normal/Normal (1561)_mask.png,,train,Normal,Normal,Normal,True,False,512,512,RGB,,,True,0.0,False
Train/Normal/Normal (1562).png,Train_masks/Normal/Normal (1562)_mask.png,,train,Normal,Normal,Normal,True,False,512,512,RGB,,,True,0.0,False
Train/Normal/Normal (1563).png,Train_masks/Normal/Normal (1563)_mask.png,,train,Normal,Normal,Normal,True,False,512,512,RGB,,,True,0.0,False
Train/Normal/Normal (1564).png,Train_masks/Normal/Normal (1564)_mask.png,,train,Normal,Normal,Normal,True,False,512,512,RGB,,,True,0.0,False
Train/Normal/Normal (1565).png,Train_masks/Normal/Normal (1565)_mask.png,,train,Normal,Normal,Normal,True,False,512,512,RGB,,,True,0.0,False
Train/Normal/Normal (1566).png,Train_masks/Normal/Normal (1566)_mask.png,,train,Normal,Normal,Normal,True,False,512,512,RGB,,,True,0.0,False
Train/Normal/Normal (1567).png,Train_masks/Normal/Normal (1567)_mask.png,,train,Normal,Normal,Normal,True,False,512,512,RGB,,,True,0.0,False
Train/Normal/Normal (1568).png,Train_masks/Normal/Normal (1568)_mask.png,,train,Normal,Normal,Normal,True,False,512,512,RGB,,,True,0.0,False
Train/Normal/Normal (1569).png,Train_masks/Normal/Normal (1569)_mask.png,,train,Normal,Normal,Normal,True,False,512,512,RGB,,,True,0.0,False
Train/Normal/Normal (1570).png,Train_masks/Normal/Normal (1570)_mask.png,,train,Normal,Normal,Normal,True,False,512,512,RGB,,,True,0.0,False
Train/Normal/Normal (1571).png,Train_masks/Normal/Normal (1571)_mask.png,,train,Normal,Normal,Normal,True,False,512,512,RGB,,,True,0.0,False
Train/Normal/Normal (1572).png,Train_masks/Normal/Normal (1572)_mask.png,,train,Normal,Normal,Normal,True,False,512,512,RGB,,,True,0.0,False
Train/Normal/Normal (1573).png,Train_masks/Normal/Normal (1573)_mask.png,,train,Normal,Normal,Normal,True,False,512,512,RGB,,,True,0.0,False
Train/Normal/Normal (1574).png,Train_masks/Normal/Normal (1574)_mask.png,,train,Normal,Normal,Normal,True,False,512,512,RGB,,,True,0.0,False
Train/Normal/Normal (1575).png,Train_masks/Normal/Normal (1575)_mask.png,,train,Normal,Normal,Normal,True,False,512,512,RGB,,,True,0.0,False
Train/Normal/Normal (1576).png,Train_masks/Normal/Normal (1576)_mask.png,,train,Normal,Normal,Normal,True,False,512,512,RGB,,,True,0.0,False
Train/Normal/Normal (1577).png,Train_masks/Normal/Normal (1577)_mask.png,,train,Normal,Normal,Normal,True,False,512,512,RGB,,,True,0.0,False
Train/Normal/Normal (1578).png,Train_masks/Normal/Normal (1578)_mask.png,,train,Normal,Normal,Normal,True,False,512,512,RGB,,,True,0.0,False
Train/Normal/Normal (1579).png,Train_masks/Normal/Normal (1579)_mask.png,,train,Normal,Normal,Normal,True,False,512,512,RGB,,,True,0.0,False
Train/Normal/Normal (1580).png,Train_masks/Normal/Normal (1580)_mask.png,,train,Normal,Normal,Normal,True,False,512,512,RGB,,,True,0.0,False
Train/Normal/Normal (1581).png,Train_masks/Normal/Normal (1581)_mask.png,,train,Normal,Normal,Normal,True,False,512,512,RGB,,,True,0.0,False
Train/Normal/Normal (1582).png,Train_masks/Normal/Normal (1582)_mask.png,,train,Normal,Normal,Normal,True,False,512,512,RGB,,,True,0.0,False
Train/Normal/Normal (1583).png,Train_masks/Normal/Normal (1583)_mask.png,,train,Normal,Normal,Normal,True,False,512,512,RGB,,,True,0.0,False
Train/Normal/Normal (1584).png,Train_masks/Normal/Normal (1584)_mask.png,,train,Normal,Normal,Normal,True,False,512,512,RGB,,,True,0.0,False
Train/Normal/Normal (1585).png,Train_masks/Normal/Normal (1585)_mask.png,,train,Normal,Normal,Normal,True,False,512,512,RGB,,,True,0.0,False
Train/Normal/Normal (1586).png,Train_masks/Normal/Normal (1586)_mask.png,,train,Normal,Normal,Normal,True,False,512,512,RGB,,,True,0.0,False
Train/Normal/Normal (1587).png,Train_masks/Normal/Normal (1587)_mask.png,,train,Normal,Normal,Normal,True,False,512,512,RGB,,,True,0.0,False
Train/Normal/Normal (1588).png,Train_masks/Normal/Normal (1588)_mask.png,,train,Normal,Normal,Normal,True,False,512,512,RGB,,,True,0.0,False
Train/Normal/Normal (1589).png,Train_masks/Normal/Normal (1589)_mask.png,,train,Normal,Normal,Normal,True,False,512,512,RGB,,,True,0.0,False
Train/Normal/Normal (1590).png,Train_masks/Normal/Normal (1590)_mask.png,,train,Normal,Normal,Normal,True,False,512,512,RGB,,,True,0.0,False
Train/Normal/Normal (1591).png,Train_masks/Normal/Normal (1591)_mask.png,,train,Normal,Normal,Normal,True,False,512,512,RGB,,,True,0.0,False
Train/Normal/Normal (1592).png,Train_masks/Normal/Normal (1592)_mask.png,,train,Normal,Normal,Normal,True,False,512,512,RGB,,,True,0.0,False
Train/Normal/Normal (1593).png,Train_masks/Normal/Normal (1593)_mask.png,,train,Normal,Normal,Normal,True,False,512,512,RGB,,,True,0.0,False
Train/Normal/Normal (1594).png,Train_masks/Normal/Normal (1594)_mask.png,,train,Normal,Normal,Normal,True,False,512,512,RGB,,,True,0.0,False
Train/Normal/Normal (1595).png,Train_masks/Normal/Normal (1595)_mask.png,,train,Normal,Normal,Normal,True,False,512,512,RGB,,,True,0.0,False
Train/Normal/Normal (1596).png,Train_masks/Normal/Normal (1596)_mask.png,,train,Normal,Normal,Normal,True,False,512,512,RGB,,,True,0.0,False
Train/Normal/Normal (1597).png,Train_masks/Normal/Normal (1597)_mask.png,,train,Normal,Normal,Normal,True,False,512,512,RGB,,,True,0.0,False
Train/Normal/Normal (1598).png,Train_masks/Normal/Normal (1598)_mask.png,,train,Normal,Normal,Normal,True,False,512,512,RGB,,,True,0.0,False
Train/Normal/Normal (1599).png,Train_masks/Normal/Normal (1599)_mask.png,,train,Normal,Normal,Normal,True,False,512,512,RGB,,,True,0.0,False
Train/Normal/Normal (1600).png,Train_masks/Normal/Normal (1600)_mask.png,,train,Normal,Normal,Normal,True,False,512,512,RGB,,,True,0.0,False
Train/Normal/Normal (1601).png,Train_masks/Normal/Normal (1601)_mask.png,,train,Normal,Normal,Normal,True,False,512,512,RGB,,,True,0.0,False
Train/Normal/Normal (1602).png,Train_masks/Normal/Normal (1602)_mask.png,,train,Normal,Normal,Normal,True,False,512,512,RGB,,,True,0.0,False
Train/Normal/Normal (1603).png,Train_masks/Normal/Normal (1603)_mask.png,,train,Normal,Normal,Normal,True,False,512,512,RGB,,,True,0.0,False
Train/Normal/Normal (1604).png,Train_masks/Normal/Normal (1604)_mask.png,,train,Normal,Normal,Normal,True,False,512,512,RGB,,,True,0.0,False
Train/Normal/Normal (1605).png,Train_masks/Normal/Normal (1605)_mask.png,,train,Normal,Normal,Normal,True,False,512,512,RGB,,,True,0.0,False
Train/Normal/Normal (1606).png,Train_masks/Normal/Normal (1606)_mask.png,,train,Normal,Normal,Normal,True,False,512,512,RGB,,,True,0.0,False
Train/Normal/Normal (1607).png,Train_masks/Normal/Normal (1607)_mask.png,,train,Normal,Normal,Normal,True,False,512,512,RGB,,,True,0.0,False
Train/Normal/Normal (1608).png,Train_masks/Normal/Normal (1608)_mask.png,,train,Normal,Normal,Normal,True,False,512,512,RGB,,,True,0.0,False
Train/Normal/Normal (1609).png,Train_masks/Normal/Normal (1609)_mask.png,,train,Normal,Normal,Normal,True,False,512,512,RGB,,,True,0.0,False
Train/Normal/Normal (1610).png,Train_masks/Normal/Normal (1610)_mask.png,,train,Normal,Normal,Normal,True,False,512,512,RGB,,,True,0.0,False
Train/Normal/Normal (1611).png,Train_masks/Normal/Normal (1611)_mask.png,,train,Normal,Normal,Normal,True,False,512,512,RGB,,,True,0.0,False
Train/Normal/Normal (1612).png,Train_masks/Normal/Normal (1612)_mask.png,,train,Normal,Normal,Normal,True,False,512,512,RGB,,,True,0.0,False
Train/Normal/Normal (1613).png,Train_masks/Normal/Normal (1613)_mask.png,,train,Normal,Normal,Normal,True,False,512,512,RGB,,,True,0.0,False
Train/Normal/Normal (1614).png,Train_masks/Normal/Normal (1614)_mask.png,,train,Normal,Normal,Normal,True,False,512,512,RGB,,,True,0.0,False
Train/Normal/Normal (1615).png,Train_masks/Normal/Normal (1615)_mask.png,,train,Normal,Normal,Normal,True,False,512,512,RGB,,,True,0.0,False
Train/Normal/Normal (1616).png,Train_masks/Normal/Normal (1616)_mask.png,,train,Normal,Normal,Normal,True,False,512,512,RGB,,,True,0.0,False
Train/Normal/Normal (1617).png,Train_masks/Normal/Normal (1617)_mask.png,,train,Normal,Normal,Normal,True,False,512,512,RGB,,,True,0.0,False
Train/Normal/Normal (1618).png,Train_masks/Normal/Normal (1618)_mask.png,,train,Normal,Normal,Normal,True,False,512,512,RGB,,,True,0.0,False
Train/Normal/Normal (1619).png,Train_masks/Normal/Normal (1619)_mask.png,,train,Normal,Normal,Normal,True,False,512,512,RGB,,,True,0.0,False
Train/Normal/Normal (1620).png,Train_masks/Normal/Normal (1620)_mask.png,,train,Normal,Normal,Normal,True,False,512,512,RGB,,,True,0.0,False
Train/Normal/Normal (1621).png,Train_masks/Normal/Normal (1621)_mask.png,,train,Normal,Normal,Normal,True,False,512,512,RGB,,,True,0.0,False
Train/Normal/Normal (1622).png,Train_masks/Normal/Normal (1622)_mask.png,,train,Normal,Normal,Normal,True,False,512,512,RGB,,,True,0.0,False
Train/Normal/Normal (1623).png,Train_masks/Normal/Normal (1623)_mask.png,,train,Normal,Normal,Normal,True,False,512,512,RGB,,,True,0.0,False
Train/Normal/Normal (1624).png,Train_masks/Normal/Normal (1624)_mask.png,,train,Normal,Normal,Normal,True,False,512,512,RGB,,,True,0.0,False
Train/Normal/Normal (1625).png,Train_masks/Normal/Normal (1625)_mask.png,,train,Normal,Normal,Normal,True,False,512,512,RGB,,,True,0.0,False
Train/Normal/Normal (1626).png,Train_masks/Normal/Normal (1626)_mask.png,,train,Normal,Normal,Normal,True,False,512,512,RGB,,,True,0.0,False
Train/Normal/Normal (1627).png,Train_masks/Normal/Normal (1627)_mask.png,,train,Normal,Normal,Normal,True,False,512,512,RGB,,,True,0.0,False
Train/Normal/Normal (1628).png,Train_masks/Normal/Normal (1628)_mask.png,,train,Normal,Normal,Normal,True,False,512,512,RGB,,,True,0.0,False
Train/Normal/Normal (1629).png,Train_masks/Normal/Normal (1629)_mask.png,,train,Normal,Normal,Normal,True,False,512,512,RGB,,,True,0.0,False
Train/Normal/Normal (1630).png,Train_masks/Normal/Normal (1630)_mask.png,,train,Normal,Normal,Normal,True,False,512,512,RGB,,,True,0.0,False
Train/Normal/Normal (1631).png,Train_masks/Normal/Normal (1631)_mask.png,,train,Normal,Normal,Normal,True,False,512,512,RGB,,,True,0.0,False
Train/Normal/Normal (1632).png,Train_masks/Normal/Normal (1632)_mask.png,,train,Normal,Normal,Normal,True,False,512,512,RGB,,,True,0.0,False
Train/Normal/Normal (1633).png,Train_masks/Normal/Normal (1633)_mask.png,,train,Normal,Normal,Normal,True,False,512,512,RGB,,,True,0.0,False
Train/Normal/Normal (1634).png,Train_masks/Normal/Normal (1634)_mask.png,,train,Normal,Normal,Normal,True,False,512,512,RGB,,,True,0.0,False
Train/Normal/Normal (1635).png,Train_masks/Normal/Normal (1635)_mask.png,,train,Normal,Normal,Normal,True,False,512,512,RGB,,,True,0.0,False
Train/Normal/Normal (1636).png,Train_masks/Normal/Normal (1636)_mask.png,,train,Normal,Normal,Normal,True,False,512,512,RGB,,,True,0.0,False
Train/Normal/Normal (1637).png,Train_masks/Normal/Normal (1637)_mask.png,,train,Normal,Normal,Normal,True,False,512,512,RGB,,,True,0.0,False
Train/Normal/Normal (1638).png,Train_masks/Normal/Normal (1638)_mask.png,,train,Normal,Normal,Normal,True,False,512,512,RGB,,,True,0.0,False
Train/Normal/Normal (1639).png,Train_masks/Normal/Normal (1639)_mask.png,,train,Normal,Normal,Normal,True,False,512,512,RGB,,,True,0.0,False
Train/Normal/Normal (1640).png,Train_masks/Normal/Normal (1640)_mask.png,,train,Normal,Normal,Normal,True,False,512,512,RGB,,,True,0.0,False
Train/Normal/Normal (1641).png,Train_masks/Normal/Normal (1641)_mask.png,,train,Normal,Normal,Normal,True,False,512,512,RGB,,,True,0.0,False
Train/Normal/Normal (1642).png,Train_masks/Normal/Normal (1642)_mask.png,,train,Normal,Normal,Normal,True,False,512,512,RGB,,,True,0.0,False
Train/Normal/Normal (1643).png,Train_masks/Normal/Normal (1643)_mask.png,,train,Normal,Normal,Normal,True,False,512,512,RGB,,,True,0.0,False
Train/Normal/Normal (1644).png,Train_masks/Normal/Normal (1644)_mask.png,,train,Normal,Normal,Normal,True,False,512,512,RGB,,,True,0.0,False
Train/Normal/Normal (1645).png,Train_masks/Normal/Normal (1645)_mask.png,,train,Normal,Normal,Normal,True,False,512,512,RGB,,,True,0.0,False
Train/Normal/Normal (1646).png,Train_masks/Normal/Normal (1646)_mask.png,,train,Normal,Normal,Normal,True,False,512,512,RGB,,,True,0.0,False
Train/Normal/Normal (1647).png,Train_masks/Normal/Normal (1647)_mask.png,,train,Normal,Normal,Normal,True,False,512,512,RGB,,,True,0.0,False
Train/Normal/Normal (1648).png,Train_masks/Normal/Normal (1648)_mask.png,,train,Normal,Normal,Normal,True,False,512,512,RGB,,,True,0.0,False
Train/Normal/Normal (1649).png,Train_masks/Normal/Normal (1649)_mask.png,,train,Normal,Normal,Normal,True,False,512,512,RGB,,,True,0.0,False
Train/Normal/Normal (1650).png,Train_masks/Normal/Normal (1650)_mask.png,,train,Normal,Normal,Normal,True,False,512,512,RGB,,,True,0.0,False
Train/Normal/Normal (1651).png,Train_masks/Normal/Normal (1651)_mask.png,,train,Normal,Normal,Normal,True,False,512,512,RGB,,,True,0.0,False
Train/Normal/Normal (1652).png,Train_masks/Normal/Normal (1652)_mask.png,,train,Normal,Normal,Normal,True,False,512,512,RGB,,,True,0.0,False
Train/Normal/Normal (1653).png,Train_masks/Normal/Normal (1653)_mask.png,,train,Normal,Normal,Normal,True,False,512,512,RGB,,,True,0.0,False
Train/Normal/Normal (1654).png,Train_masks/Normal/Normal (1654)_mask.png,,train,Normal,Normal,Normal,True,False,512,512,RGB,,,True,0.0,False
Train/Normal/Normal (1655).png,Train_masks/Normal/Normal (1655)_mask.png,,train,Normal,Normal,Normal,True,False,512,512,RGB,,,True,0.0,False
Train/Normal/Normal (1656).png,Train_masks/Normal/Normal (1656)_mask.png,,train,Normal,Normal,Normal,True,False,512,512,RGB,,,True,0.0,False
Train/Normal/Normal (1657).png,Train_masks/Normal/Normal (1657)_mask.png,,train,Normal,Normal,Normal,True,False,512,512,RGB,,,True,0.0,False
Train/Normal/Normal (1658).png,Train_masks/Normal/Normal (1658)_mask.png,,train,Normal,Normal,Normal,True,False,512,512,RGB,,,True,0.0,False
Train/Normal/Normal (1659).png,Train_masks/Normal/Normal (1659)_mask.png,,train,Normal,Normal,Normal,True,False,512,512,RGB,,,True,0.0,False
Train/Normal/Normal (1660).png,Train_masks/Normal/Normal (1660)_mask.png,,train,Normal,Normal,Normal,True,False,512,512,RGB,,,True,0.0,False
Train/Normal/Normal (1661).png,Train_masks/Normal/Normal (1661)_mask.png,,train,Normal,Normal,Normal,True,False,512,512,RGB,,,True,0.0,False
Train/Normal/Normal (1662).png,Train_masks/Normal/Normal (1662)_mask.png,,train,Normal,Normal,Normal,True,False,512,512,RGB,,,True,0.0,False
Train/Normal/Normal (1663).png,Train_masks/Normal/Normal (1663)_mask.png,,train,Normal,Normal,Normal,True,False,512,512,RGB,,,True,0.0,False
Train/Normal/Normal (1664).png,Train_masks/Normal/Normal (1664)_mask.png,,train,Normal,Normal,Normal,True,False,512,512,RGB,,,True,0.0,False
Train/Normal/Normal (1665).png,Train_masks/Normal/Normal (1665)_mask.png,,train,Normal,Normal,Normal,True,False,512,512,RGB,,,True,0.0,False
Train/Normal/Normal (1666).png,Train_masks/Normal/Normal (1666)_mask.png,,train,Normal,Normal,Normal,True,False,512,512,RGB,,,True,0.0,False
Train/Normal/Normal (1667).png,Train_masks/Normal/Normal (1667)_mask.png,,train,Normal,Normal,Normal,True,False,512,512,RGB,,,True,0.0,False
Train/Normal/Normal (1668).png,Train_masks/Normal/Normal (1668)_mask.png,,train,Normal,Normal,Normal,True,False,512,512,RGB,,,True,0.0,False
Train/Normal/Normal (1669).png,Train_masks/Normal/Normal (1669)_mask.png,,train,Normal,Normal,Normal,True,False,512,512,RGB,,,True,0.0,False
Train/Normal/Normal (1670).png,Train_masks/Normal/Normal (1670)_mask.png,,train,Normal,Normal,Normal,True,False,512,512,RGB,,,True,0.0,False
Train/Normal/Normal (1671).png,Train_masks/Normal/Normal (1671)_mask.png,,train,Normal,Normal,Normal,True,False,512,512,RGB,,,True,0.0,False
Train/Normal/Normal (1672).png,Train_masks/Normal/Normal (1672)_mask.png,,train,Normal,Normal,Normal,True,False,512,512,RGB,,,True,0.0,False
Train/Normal/Normal (1673).png,Train_masks/Normal/Normal (1673)_mask.png,,train,Normal,Normal,Normal,True,False,512,512,RGB,,,True,0.0,False
Train/Normal/Normal (1674).png,Train_masks/Normal/Normal (1674)_mask.png,,train,Normal,Normal,Normal,True,False,512,512,RGB,,,True,0.0,False
Train/Normal/Normal (1675).png,Train_masks/Normal/Normal (1675)_mask.png,,train,Normal,Normal,Normal,True,False,512,512,RGB,,,True,0.0,False
Train/Normal/Normal (1676).png,Train_masks/Normal/Normal (1676)_mask.png,,train,Normal,Normal,Normal,True,False,512,512,RGB,,,True,0.0,False
Train/Normal/Normal (1677).png,Train_masks/Normal/Normal (1677)_mask.png,,train,Normal,Normal,Normal,True,False,512,512,RGB,,,True,0.0,False
Train/Normal/Normal (1678).png,Train_masks/Normal/Normal (1678)_mask.png,,train,Normal,Normal,Normal,True,False,512,512,RGB,,,True,0.0,False
Train/Normal/Normal (1679).png,Train_masks/Normal/Normal (1679)_mask.png,,train,Normal,Normal,Normal,True,False,512,512,RGB,,,True,0.0,False
Train/Normal/Normal (1680).png,Train_masks/Normal/Normal (1680)_mask.png,,train,Normal,Normal,Normal,True,False,512,512,RGB,,,True,0.0,False
Train/Normal/Normal (1681).png,Train_masks/Normal/Normal (1681)_mask.png,,train,Normal,Normal,Normal,True,False,512,512,RGB,,,True,0.0,False
Train/Normal/Normal (1682).png,Train_masks/Normal/Normal (1682)_mask.png,,train,Normal,Normal,Normal,True,False,512,512,RGB,,,True,0.0,False
Train/Normal/Normal (1683).png,Train_masks/Normal/Normal (1683)_mask.png,,train,Normal,Normal,Normal,True,False,512,512,RGB,,,True,0.0,False
Train/Normal/Normal (1684).png,Train_masks/Normal/Normal (1684)_mask.png,,train,Normal,Normal,Normal,True,False,512,512,RGB,,,True,0.0,False
Train/Normal/Normal (1685).png,Train_masks/Normal/Normal (1685)_mask.png,,train,Normal,Normal,Normal,True,False,512,512,RGB,,,True,0.0,False
Train/Normal/Normal (1686).png,Train_masks/Normal/Normal (1686)_mask.png,,train,Normal,Normal,Normal,True,False,512,512,RGB,,,True,0.0,False
Train/Normal/Normal (1687).png,Train_masks/Normal/Normal (1687)_mask.png,,train,Normal,Normal,Normal,True,False,512,512,RGB,,,True,0.0,False
Train/Normal/Normal (1688).png,Train_masks/Normal/Normal (1688)_mask.png,,train,Normal,Normal,Normal,True,False,512,512,RGB,,,True,0.0,False
Train/Normal/Normal (1689).png,Train_masks/Normal/Normal (1689)_mask.png,,train,Normal,Normal,Normal,True,False,512,512,RGB,,,True,0.0,False
Train/Normal/Normal (1690).png,Train_masks/Normal/Normal (1690)_mask.png,,train,Normal,Normal,Normal,True,False,512,512,RGB,,,True,0.0,False
Train/Normal/Normal (1691).png,Train_masks/Normal/Normal (1691)_mask.png,,train,Normal,Normal,Normal,True,False,512,512,RGB,,,True,0.0,False
Train/Normal/Normal (1692).png,Train_masks/Normal/Normal (1692)_mask.png,,train,Normal,Normal,Normal,True,False,512,512,RGB,,,True,0.0,False
Train/Normal/Normal (1693).png,Train_masks/Normal/Normal (1693)_mask.png,,train,Normal,Normal,Normal,True,False,512,512,RGB,,,True,0.0,False
Train/Normal/Normal (1694).png,Train_masks/Normal/Normal (1694)_mask.png,,train,Normal,Normal,Normal,True,False,512,512,RGB,,,True,0.0,False
Train/Normal/Normal (1695).png,Train_masks/Normal/Normal (1695)_mask.png,,train,Normal,Normal,Normal,True,False,512,512,RGB,,,True,0.0,False
Train/Normal/Normal (1696).png,Train_masks/Normal/Normal (1696)_mask.png,,train,Normal,Normal,Normal,True,False,512,512,RGB,,,True,0.0,False
Train/Normal/Normal (1697).png,Train_masks/Normal/Normal (1697)_mask.png,,train,Normal,Normal,Normal,True,False,512,512,RGB,,,True,0.0,False
Train/Normal/Normal (1698).png,Train_masks/Normal/Normal (1698)_mask.png,,train,Normal,Normal,Normal,True,False,512,512,RGB,,,True,0.0,False
Train/Normal/Normal (1699).png,Train_masks/Normal/Normal (1699)_mask.png,,train,Normal,Normal,Normal,True,False,512,512,RGB,,,True,0.0,False
Train/Normal/Normal (1700).png,Train_masks/Normal/Normal (1700)_mask.png,,train,Normal,Normal,Normal,True,False,512,512,RGB,,,True,0.0,False
Train/Normal/Normal (1701).png,Train_masks/Normal/Normal (1701)_mask.png,,train,Normal,Normal,Normal,True,False,512,512,RGB,,,True,0.0,False
Train/Normal/Normal (1702).png,Train_masks/Normal/Normal (1702)_mask.png,,train,Normal,Normal,Normal,True,False,512,512,RGB,,,True,0.0,False
Train/Normal/Normal (1703).png,Train_masks/Normal/Normal (1703)_mask.png,,train,Normal,Normal,Normal,True,False,512,512,RGB,,,True,0.0,False
Train/Normal/Normal (1704).png,Train_masks/Normal/Normal (1704)_mask.png,,train,Normal,Normal,Normal,True,False,512,512,RGB,,,True,0.0,False
Train/Normal/Normal (1705).png,Train_masks/Normal/Normal (1705)_mask.png,,train,Normal,Normal,Normal,True,False,512,512,RGB,,,True,0.0,False
Train/Normal/Normal (1706).png,Train_masks/Normal/Normal (1706)_mask.png,,train,Normal,Normal,Normal,True,False,512,512,RGB,,,True,0.0,False
Train/Normal/Normal (1707).png,Train_masks/Normal/Normal (1707)_mask.png,,train,Normal,Normal,Normal,True,False,512,512,RGB,,,True,0.0,False
Train/Normal/Normal (1708).png,Train_masks/Normal/Normal (1708)_mask.png,,train,Normal,Normal,Normal,True,False,512,512,RGB,,,True,0.0,False
Train/Normal/Normal (1709).png,Train_masks/Normal/Normal (1709)_mask.png,,train,Normal,Normal,Normal,True,False,512,512,RGB,,,True,0.0,False
Train/Normal/Normal (1710).png,Train_masks/Normal/Normal (1710)_mask.png,,train,Normal,Normal,Normal,True,False,512,512,RGB,,,True,0.0,False
Train/Normal/Normal (1711).png,Train_masks/Normal/Normal (1711)_mask.png,,train,Normal,Normal,Normal,True,False,512,512,RGB,,,True,0.0,False
Train/Normal/Normal (1712).png,Train_masks/Normal/Normal (1712)_mask.png,,train,Normal,Normal,Normal,True,False,512,512,RGB,,,True,0.0,False
Train/Normal/Normal (1713).png,Train_masks/Normal/Normal (1713)_mask.png,,train,Normal,Normal,Normal,True,False,512,512,RGB,,,True,0.0,False
Train/Normal/Normal (1714).png,Train_masks/Normal/Normal (1714)_mask.png,,train,Normal,Normal,Normal,True,False,512,512,RGB,,,True,0.0,False
Train/Normal/Normal (1715).png,Train_masks/Normal/Normal (1715)_mask.png,,train,Normal,Normal,Normal,True,False,512,512,RGB,,,True,0.0,False
Train/Normal/Normal (1716).png,Train_masks/Normal/Normal (1716)_mask.png,,train,Normal,Normal,Normal,True,False,512,512,RGB,,,True,0.0,False
Train/Normal/Normal (1717).png,Train_masks/Normal/Normal (1717)_mask.png,,train,Normal,Normal,Normal,True,False,512,512,RGB,,,True,0.0,False
Train/Normal/Normal (1718).png,Train_masks/Normal/Normal (1718)_mask.png,,train,Normal,Normal,Normal,True,False,512,512,RGB,,,True,0.0,False
Train/P1-Shukran-S4/27923c4.png,Train_masks/P1-Shukran-S4/27923c4_mask.png,Train/P1-Shukran-S4/27923c4.json,train,P1-Shukran-S4,P1-Shukran-S4,Tumor,True,True,512,512,L,1.0,Tumor,True,0.004169464111328125,False
Train/P1-Shukran-S4/27923c5.png,Train_masks/P1-Shukran-S4/27923c5_mask.png,Train/P1-Shukran-S4/27923c5.json,train,P1-Shukran-S4,P1-Shukran-S4,Tumor,True,True,512,512,L,1.0,Tumor,True,0.0052947998046875,False
Train/P1-Shukran-S4/27923c6.png,Train_masks/P1-Shukran-S4/27923c6_mask.png,Train/P1-Shukran-S4/27923c6.json,train,P1-Shukran-S4,P1-Shukran-S4,Tumor,True,True,512,512,L,1.0,Tumor,True,0.013835906982421875,False
Train/P1-Shukran-S4/27923dc.png,Train_masks/P1-Shukran-S4/27923dc_mask.png,Train/P1-Shukran-S4/27923dc.json,train,P1-Shukran-S4,P1-Shukran-S4,Tumor,True,True,512,512,L,1.0,Tumor,True,0.013652801513671875,False
Train/P1-Shukran-S4/27923dd.png,Train_masks/P1-Shukran-S4/27923dd_mask.png,Train/P1-Shukran-S4/27923dd.json,train,P1-Shukran-S4,P1-Shukran-S4,Tumor,True,True,512,512,L,1.0,Tumor,True,0.00972747802734375,False
Train/P1-Shukran-S4/27923de.png,Train_masks/P1-Shukran-S4/27923de_mask.png,Train/P1-Shukran-S4/27923de.json,train,P1-Shukran-S4,P1-Shukran-S4,Tumor,True,True,512,512,L,1.0,Tumor,True,0.010349273681640625,False
Train/P1-Shukran-S4/27923df.png,Train_masks/P1-Shukran-S4/27923df_mask.png,Train/P1-Shukran-S4/27923df.json,train,P1-Shukran-S4,P1-Shukran-S4,Tumor,True,True,512,512,L,1.0,Tumor,True,0.011219024658203125,False
Train/P1-Shukran-S4/27923e0.png,Train_masks/P1-Shukran-S4/27923e0_mask.png,Train/P1-Shukran-S4/27923e0.json,train,P1-Shukran-S4,P1-Shukran-S4,Tumor,True,True,512,512,L,1.0,Tumor,True,0.009456634521484375,False
Train/P1-Shukran-S4/27923e1.png,Train_masks/P1-Shukran-S4/27923e1_mask.png,Train/P1-Shukran-S4/27923e1.json,train,P1-Shukran-S4,P1-Shukran-S4,Tumor,True,True,512,512,L,1.0,Tumor,True,0.00754547119140625,False
Train/P1-Shukran-S4/5375a0f9.png,Train_masks/P1-Shukran-S4/5375a0f9_mask.png,Train/P1-Shukran-S4/5375a0f9.json,train,P1-Shukran-S4,P1-Shukran-S4,Tumor,True,True,512,512,L,1.0,Tumor,True,0.001354217529296875,False
Train/P1-Shukran-S4/5375a10f.png,Train_masks/P1-Shukran-S4/5375a10f_mask.png,Train/P1-Shukran-S4/5375a10f.json,train,P1-Shukran-S4,P1-Shukran-S4,Tumor,True,True,512,512,L,1.0,Tumor,True,0.001499176025390625,False
Train/P1-Shukran-S4/5375a110.png,Train_masks/P1-Shukran-S4/5375a110_mask.png,Train/P1-Shukran-S4/5375a110.json,train,P1-Shukran-S4,P1-Shukran-S4,Tumor,True,True,512,512,L,1.0,Tumor,True,0.00226593017578125,False
Train/P1-Shukran-S4/5375a111.png,Train_masks/P1-Shukran-S4/5375a111_mask.png,Train/P1-Shukran-S4/5375a111.json,train,P1-Shukran-S4,P1-Shukran-S4,Tumor,True,True,512,512,L,1.0,Tumor,True,0.002330780029296875,False
Train/P1-Shukran-S4/5375a112.png,Train_masks/P1-Shukran-S4/5375a112_mask.png,Train/P1-Shukran-S4/5375a112.json,train,P1-Shukran-S4,P1-Shukran-S4,Tumor,True,True,512,512,L,1.0,Tumor,True,0.002227783203125,False
Train/P1-Shukran-S4/5375a113.png,Train_masks/P1-Shukran-S4/5375a113_mask.png,Train/P1-Shukran-S4/5375a113.json,train,P1-Shukran-S4,P1-Shukran-S4,Tumor,True,True,512,512,L,1.0,Tumor,True,0.002262115478515625,False
Train/P1-Shukran-S4/5375a114.png,Train_masks/P1-Shukran-S4/5375a114_mask.png,Train/P1-Shukran-S4/5375a114.json,train,P1-Shukran-S4,P1-Shukran-S4,Tumor,True,True,512,512,L,1.0,Tumor,True,0.00254058837890625,False
Train/P1-Shukran-S4/5375a115.png,Train_masks/P1-Shukran-S4/5375a115_mask.png,Train/P1-Shukran-S4/5375a115.json,train,P1-Shukran-S4,P1-Shukran-S4,Tumor,True,True,512,512,L,1.0,Tumor,True,0.003093719482421875,False
Train/P1-Shukran-S4/5375a116.png,Train_masks/P1-Shukran-S4/5375a116_mask.png,Train/P1-Shukran-S4/5375a116.json,train,P1-Shukran-S4,P1-Shukran-S4,Tumor,True,True,512,512,L,1.0,Tumor,True,0.00296783447265625,False
Train/P1-Shukran-S4/5375a117.png,Train_masks/P1-Shukran-S4/5375a117_mask.png,Train/P1-Shukran-S4/5375a117.json,train,P1-Shukran-S4,P1-Shukran-S4,Tumor,True,True,512,512,L,1.0,Tumor,True,0.003742218017578125,False
Train/P1-Shukran-S4/5375a118.png,Train_masks/P1-Shukran-S4/5375a118_mask.png,Train/P1-Shukran-S4/5375a118.json,train,P1-Shukran-S4,P1-Shukran-S4,Tumor,True,True,512,512,L,1.0,Tumor,True,0.0040435791015625,False
Train/P1-Shukran-S4/5375a3b9.png,Train_masks/P1-Shukran-S4/5375a3b9_mask.png,Train/P1-Shukran-S4/5375a3b9.json,train,P1-Shukran-S4,P1-Shukran-S4,Tumor,True,True,512,512,L,1.0,Tumor,True,0.0042572021484375,False
Train/P1-Shukran-S4/5375a3ba.png,Train_masks/P1-Shukran-S4/5375a3ba_mask.png,Train/P1-Shukran-S4/5375a3ba.json,train,P1-Shukran-S4,P1-Shukran-S4,Tumor,True,True,512,512,L,1.0,Tumor,True,0.0044708251953125,False
Train/P1-Shukran-S4/5375a3bb.png,Train_masks/P1-Shukran-S4/5375a3bb_mask.png,Train/P1-Shukran-S4/5375a3bb.json,train,P1-Shukran-S4,P1-Shukran-S4,Tumor,True,True,512,512,L,1.0,Tumor,True,0.004665374755859375,False
Train/P1-Shukran-S4/5375a3bc.png,Train_masks/P1-Shukran-S4/5375a3bc_mask.png,Train/P1-Shukran-S4/5375a3bc.json,train,P1-Shukran-S4,P1-Shukran-S4,Tumor,True,True,512,512,L,1.0,Tumor,True,0.0044708251953125,False
Train/P1-Shukran-S4/5375a3bd.png,Train_masks/P1-Shukran-S4/5375a3bd_mask.png,Train/P1-Shukran-S4/5375a3bd.json,train,P1-Shukran-S4,P1-Shukran-S4,Tumor,True,True,512,512,L,1.0,Tumor,True,0.00464630126953125,False
Train/P1-Shukran-S4/5375a3be.png,Train_masks/P1-Shukran-S4/5375a3be_mask.png,Train/P1-Shukran-S4/5375a3be.json,train,P1-Shukran-S4,P1-Shukran-S4,Tumor,True,True,512,512,L,1.0,Tumor,True,0.004608154296875,False
Train/P1-Shukran-S4/5375a3bf.png,Train_masks/P1-Shukran-S4/5375a3bf_mask.png,Train/P1-Shukran-S4/5375a3bf.json,train,P1-Shukran-S4,P1-Shukran-S4,Tumor,True,True,512,512,L,1.0,Tumor,True,0.004993438720703125,False
Train/P1-Shukran-S4/5375a3c0.png,Train_masks/P1-Shukran-S4/5375a3c0_mask.png,Train/P1-Shukran-S4/5375a3c0.json,train,P1-Shukran-S4,P1-Shukran-S4,Tumor,True,True,512,512,L,1.0,Tumor,True,0.005329132080078125,False
Train/P1-Shukran-S4/5375a3c1.png,Train_masks/P1-Shukran-S4/5375a3c1_mask.png,Train/P1-Shukran-S4/5375a3c1.json,train,P1-Shukran-S4,P1-Shukran-S4,Tumor,True,True,512,512,L,1.0,Tumor,True,0.005401611328125,False
Train/P1-Shukran-S4/5375a3c2.png,Train_masks/P1-Shukran-S4/5375a3c2_mask.png,Train/P1-Shukran-S4/5375a3c2.json,train,P1-Shukran-S4,P1-Shukran-S4,Tumor,True,True,512,512,L,1.0,Tumor,True,0.004749298095703125,False
Train/P1-Shukran-S4/5375a3d8.png,Train_masks/P1-Shukran-S4/5375a3d8_mask.png,Train/P1-Shukran-S4/5375a3d8.json,train,P1-Shukran-S4,P1-Shukran-S4,Tumor,True,True,512,512,L,1.0,Tumor,True,0.006076812744140625,False
Train/P1-Shukran-S4/5375a3d9.png,Train_masks/P1-Shukran-S4/5375a3d9_mask.png,Train/P1-Shukran-S4/5375a3d9.json,train,P1-Shukran-S4,P1-Shukran-S4,Tumor,True,True,512,512,L,1.0,Tumor,True,0.005847930908203125,False
Train/P1-Shukran-S4/5375a3da.png,Train_masks/P1-Shukran-S4/5375a3da_mask.png,Train/P1-Shukran-S4/5375a3da.json,train,P1-Shukran-S4,P1-Shukran-S4,Tumor,True,True,512,512,L,1.0,Tumor,True,0.005611419677734375,False
Train/P1-Shukran-S4/5375a3db.png,Train_masks/P1-Shukran-S4/5375a3db_mask.png,Train/P1-Shukran-S4/5375a3db.json,train,P1-Shukran-S4,P1-Shukran-S4,Tumor,True,True,512,512,L,1.0,Tumor,True,0.0060577392578125,False
Train/P1-Shukran-S4/5375a3dc.png,Train_masks/P1-Shukran-S4/5375a3dc_mask.png,Train/P1-Shukran-S4/5375a3dc.json,train,P1-Shukran-S4,P1-Shukran-S4,Tumor,True,True,512,512,L,1.0,Tumor,True,0.003147125244140625,False
Train/P1-Shukran-S4/5375a3dd.png,Train_masks/P1-Shukran-S4/5375a3dd_mask.png,Train/P1-Shukran-S4/5375a3dd.json,train,P1-Shukran-S4,P1-Shukran-S4,Tumor,True,True,512,512,L,1.0,Tumor,True,0.005962371826171875,False
Train/P1-Shukran-S4/5375a3de.png,Train_masks/P1-Shukran-S4/5375a3de_mask.png,Train/P1-Shukran-S4/5375a3de.json,train,P1-Shukran-S4,P1-Shukran-S4,Tumor,True,True,512,512,L,1.0,Tumor,True,0.005237579345703125,False
Train/P1-Shukran-S4/5375a3df.png,Train_masks/P1-Shukran-S4/5375a3df_mask.png,Train/P1-Shukran-S4/5375a3df.json,train,P1-Shukran-S4,P1-Shukran-S4,Tumor,True,True,512,512,L,1.0,Tumor,True,0.00501251220703125,False
Train/P1-Shukran-S4/5375a3e0.png,Train_masks/P1-Shukran-S4/5375a3e0_mask.png,Train/P1-Shukran-S4/5375a3e0.json,train,P1-Shukran-S4,P1-Shukran-S4,Tumor,True,True,512,512,L,1.0,Tumor,True,0.003856658935546875,False
Train/P1-Shukran-S4/5375a3e1.png,Train_masks/P1-Shukran-S4/5375a3e1_mask.png,Train/P1-Shukran-S4/5375a3e1.json,train,P1-Shukran-S4,P1-Shukran-S4,Tumor,True,True,512,512,L,1.0,Tumor,True,0.004878997802734375,False
Train/P1-Shukran-S4/5375a3f7.png,Train_masks/P1-Shukran-S4/5375a3f7_mask.png,Train/P1-Shukran-S4/5375a3f7.json,train,P1-Shukran-S4,P1-Shukran-S4,Tumor,True,True,512,512,L,1.0,Tumor,True,0.004756927490234375,False
Train/P1-Shukran-S4/5375a3f8.png,Train_masks/P1-Shukran-S4/5375a3f8_mask.png,Train/P1-Shukran-S4/5375a3f8.json,train,P1-Shukran-S4,P1-Shukran-S4,Tumor,True,True,512,512,L,1.0,Tumor,True,0.005035400390625,False
Train/P1-Shukran-S4/5375a3f9.png,Train_masks/P1-Shukran-S4/5375a3f9_mask.png,Train/P1-Shukran-S4/5375a3f9.json,train,P1-Shukran-S4,P1-Shukran-S4,Tumor,True,True,512,512,L,1.0,Tumor,True,0.00505828857421875,False
Train/P1-Shukran-S4/5375a3fa.png,Train_masks/P1-Shukran-S4/5375a3fa_mask.png,Train/P1-Shukran-S4/5375a3fa.json,train,P1-Shukran-S4,P1-Shukran-S4,Tumor,True,True,512,512,L,1.0,Tumor,True,0.004756927490234375,False
Train/P1-Shukran-S4/5375a3fb.png,Train_masks/P1-Shukran-S4/5375a3fb_mask.png,Train/P1-Shukran-S4/5375a3fb.json,train,P1-Shukran-S4,P1-Shukran-S4,Tumor,True,True,512,512,L,1.0,Tumor,True,0.0040740966796875,False
Train/P1-Shukran-S4/5375a3fc.png,Train_masks/P1-Shukran-S4/5375a3fc_mask.png,Train/P1-Shukran-S4/5375a3fc.json,train,P1-Shukran-S4,P1-Shukran-S4,Tumor,True,True,512,512,L,1.0,Tumor,True,0.009735107421875,False
Train/P1-Shukran-S4/5375a3fd.png,Train_masks/P1-Shukran-S4/5375a3fd_mask.png,Train/P1-Shukran-S4/5375a3fd.json,train,P1-Shukran-S4,P1-Shukran-S4,Tumor,True,True,512,512,L,1.0,Tumor,True,0.003932952880859375,False
Train/P1-Shukran-S4/5375a3fe.png,Train_masks/P1-Shukran-S4/5375a3fe_mask.png,Train/P1-Shukran-S4/5375a3fe.json,train,P1-Shukran-S4,P1-Shukran-S4,Tumor,True,True,512,512,L,1.0,Tumor,True,0.012599945068359375,False
Train/P1-Shukran-S4/5375a3ff.png,Train_masks/P1-Shukran-S4/5375a3ff_mask.png,Train/P1-Shukran-S4/5375a3ff.json,train,P1-Shukran-S4,P1-Shukran-S4,Tumor,True,True,512,512,L,1.0,Tumor,True,0.01163482666015625,False
Train/P1-Shukran-S4/5375a400.png,Train_masks/P1-Shukran-S4/5375a400_mask.png,Train/P1-Shukran-S4/5375a400.json,train,P1-Shukran-S4,P1-Shukran-S4,Tumor,True,True,512,512,L,1.0,Tumor,True,0.01227569580078125,False
Train/P1-Shukran-S4/5375a416.png,Train_masks/P1-Shukran-S4/5375a416_mask.png,Train/P1-Shukran-S4/5375a416.json,train,P1-Shukran-S4,P1-Shukran-S4,Tumor,True,True,512,512,L,1.0,Tumor,True,0.012939453125,False
Train/P1-Shukran-S4/5375a417.png,Train_masks/P1-Shukran-S4/5375a417_mask.png,Train/P1-Shukran-S4/5375a417.json,train,P1-Shukran-S4,P1-Shukran-S4,Tumor,True,True,512,512,L,1.0,Tumor,True,0.0116729736328125,False
Train/P1-Shukran-S4/5375a418.png,Train_masks/P1-Shukran-S4/5375a418_mask.png,Train/P1-Shukran-S4/5375a418.json,train,P1-Shukran-S4,P1-Shukran-S4,Tumor,True,True,512,512,L,1.0,Tumor,True,0.01183319091796875,False
Train/P1-Shukran-S4/5375a419.png,Train_masks/P1-Shukran-S4/5375a419_mask.png,Train/P1-Shukran-S4/5375a419.json,train,P1-Shukran-S4,P1-Shukran-S4,Tumor,True,True,512,512,L,1.0,Tumor,True,0.012302398681640625,False
Train/P1-Shukran-S4/5375a41a.png,Train_masks/P1-Shukran-S4/5375a41a_mask.png,Train/P1-Shukran-S4/5375a41a.json,train,P1-Shukran-S4,P1-Shukran-S4,Tumor,True,True,512,512,L,1.0,Tumor,True,0.0111236572265625,False
Train/P1-Shukran-S4/5375a41b.png,Train_masks/P1-Shukran-S4/5375a41b_mask.png,Train/P1-Shukran-S4/5375a41b.json,train,P1-Shukran-S4,P1-Shukran-S4,Tumor,True,True,512,512,L,1.0,Tumor,True,0.009983062744140625,False
Train/P1-Shukran-S4/5375a41c.png,Train_masks/P1-Shukran-S4/5375a41c_mask.png,Train/P1-Shukran-S4/5375a41c.json,train,P1-Shukran-S4,P1-Shukran-S4,Tumor,True,True,512,512,L,1.0,Tumor,True,0.011363983154296875,False
Train/P1-Shukran-S4/5375a41d.png,Train_masks/P1-Shukran-S4/5375a41d_mask.png,Train/P1-Shukran-S4/5375a41d.json,train,P1-Shukran-S4,P1-Shukran-S4,Tumor,True,True,512,512,L,1.0,Tumor,True,0.008914947509765625,False
Train/P1-Shukran-S4/5375a41e.png,Train_masks/P1-Shukran-S4/5375a41e_mask.png,Train/P1-Shukran-S4/5375a41e.json,train,P1-Shukran-S4,P1-Shukran-S4,Tumor,True,True,512,512,L,1.0,Tumor,True,0.009090423583984375,False
Train/P1-Shukran-S4/5375a41f.png,Train_masks/P1-Shukran-S4/5375a41f_mask.png,Train/P1-Shukran-S4/5375a41f.json,train,P1-Shukran-S4,P1-Shukran-S4,Tumor,True,True,512,512,L,1.0,Tumor,True,0.00981903076171875,False
Train/P1-Shukran-S4/5375a435.png,Train_masks/P1-Shukran-S4/5375a435_mask.png,Train/P1-Shukran-S4/5375a435.json,train,P1-Shukran-S4,P1-Shukran-S4,Tumor,True,True,512,512,L,1.0,Tumor,True,0.011867523193359375,False
Train/P1-Shukran-S4/5375a436.png,Train_masks/P1-Shukran-S4/5375a436_mask.png,Train/P1-Shukran-S4/5375a436.json,train,P1-Shukran-S4,P1-Shukran-S4,Tumor,True,True,512,512,L,1.0,Tumor,True,0.01158905029296875,False
Train/P1-Shukran-S4/5375a437.png,Train_masks/P1-Shukran-S4/5375a437_mask.png,Train/P1-Shukran-S4/5375a437.json,train,P1-Shukran-S4,P1-Shukran-S4,Tumor,True,True,512,512,L,1.0,Tumor,True,0.0107269287109375,False
Train/P1-Shukran-S4/5375a438.png,Train_masks/P1-Shukran-S4/5375a438_mask.png,Train/P1-Shukran-S4/5375a438.json,train,P1-Shukran-S4,P1-Shukran-S4,Tumor,True,True,512,512,L,1.0,Tumor,True,0.009487152099609375,False
Train/P1-Shukran-S4/5375a439.png,Train_masks/P1-Shukran-S4/5375a439_mask.png,Train/P1-Shukran-S4/5375a439.json,train,P1-Shukran-S4,P1-Shukran-S4,Tumor,True,True,512,512,L,1.0,Tumor,True,0.00982666015625,False
Train/P1-Shukran-S4/5375a43a.png,Train_masks/P1-Shukran-S4/5375a43a_mask.png,Train/P1-Shukran-S4/5375a43a.json,train,P1-Shukran-S4,P1-Shukran-S4,Tumor,True,True,512,512,L,1.0,Tumor,True,0.010223388671875,False
Train/P1-Shukran-S4/5375a43b.png,Train_masks/P1-Shukran-S4/5375a43b_mask.png,Train/P1-Shukran-S4/5375a43b.json,train,P1-Shukran-S4,P1-Shukran-S4,Tumor,True,True,512,512,L,1.0,Tumor,True,0.010356903076171875,False
Train/P1-Shukran-S4/5375a43c.png,Train_masks/P1-Shukran-S4/5375a43c_mask.png,Train/P1-Shukran-S4/5375a43c.json,train,P1-Shukran-S4,P1-Shukran-S4,Tumor,True,True,512,512,L,1.0,Tumor,True,0.009578704833984375,False
Train/P1-Shukran-S4/5375a43d.png,Train_masks/P1-Shukran-S4/5375a43d_mask.png,Train/P1-Shukran-S4/5375a43d.json,train,P1-Shukran-S4,P1-Shukran-S4,Tumor,True,True,512,512,L,1.0,Tumor,True,0.00922393798828125,False
Train/P1-Shukran-S4/5375a43e.png,Train_masks/P1-Shukran-S4/5375a43e_mask.png,Train/P1-Shukran-S4/5375a43e.json,train,P1-Shukran-S4,P1-Shukran-S4,Tumor,True,True,512,512,L,1.0,Tumor,True,0.008380889892578125,False
Train/P1-Shukran-S4/5375a454.png,Train_masks/P1-Shukran-S4/5375a454_mask.png,Train/P1-Shukran-S4/5375a454.json,train,P1-Shukran-S4,P1-Shukran-S4,Tumor,True,True,512,512,L,1.0,Tumor,True,0.009220123291015625,False
Train/P1-Shukran-S4/5375a455.png,Train_masks/P1-Shukran-S4/5375a455_mask.png,Train/P1-Shukran-S4/5375a455.json,train,P1-Shukran-S4,P1-Shukran-S4,Tumor,True,True,512,512,L,1.0,Tumor,True,0.010181427001953125,False
Train/P1-Shukran-S4/5375a456.png,Train_masks/P1-Shukran-S4/5375a456_mask.png,Train/P1-Shukran-S4/5375a456.json,train,P1-Shukran-S4,P1-Shukran-S4,Tumor,True,True,512,512,L,1.0,Tumor,True,0.00982666015625,False
Train/P1-Shukran-S4/5375a457.png,Train_masks/P1-Shukran-S4/5375a457_mask.png,Train/P1-Shukran-S4/5375a457.json,train,P1-Shukran-S4,P1-Shukran-S4,Tumor,True,True,512,512,L,1.0,Tumor,True,0.01024627685546875,False
Train/P1-Shukran-S4/5375a458.png,Train_masks/P1-Shukran-S4/5375a458_mask.png,Train/P1-Shukran-S4/5375a458.json,train,P1-Shukran-S4,P1-Shukran-S4,Tumor,True,True,512,512,L,1.0,Tumor,True,0.009929656982421875,False
Train/P1-Shukran-S4/5375a459.png,Train_masks/P1-Shukran-S4/5375a459_mask.png,Train/P1-Shukran-S4/5375a459.json,train,P1-Shukran-S4,P1-Shukran-S4,Tumor,True,True,512,512,L,1.0,Tumor,True,0.009906768798828125,False
Train/P1-Shukran-S4/5375a45a.png,Train_masks/P1-Shukran-S4/5375a45a_mask.png,Train/P1-Shukran-S4/5375a45a.json,train,P1-Shukran-S4,P1-Shukran-S4,Tumor,True,True,512,512,L,1.0,Tumor,True,0.009937286376953125,False
Train/P1-Shukran-S4/5375a45b.png,Train_masks/P1-Shukran-S4/5375a45b_mask.png,Train/P1-Shukran-S4/5375a45b.json,train,P1-Shukran-S4,P1-Shukran-S4,Tumor,True,True,512,512,L,1.0,Tumor,True,0.00868988037109375,False
Train/P1-Shukran-S4/5375a45c.png,Train_masks/P1-Shukran-S4/5375a45c_mask.png,Train/P1-Shukran-S4/5375a45c.json,train,P1-Shukran-S4,P1-Shukran-S4,Tumor,True,True,512,512,L,1.0,Tumor,True,0.009502410888671875,False
Train/P1-Shukran-S4/5375a45d.png,Train_masks/P1-Shukran-S4/5375a45d_mask.png,Train/P1-Shukran-S4/5375a45d.json,train,P1-Shukran-S4,P1-Shukran-S4,Tumor,True,True,512,512,L,1.0,Tumor,True,0.00940704345703125,False
Train/P1-Shukran-S4/5375a473.png,Train_masks/P1-Shukran-S4/5375a473_mask.png,Train/P1-Shukran-S4/5375a473.json,train,P1-Shukran-S4,P1-Shukran-S4,Tumor,True,True,512,512,L,1.0,Tumor,True,0.00873565673828125,False
Train/P1-Shukran-S4/5375a474.png,Train_masks/P1-Shukran-S4/5375a474_mask.png,Train/P1-Shukran-S4/5375a474.json,train,P1-Shukran-S4,P1-Shukran-S4,Tumor,True,True,512,512,L,1.0,Tumor,True,0.007633209228515625,False
Train/P1-Shukran-S4/5375a475.png,Train_masks/P1-Shukran-S4/5375a475_mask.png,Train/P1-Shukran-S4/5375a475.json,train,P1-Shukran-S4,P1-Shukran-S4,Tumor,True,True,512,512,L,1.0,Tumor,True,0.008106231689453125,False
Train/P1-Shukran-S4/5375a476.png,Train_masks/P1-Shukran-S4/5375a476_mask.png,Train/P1-Shukran-S4/5375a476.json,train,P1-Shukran-S4,P1-Shukran-S4,Tumor,True,True,512,512,L,1.0,Tumor,True,0.007579803466796875,False
Train/P1-Shukran-S4/5375a477.png,Train_masks/P1-Shukran-S4/5375a477_mask.png,Train/P1-Shukran-S4/5375a477.json,train,P1-Shukran-S4,P1-Shukran-S4,Tumor,True,True,512,512,L,1.0,Tumor,True,0.007892608642578125,False
Train/P1-Shukran-S4/5375a478.png,Train_masks/P1-Shukran-S4/5375a478_mask.png,Train/P1-Shukran-S4/5375a478.json,train,P1-Shukran-S4,P1-Shukran-S4,Tumor,True,True,512,512,L,1.0,Tumor,True,0.006450653076171875,False
Train/P1-Shukran-S4/5375a479.png,Train_masks/P1-Shukran-S4/5375a479_mask.png,Train/P1-Shukran-S4/5375a479.json,train,P1-Shukran-S4,P1-Shukran-S4,Tumor,True,True,512,512,L,1.0,Tumor,True,0.007595062255859375,False
Train/P1-Shukran-S4/5375a47a.png,Train_masks/P1-Shukran-S4/5375a47a_mask.png,Train/P1-Shukran-S4/5375a47a.json,train,P1-Shukran-S4,P1-Shukran-S4,Tumor,True,True,512,512,L,1.0,Tumor,True,0.00769805908203125,False
Train/P1-Shukran-S4/5375a47b.png,Train_masks/P1-Shukran-S4/5375a47b_mask.png,Train/P1-Shukran-S4/5375a47b.json,train,P1-Shukran-S4,P1-Shukran-S4,Tumor,True,True,512,512,L,1.0,Tumor,True,0.007038116455078125,False
Train/P1-Shukran-S4/5375a47c.png,Train_masks/P1-Shukran-S4/5375a47c_mask.png,Train/P1-Shukran-S4/5375a47c.json,train,P1-Shukran-S4,P1-Shukran-S4,Tumor,True,True,512,512,L,1.0,Tumor,True,0.007450103759765625,False
Train/P1-Shukran-S4/5375a492.png,Train_masks/P1-Shukran-S4/5375a492_mask.png,Train/P1-Shukran-S4/5375a492.json,train,P1-Shukran-S4,P1-Shukran-S4,Tumor,True,True,512,512,L,1.0,Tumor,True,0.007137298583984375,False
Train/P1-Shukran-S4/5375a493.png,Train_masks/P1-Shukran-S4/5375a493_mask.png,Train/P1-Shukran-S4/5375a493.json,train,P1-Shukran-S4,P1-Shukran-S4,Tumor,True,True,512,512,L,1.0,Tumor,True,0.006404876708984375,False
Train/P1-Shukran-S4/5375a494.png,Train_masks/P1-Shukran-S4/5375a494_mask.png,Train/P1-Shukran-S4/5375a494.json,train,P1-Shukran-S4,P1-Shukran-S4,Tumor,True,True,512,512,L,1.0,Tumor,True,0.006622314453125,False
Train/P1-Shukran-S4/5375a495.png,Train_masks/P1-Shukran-S4/5375a495_mask.png,Train/P1-Shukran-S4/5375a495.json,train,P1-Shukran-S4,P1-Shukran-S4,Tumor,True,True,512,512,L,1.0,Tumor,True,0.006206512451171875,False
Train/P1-Shukran-S4/5375a496.png,Train_masks/P1-Shukran-S4/5375a496_mask.png,Train/P1-Shukran-S4/5375a496.json,train,P1-Shukran-S4,P1-Shukran-S4,Tumor,True,True,512,512,L,1.0,Tumor,True,0.00626373291015625,False
Train/P1-Shukran-S4/5375a497.png,Train_masks/P1-Shukran-S4/5375a497_mask.png,Train/P1-Shukran-S4/5375a497.json,train,P1-Shukran-S4,P1-Shukran-S4,Tumor,True,True,512,512,L,1.0,Tumor,True,0.006824493408203125,False
Train/P1-Shukran-S4/5375a498.png,Train_masks/P1-Shukran-S4/5375a498_mask.png,Train/P1-Shukran-S4/5375a498.json,train,P1-Shukran-S4,P1-Shukran-S4,Tumor,True,True,512,512,L,1.0,Tumor,True,0.005962371826171875,False
Train/P1-Shukran-S4/5375a499.png,Train_masks/P1-Shukran-S4/5375a499_mask.png,Train/P1-Shukran-S4/5375a499.json,train,P1-Shukran-S4,P1-Shukran-S4,Tumor,True,True,512,512,L,1.0,Tumor,True,0.00592803955078125,False
Train/P1-Shukran-S4/5375a49a.png,Train_masks/P1-Shukran-S4/5375a49a_mask.png,Train/P1-Shukran-S4/5375a49a.json,train,P1-Shukran-S4,P1-Shukran-S4,Tumor,True,True,512,512,L,1.0,Tumor,True,0.005619049072265625,False
Train/P1-Shukran-S4/5375a49b.png,Train_masks/P1-Shukran-S4/5375a49b_mask.png,Train/P1-Shukran-S4/5375a49b.json,train,P1-Shukran-S4,P1-Shukran-S4,Tumor,True,True,512,512,L,1.0,Tumor,True,0.005603790283203125,False
Train/P1-Shukran-S4/5391cff9.png,Train_masks/P1-Shukran-S4/5391cff9_mask.png,Train/P1-Shukran-S4/5391cff9.json,train,P1-Shukran-S4,P1-Shukran-S4,Tumor,True,True,512,512,L,1.0,Tumor,True,0.00104522705078125,False
Train/P1-Shukran-S4/5391cffa.png,Train_masks/P1-Shukran-S4/5391cffa_mask.png,Train/P1-Shukran-S4/5391cffa.json,train,P1-Shukran-S4,P1-Shukran-S4,Tumor,True,True,512,512,L,1.0,Tumor,True,0.00142669677734375,False
Train/P1-Shukran-S4/5391cffb.png,Train_masks/P1-Shukran-S4/5391cffb_mask.png,Train/P1-Shukran-S4/5391cffb.json,train,P1-Shukran-S4,P1-Shukran-S4,Tumor,True,True,512,512,L,1.0,Tumor,True,0.00148773193359375,False
Train/P1-Shukran-S4/5391d011.png,Train_masks/P1-Shukran-S4/5391d011_mask.png,Train/P1-Shukran-S4/5391d011.json,train,P1-Shukran-S4,P1-Shukran-S4,Tumor,True,True,512,512,L,1.0,Tumor,True,0.001491546630859375,False
Train/P1-Shukran-S4/5391d012.png,Train_masks/P1-Shukran-S4/5391d012_mask.png,Train/P1-Shukran-S4/5391d012.json,train,P1-Shukran-S4,P1-Shukran-S4,Tumor,True,True,512,512,L,1.0,Tumor,True,0.0020599365234375,False
Train/P1-Shukran-S4/5391d013.png,Train_masks/P1-Shukran-S4/5391d013_mask.png,Train/P1-Shukran-S4/5391d013.json,train,P1-Shukran-S4,P1-Shukran-S4,Tumor,True,True,512,512,L,1.0,Tumor,True,0.002044677734375,False
Train/P1-Shukran-S4/5391d014.png,Train_masks/P1-Shukran-S4/5391d014_mask.png,Train/P1-Shukran-S4/5391d014.json,train,P1-Shukran-S4,P1-Shukran-S4,Tumor,True,True,512,512,L,1.0,Tumor,True,0.002498626708984375,False
Train/P1-Shukran-S4/5391d015.png,Train_masks/P1-Shukran-S4/5391d015_mask.png,Train/P1-Shukran-S4/5391d015.json,train,P1-Shukran-S4,P1-Shukran-S4,Tumor,True,True,512,512,L,1.0,Tumor,True,0.002552032470703125,False
Train/P1-Shukran-S4/5391d016.png,Train_masks/P1-Shukran-S4/5391d016_mask.png,Train/P1-Shukran-S4/5391d016.json,train,P1-Shukran-S4,P1-Shukran-S4,Tumor,True,True,512,512,L,1.0,Tumor,True,0.002838134765625,False
Train/P1-Shukran-S4/5391d017.png,Train_masks/P1-Shukran-S4/5391d017_mask.png,Train/P1-Shukran-S4/5391d017.json,train,P1-Shukran-S4,P1-Shukran-S4,Tumor,True,True,512,512,L,1.0,Tumor,True,0.00281524658203125,False
Train/P1-Shukran-S4/5391d018.png,Train_masks/P1-Shukran-S4/5391d018_mask.png,Train/P1-Shukran-S4/5391d018.json,train,P1-Shukran-S4,P1-Shukran-S4,Tumor,True,True,512,512,L,1.0,Tumor,True,0.003498077392578125,False
Train/P1-Shukran-S4/5391d019.png,Train_masks/P1-Shukran-S4/5391d019_mask.png,Train/P1-Shukran-S4/5391d019.json,train,P1-Shukran-S4,P1-Shukran-S4,Tumor,True,True,512,512,L,1.0,Tumor,True,0.003673553466796875,False
Train/P1-Shukran-S4/5391d01a.png,Train_masks/P1-Shukran-S4/5391d01a_mask.png,Train/P1-Shukran-S4/5391d01a.json,train,P1-Shukran-S4,P1-Shukran-S4,Tumor,True,True,512,512,L,1.0,Tumor,True,0.004177093505859375,False
Train/P1-Shukran-S4/5391d2bb.png,Train_masks/P1-Shukran-S4/5391d2bb_mask.png,Train/P1-Shukran-S4/5391d2bb.json,train,P1-Shukran-S4,P1-Shukran-S4,Tumor,True,True,512,512,L,1.0,Tumor,True,0.00426483154296875,False
Train/P1-Shukran-S4/5391d2bc.png,Train_masks/P1-Shukran-S4/5391d2bc_mask.png,Train/P1-Shukran-S4/5391d2bc.json,train,P1-Shukran-S4,P1-Shukran-S4,Tumor,True,True,512,512,L,1.0,Tumor,True,0.0046844482421875,False
Train/P1-Shukran-S4/5391d2bd.png,Train_masks/P1-Shukran-S4/5391d2bd_mask.png,Train/P1-Shukran-S4/5391d2bd.json,train,P1-Shukran-S4,P1-Shukran-S4,Tumor,True,True,512,512,L,1.0,Tumor,True,0.004486083984375,False
Train/P1-Shukran-S4/5391d2be.png,Train_masks/P1-Shukran-S4/5391d2be_mask.png,Train/P1-Shukran-S4/5391d2be.json,train,P1-Shukran-S4,P1-Shukran-S4,Tumor,True,True,512,512,L,1.0,Tumor,True,0.0039825439453125,False
Train/P1-Shukran-S4/5391d2bf.png,Train_masks/P1-Shukran-S4/5391d2bf_mask.png,Train/P1-Shukran-S4/5391d2bf.json,train,P1-Shukran-S4,P1-Shukran-S4,Tumor,True,True,512,512,L,1.0,Tumor,True,0.0045928955078125,False
Train/P1-Shukran-S4/5391d2c0.png,Train_masks/P1-Shukran-S4/5391d2c0_mask.png,Train/P1-Shukran-S4/5391d2c0.json,train,P1-Shukran-S4,P1-Shukran-S4,Tumor,True,True,512,512,L,1.0,Tumor,True,0.005039215087890625,False
Train/P1-Shukran-S4/5391d2c1.png,Train_masks/P1-Shukran-S4/5391d2c1_mask.png,Train/P1-Shukran-S4/5391d2c1.json,train,P1-Shukran-S4,P1-Shukran-S4,Tumor,True,True,512,512,L,1.0,Tumor,True,0.004669189453125,False
Train/P1-Shukran-S4/5391d2c2.png,Train_masks/P1-Shukran-S4/5391d2c2_mask.png,Train/P1-Shukran-S4/5391d2c2.json,train,P1-Shukran-S4,P1-Shukran-S4,Tumor,True,True,512,512,L,1.0,Tumor,True,0.005237579345703125,False
Train/P1-Shukran-S4/5391d2c3.png,Train_masks/P1-Shukran-S4/5391d2c3_mask.png,Train/P1-Shukran-S4/5391d2c3.json,train,P1-Shukran-S4,P1-Shukran-S4,Tumor,True,True,512,512,L,1.0,Tumor,True,0.004924774169921875,False
Train/P1-Shukran-S4/5391d2c4.png,Train_masks/P1-Shukran-S4/5391d2c4_mask.png,Train/P1-Shukran-S4/5391d2c4.json,train,P1-Shukran-S4,P1-Shukran-S4,Tumor,True,True,512,512,L,1.0,Tumor,True,0.005657196044921875,False
Train/P1-Shukran-S4/5391d2da.png,Train_masks/P1-Shukran-S4/5391d2da_mask.png,Train/P1-Shukran-S4/5391d2da.json,train,P1-Shukran-S4,P1-Shukran-S4,Tumor,True,True,512,512,L,1.0,Tumor,True,0.005954742431640625,False
Train/P1-Shukran-S4/5391d2db.png,Train_masks/P1-Shukran-S4/5391d2db_mask.png,Train/P1-Shukran-S4/5391d2db.json,train,P1-Shukran-S4,P1-Shukran-S4,Tumor,True,True,512,512,L,1.0,Tumor,True,0.005695343017578125,False
Train/P1-Shukran-S4/5391d2dc.png,Train_masks/P1-Shukran-S4/5391d2dc_mask.png,Train/P1-Shukran-S4/5391d2dc.json,train,P1-Shukran-S4,P1-Shukran-S4,Tumor,True,True,512,512,L,1.0,Tumor,True,0.006275177001953125,False
Train/P1-Shukran-S4/5391d2dd.png,Train_masks/P1-Shukran-S4/5391d2dd_mask.png,Train/P1-Shukran-S4/5391d2dd.json,train,P1-Shukran-S4,P1-Shukran-S4,Tumor,True,True,512,512,L,1.0,Tumor,True,0.005657196044921875,False
Train/P1-Shukran-S4/5391d2de.png,Train_masks/P1-Shukran-S4/5391d2de_mask.png,Train/P1-Shukran-S4/5391d2de.json,train,P1-Shukran-S4,P1-Shukran-S4,Tumor,True,True,512,512,L,1.0,Tumor,True,0.005420684814453125,False
Train/P1-Shukran-S4/5391d2df.png,Train_masks/P1-Shukran-S4/5391d2df_mask.png,Train/P1-Shukran-S4/5391d2df.json,train,P1-Shukran-S4,P1-Shukran-S4,Tumor,True,True,512,512,L,1.0,Tumor,True,0.00557708740234375,False
Train/P1-Shukran-S4/5391d2e0.png,Train_masks/P1-Shukran-S4/5391d2e0_mask.png,Train/P1-Shukran-S4/5391d2e0.json,train,P1-Shukran-S4,P1-Shukran-S4,Tumor,True,True,512,512,L,1.0,Tumor,True,0.00556182861328125,False
Train/P1-Shukran-S4/5391d2e1.png,Train_masks/P1-Shukran-S4/5391d2e1_mask.png,Train/P1-Shukran-S4/5391d2e1.json,train,P1-Shukran-S4,P1-Shukran-S4,Tumor,True,True,512,512,L,1.0,Tumor,True,0.00506591796875,False
Train/P1-Shukran-S4/5391d2e2.png,Train_masks/P1-Shukran-S4/5391d2e2_mask.png,Train/P1-Shukran-S4/5391d2e2.json,train,P1-Shukran-S4,P1-Shukran-S4,Tumor,True,True,512,512,L,1.0,Tumor,True,0.00586700439453125,False
Train/P1-Shukran-S4/5391d2e3.png,Train_masks/P1-Shukran-S4/5391d2e3_mask.png,Train/P1-Shukran-S4/5391d2e3.json,train,P1-Shukran-S4,P1-Shukran-S4,Tumor,True,True,512,512,L,1.0,Tumor,True,0.00555419921875,False
Train/P1-Shukran-S4/5391d2f9.png,Train_masks/P1-Shukran-S4/5391d2f9_mask.png,Train/P1-Shukran-S4/5391d2f9.json,train,P1-Shukran-S4,P1-Shukran-S4,Tumor,True,True,512,512,L,1.0,Tumor,True,0.004619598388671875,False
Train/P1-Shukran-S4/5391d2fa.png,Train_masks/P1-Shukran-S4/5391d2fa_mask.png,Train/P1-Shukran-S4/5391d2fa.json,train,P1-Shukran-S4,P1-Shukran-S4,Tumor,True,True,512,512,L,1.0,Tumor,True,0.005126953125,False
Train/P1-Shukran-S4/5391d2fb.png,Train_masks/P1-Shukran-S4/5391d2fb_mask.png,Train/P1-Shukran-S4/5391d2fb.json,train,P1-Shukran-S4,P1-Shukran-S4,Tumor,True,True,512,512,L,1.0,Tumor,True,0.01194000244140625,False
Train/P1-Shukran-S4/5391d2fc.png,Train_masks/P1-Shukran-S4/5391d2fc_mask.png,Train/P1-Shukran-S4/5391d2fc.json,train,P1-Shukran-S4,P1-Shukran-S4,Tumor,True,True,512,512,L,1.0,Tumor,True,0.0128936767578125,False
Train/P1-Shukran-S4/5391d2fd.png,Train_masks/P1-Shukran-S4/5391d2fd_mask.png,Train/P1-Shukran-S4/5391d2fd.json,train,P1-Shukran-S4,P1-Shukran-S4,Tumor,True,True,512,512,L,1.0,Tumor,True,0.012664794921875,False
Train/P1-Shukran-S4/5391d2fe.png,Train_masks/P1-Shukran-S4/5391d2fe_mask.png,Train/P1-Shukran-S4/5391d2fe.json,train,P1-Shukran-S4,P1-Shukran-S4,Tumor,True,True,512,512,L,1.0,Tumor,True,0.01331329345703125,False
Train/P1-Shukran-S4/5391d2ff.png,Train_masks/P1-Shukran-S4/5391d2ff_mask.png,Train/P1-Shukran-S4/5391d2ff.json,train,P1-Shukran-S4,P1-Shukran-S4,Tumor,True,True,512,512,L,1.0,Tumor,True,0.01250457763671875,False
Train/P1-Shukran-S4/5391d300.png,Train_masks/P1-Shukran-S4/5391d300_mask.png,Train/P1-Shukran-S4/5391d300.json,train,P1-Shukran-S4,P1-Shukran-S4,Tumor,True,True,512,512,L,1.0,Tumor,True,0.013339996337890625,False
Train/P1-Shukran-S4/5391d301.png,Train_masks/P1-Shukran-S4/5391d301_mask.png,Train/P1-Shukran-S4/5391d301.json,train,P1-Shukran-S4,P1-Shukran-S4,Tumor,True,True,512,512,L,1.0,Tumor,True,0.013080596923828125,False
Train/P1-Shukran-S4/5391d302.png,Train_masks/P1-Shukran-S4/5391d302_mask.png,Train/P1-Shukran-S4/5391d302.json,train,P1-Shukran-S4,P1-Shukran-S4,Tumor,True,True,512,512,L,1.0,Tumor,True,0.0132293701171875,False
Train/P1-Shukran-S4/5391d318.png,Train_masks/P1-Shukran-S4/5391d318_mask.png,Train/P1-Shukran-S4/5391d318.json,train,P1-Shukran-S4,P1-Shukran-S4,Tumor,True,True,512,512,L,1.0,Tumor,True,0.01366424560546875,False
Train/P1-Shukran-S4/5391d319.png,Train_masks/P1-Shukran-S4/5391d319_mask.png,Train/P1-Shukran-S4/5391d319.json,train,P1-Shukran-S4,P1-Shukran-S4,Tumor,True,True,512,512,L,1.0,Tumor,True,0.012928009033203125,False
Train/P1-Shukran-S4/5391d31a.png,Train_masks/P1-Shukran-S4/5391d31a_mask.png,Train/P1-Shukran-S4/5391d31a.json,train,P1-Shukran-S4,P1-Shukran-S4,Tumor,True,True,512,512,L,1.0,Tumor,True,0.01020050048828125,False
Train/P1-Shukran-S4/5391d31b.png,Train_masks/P1-Shukran-S4/5391d31b_mask.png,Train/P1-Shukran-S4/5391d31b.json,train,P1-Shukran-S4,P1-Shukran-S4,Tumor,True,True,512,512,L,1.0,Tumor,True,0.01201629638671875,False
Train/P1-Shukran-S4/5391d31c.png,Train_masks/P1-Shukran-S4/5391d31c_mask.png,Train/P1-Shukran-S4/5391d31c.json,train,P1-Shukran-S4,P1-Shukran-S4,Tumor,True,True,512,512,L,1.0,Tumor,True,0.0115509033203125,False
Train/P1-Shukran-S4/5391d31d.png,Train_masks/P1-Shukran-S4/5391d31d_mask.png,Train/P1-Shukran-S4/5391d31d.json,train,P1-Shukran-S4,P1-Shukran-S4,Tumor,True,True,512,512,L,1.0,Tumor,True,0.0124359130859375,False
Train/P1-Shukran-S4/5391d31e.png,Train_masks/P1-Shukran-S4/5391d31e_mask.png,Train/P1-Shukran-S4/5391d31e.json,train,P1-Shukran-S4,P1-Shukran-S4,Tumor,True,True,512,512,L,1.0,Tumor,True,0.01210784912109375,False
Train/P1-Shukran-S4/5391d31f.png,Train_masks/P1-Shukran-S4/5391d31f_mask.png,Train/P1-Shukran-S4/5391d31f.json,train,P1-Shukran-S4,P1-Shukran-S4,Tumor,True,True,512,512,L,1.0,Tumor,True,0.01064300537109375,False
Train/P1-Shukran-S4/5391d320.png,Train_masks/P1-Shukran-S4/5391d320_mask.png,Train/P1-Shukran-S4/5391d320.json,train,P1-Shukran-S4,P1-Shukran-S4,Tumor,True,True,512,512,L,1.0,Tumor,True,0.009593963623046875,False
Train/P1-Shukran-S4/5391d321.png,Train_masks/P1-Shukran-S4/5391d321_mask.png,Train/P1-Shukran-S4/5391d321.json,train,P1-Shukran-S4,P1-Shukran-S4,Tumor,True,True,512,512,L,1.0,Tumor,True,0.01023101806640625,False
Train/P1-Shukran-S4/5391d337.png,Train_masks/P1-Shukran-S4/5391d337_mask.png,Train/P1-Shukran-S4/5391d337.json,train,P1-Shukran-S4,P1-Shukran-S4,Tumor,True,True,512,512,L,1.0,Tumor,True,0.00994873046875,False
Train/P1-Shukran-S4/5391d338.png,Train_masks/P1-Shukran-S4/5391d338_mask.png,Train/P1-Shukran-S4/5391d338.json,train,P1-Shukran-S4,P1-Shukran-S4,Tumor,True,True,512,512,L,1.0,Tumor,True,0.010921478271484375,False
Train/P1-Shukran-S4/5391d339.png,Train_masks/P1-Shukran-S4/5391d339_mask.png,Train/P1-Shukran-S4/5391d339.json,train,P1-Shukran-S4,P1-Shukran-S4,Tumor,True,True,512,512,L,1.0,Tumor,True,0.01065826416015625,False
Train/P1-Shukran-S4/5391d33a.png,Train_masks/P1-Shukran-S4/5391d33a_mask.png,Train/P1-Shukran-S4/5391d33a.json,train,P1-Shukran-S4,P1-Shukran-S4,Tumor,True,True,512,512,L,1.0,Tumor,True,0.0103912353515625,False
Train/P1-Shukran-S4/5391d33b.png,Train_masks/P1-Shukran-S4/5391d33b_mask.png,Train/P1-Shukran-S4/5391d33b.json,train,P1-Shukran-S4,P1-Shukran-S4,Tumor,True,True,512,512,L,1.0,Tumor,True,0.011554718017578125,False
Train/P1-Shukran-S4/5391d33c.png,Train_masks/P1-Shukran-S4/5391d33c_mask.png,Train/P1-Shukran-S4/5391d33c.json,train,P1-Shukran-S4,P1-Shukran-S4,Tumor,True,True,512,512,L,1.0,Tumor,True,0.010486602783203125,False
Train/P1-Shukran-S4/5391d33d.png,Train_masks/P1-Shukran-S4/5391d33d_mask.png,Train/P1-Shukran-S4/5391d33d.json,train,P1-Shukran-S4,P1-Shukran-S4,Tumor,True,True,512,512,L,1.0,Tumor,True,0.01055145263671875,False
Train/P1-Shukran-S4/5391d33e.png,Train_masks/P1-Shukran-S4/5391d33e_mask.png,Train/P1-Shukran-S4/5391d33e.json,train,P1-Shukran-S4,P1-Shukran-S4,Tumor,True,True,512,512,L,1.0,Tumor,True,0.010578155517578125,False
Train/P1-Shukran-S4/5391d33f.png,Train_masks/P1-Shukran-S4/5391d33f_mask.png,Train/P1-Shukran-S4/5391d33f.json,train,P1-Shukran-S4,P1-Shukran-S4,Tumor,True,True,512,512,L,1.0,Tumor,True,0.010425567626953125,False
Train/P1-Shukran-S4/5391d340.png,Train_masks/P1-Shukran-S4/5391d340_mask.png,Train/P1-Shukran-S4/5391d340.json,train,P1-Shukran-S4,P1-Shukran-S4,Tumor,True,True,512,512,L,1.0,Tumor,True,0.00984954833984375,False
Train/P1-Shukran-S4/5391d356.png,Train_masks/P1-Shukran-S4/5391d356_mask.png,Train/P1-Shukran-S4/5391d356.json,train,P1-Shukran-S4,P1-Shukran-S4,Tumor,True,True,512,512,L,1.0,Tumor,True,0.010326385498046875,False
Train/P1-Shukran-S4/5391d357.png,Train_masks/P1-Shukran-S4/5391d357_mask.png,Train/P1-Shukran-S4/5391d357.json,train,P1-Shukran-S4,P1-Shukran-S4,Tumor,True,True,512,512,L,1.0,Tumor,True,0.010005950927734375,False
Train/P1-Shukran-S4/5391d358.png,Train_masks/P1-Shukran-S4/5391d358_mask.png,Train/P1-Shukran-S4/5391d358.json,train,P1-Shukran-S4,P1-Shukran-S4,Tumor,True,True,512,512,L,1.0,Tumor,True,0.009265899658203125,False
Train/P1-Shukran-S4/5391d359.png,Train_masks/P1-Shukran-S4/5391d359_mask.png,Train/P1-Shukran-S4/5391d359.json,train,P1-Shukran-S4,P1-Shukran-S4,Tumor,True,True,512,512,L,1.0,Tumor,True,0.01097869873046875,False
Train/P1-Shukran-S4/5391d35a.png,Train_masks/P1-Shukran-S4/5391d35a_mask.png,Train/P1-Shukran-S4/5391d35a.json,train,P1-Shukran-S4,P1-Shukran-S4,Tumor,True,True,512,512,L,1.0,Tumor,True,0.009731292724609375,False
Train/P1-Shukran-S4/5391d35b.png,Train_masks/P1-Shukran-S4/5391d35b_mask.png,Train/P1-Shukran-S4/5391d35b.json,train,P1-Shukran-S4,P1-Shukran-S4,Tumor,True,True,512,512,L,1.0,Tumor,True,0.009387969970703125,False
Train/P1-Shukran-S4/5391d35c.png,Train_masks/P1-Shukran-S4/5391d35c_mask.png,Train/P1-Shukran-S4/5391d35c.json,train,P1-Shukran-S4,P1-Shukran-S4,Tumor,True,True,512,512,L,1.0,Tumor,True,0.008819580078125,False
Train/P1-Shukran-S4/5391d35d.png,Train_masks/P1-Shukran-S4/5391d35d_mask.png,Train/P1-Shukran-S4/5391d35d.json,train,P1-Shukran-S4,P1-Shukran-S4,Tumor,True,True,512,512,L,1.0,Tumor,True,0.008861541748046875,False
Train/P1-Shukran-S4/5391d35e.png,Train_masks/P1-Shukran-S4/5391d35e_mask.png,Train/P1-Shukran-S4/5391d35e.json,train,P1-Shukran-S4,P1-Shukran-S4,Tumor,True,True,512,512,L,1.0,Tumor,True,0.00873565673828125,False
Train/P1-Shukran-S4/5391d35f.png,Train_masks/P1-Shukran-S4/5391d35f_mask.png,Train/P1-Shukran-S4/5391d35f.json,train,P1-Shukran-S4,P1-Shukran-S4,Tumor,True,True,512,512,L,1.0,Tumor,True,0.0084686279296875,False
Train/P1-Shukran-S4/5391d375.png,Train_masks/P1-Shukran-S4/5391d375_mask.png,Train/P1-Shukran-S4/5391d375.json,train,P1-Shukran-S4,P1-Shukran-S4,Tumor,True,True,512,512,L,1.0,Tumor,True,0.00902557373046875,False
Train/P1-Shukran-S4/5391d376.png,Train_masks/P1-Shukran-S4/5391d376_mask.png,Train/P1-Shukran-S4/5391d376.json,train,P1-Shukran-S4,P1-Shukran-S4,Tumor,True,True,512,512,L,1.0,Tumor,True,0.00775146484375,False
Train/P1-Shukran-S4/5391d377.png,Train_masks/P1-Shukran-S4/5391d377_mask.png,Train/P1-Shukran-S4/5391d377.json,train,P1-Shukran-S4,P1-Shukran-S4,Tumor,True,True,512,512,L,1.0,Tumor,True,0.00724029541015625,False
Train/P1-Shukran-S4/5391d378.png,Train_masks/P1-Shukran-S4/5391d378_mask.png,Train/P1-Shukran-S4/5391d378.json,train,P1-Shukran-S4,P1-Shukran-S4,Tumor,True,True,512,512,L,1.0,Tumor,True,0.00734710693359375,False
Train/P1-Shukran-S4/5391d379.png,Train_masks/P1-Shukran-S4/5391d379_mask.png,Train/P1-Shukran-S4/5391d379.json,train,P1-Shukran-S4,P1-Shukran-S4,Tumor,True,True,512,512,L,1.0,Tumor,True,0.00707244873046875,False
Train/P1-Shukran-S4/5391d37a.png,Train_masks/P1-Shukran-S4/5391d37a_mask.png,Train/P1-Shukran-S4/5391d37a.json,train,P1-Shukran-S4,P1-Shukran-S4,Tumor,True,True,512,512,L,1.0,Tumor,True,0.007587432861328125,False
Train/P1-Shukran-S4/5391d37b.png,Train_masks/P1-Shukran-S4/5391d37b_mask.png,Train/P1-Shukran-S4/5391d37b.json,train,P1-Shukran-S4,P1-Shukran-S4,Tumor,True,True,512,512,L,1.0,Tumor,True,0.0076141357421875,False
Train/P1-Shukran-S4/5391d37c.png,Train_masks/P1-Shukran-S4/5391d37c_mask.png,Train/P1-Shukran-S4/5391d37c.json,train,P1-Shukran-S4,P1-Shukran-S4,Tumor,True,True,512,512,L,1.0,Tumor,True,0.00794219970703125,False
Train/P1-Shukran-S4/5391d37d.png,Train_masks/P1-Shukran-S4/5391d37d_mask.png,Train/P1-Shukran-S4/5391d37d.json,train,P1-Shukran-S4,P1-Shukran-S4,Tumor,True,True,512,512,L,1.0,Tumor,True,0.0078277587890625,False
Train/P1-Shukran-S4/5391d37e.png,Train_masks/P1-Shukran-S4/5391d37e_mask.png,Train/P1-Shukran-S4/5391d37e.json,train,P1-Shukran-S4,P1-Shukran-S4,Tumor,True,True,512,512,L,1.0,Tumor,True,0.007892608642578125,False
Train/P1-Shukran-S4/5391d394.png,Train_masks/P1-Shukran-S4/5391d394_mask.png,Train/P1-Shukran-S4/5391d394.json,train,P1-Shukran-S4,P1-Shukran-S4,Tumor,True,True,512,512,L,1.0,Tumor,True,0.0072784423828125,False
Train/P1-Shukran-S4/5391d395.png,Train_masks/P1-Shukran-S4/5391d395_mask.png,Train/P1-Shukran-S4/5391d395.json,train,P1-Shukran-S4,P1-Shukran-S4,Tumor,True,True,512,512,L,1.0,Tumor,True,0.006984710693359375,False
Train/P1-Shukran-S4/5391d396.png,Train_masks/P1-Shukran-S4/5391d396_mask.png,Train/P1-Shukran-S4/5391d396.json,train,P1-Shukran-S4,P1-Shukran-S4,Tumor,True,True,512,512,L,1.0,Tumor,True,0.006526947021484375,False
Train/P1-Shukran-S4/5391d397.png,Train_masks/P1-Shukran-S4/5391d397_mask.png,Train/P1-Shukran-S4/5391d397.json,train,P1-Shukran-S4,P1-Shukran-S4,Tumor,True,True,512,512,L,1.0,Tumor,True,0.0059661865234375,False
Train/P1-Shukran-S4/5391d398.png,Train_masks/P1-Shukran-S4/5391d398_mask.png,Train/P1-Shukran-S4/5391d398.json,train,P1-Shukran-S4,P1-Shukran-S4,Tumor,True,True,512,512,L,1.0,Tumor,True,0.006427764892578125,False
Train/P1-Shukran-S4/5391d399.png,Train_masks/P1-Shukran-S4/5391d399_mask.png,Train/P1-Shukran-S4/5391d399.json,train,P1-Shukran-S4,P1-Shukran-S4,Tumor,True,True,512,512,L,1.0,Tumor,True,0.00600433349609375,False
Train/P1-Shukran-S4/5391d39a.png,Train_masks/P1-Shukran-S4/5391d39a_mask.png,Train/P1-Shukran-S4/5391d39a.json,train,P1-Shukran-S4,P1-Shukran-S4,Tumor,True,True,512,512,L,1.0,Tumor,True,0.005931854248046875,False
Train/P1-Shukran-S4/5391d39b.png,Train_masks/P1-Shukran-S4/5391d39b_mask.png,Train/P1-Shukran-S4/5391d39b.json,train,P1-Shukran-S4,P1-Shukran-S4,Tumor,True,True,512,512,L,1.0,Tumor,True,0.00646209716796875,False
Train/P1-Shukran-S4/5391d39c.png,Train_masks/P1-Shukran-S4/5391d39c_mask.png,Train/P1-Shukran-S4/5391d39c.json,train,P1-Shukran-S4,P1-Shukran-S4,Tumor,True,True,512,512,L,1.0,Tumor,True,0.006511688232421875,False
Train/P1-Shukran-S4/5391d39d.png,Train_masks/P1-Shukran-S4/5391d39d_mask.png,Train/P1-Shukran-S4/5391d39d.json,train,P1-Shukran-S4,P1-Shukran-S4,Tumor,True,True,512,512,L,1.0,Tumor,True,0.00616455078125,False
Train/P1-Shukran-S4/aa85db98.png,Train_masks/P1-Shukran-S4/aa85db98_mask.png,Train/P1-Shukran-S4/aa85db98.json,train,P1-Shukran-S4,P1-Shukran-S4,Tumor,True,True,512,512,L,1.0,Tumor,True,0.001529693603515625,False
Train/P1-Shukran-S4/aa85db9a.png,Train_masks/P1-Shukran-S4/aa85db9a_mask.png,Train/P1-Shukran-S4/aa85db9a.json,train,P1-Shukran-S4,P1-Shukran-S4,Tumor,True,True,512,512,L,1.0,Tumor,True,0.00194549560546875,False
Train/P1-Shukran-S4/aa85db9b.png,Train_masks/P1-Shukran-S4/aa85db9b_mask.png,Train/P1-Shukran-S4/aa85db9b.json,train,P1-Shukran-S4,P1-Shukran-S4,Tumor,True,True,512,512,L,1.0,Tumor,True,0.00218963623046875,False
Train/P1-Shukran-S4/aa85de3c.png,Train_masks/P1-Shukran-S4/aa85de3c_mask.png,Train/P1-Shukran-S4/aa85de3c.json,train,P1-Shukran-S4,P1-Shukran-S4,Tumor,True,True,512,512,L,1.0,Tumor,True,0.002716064453125,False
Train/P1-Shukran-S4/aa85de3d.png,Train_masks/P1-Shukran-S4/aa85de3d_mask.png,Train/P1-Shukran-S4/aa85de3d.json,train,P1-Shukran-S4,P1-Shukran-S4,Tumor,True,True,512,512,L,1.0,Tumor,True,0.0027618408203125,False
Train/P1-Shukran-S4/aa85de3e.png,Train_masks/P1-Shukran-S4/aa85de3e_mask.png,Train/P1-Shukran-S4/aa85de3e.json,train,P1-Shukran-S4,P1-Shukran-S4,Tumor,True,True,512,512,L,1.0,Tumor,True,0.00279998779296875,False
Train/P1-Shukran-S4/aa85de3f.png,Train_masks/P1-Shukran-S4/aa85de3f_mask.png,Train/P1-Shukran-S4/aa85de3f.json,train,P1-Shukran-S4,P1-Shukran-S4,Tumor,True,True,512,512,L,1.0,Tumor,True,0.0034027099609375,False
Train/P1-Shukran-S4/aa85de40.png,Train_masks/P1-Shukran-S4/aa85de40_mask.png,Train/P1-Shukran-S4/aa85de40.json,train,P1-Shukran-S4,P1-Shukran-S4,Tumor,True,True,512,512,L,1.0,Tumor,True,0.013950347900390625,False
Train/P1-Shukran-S4/aa85de41.png,Train_masks/P1-Shukran-S4/aa85de41_mask.png,Train/P1-Shukran-S4/aa85de41.json,train,P1-Shukran-S4,P1-Shukran-S4,Tumor,True,True,512,512,L,1.0,Tumor,True,0.003620147705078125,False
Train/P1-Shukran-S4/aa85de42.png,Train_masks/P1-Shukran-S4/aa85de42_mask.png,Train/P1-Shukran-S4/aa85de42.json,train,P1-Shukran-S4,P1-Shukran-S4,Tumor,True,True,512,512,L,1.0,Tumor,True,0.003833770751953125,False
Train/P1-Shukran-S4/aa85de43.png,Train_masks/P1-Shukran-S4/aa85de43_mask.png,Train/P1-Shukran-S4/aa85de43.json,train,P1-Shukran-S4,P1-Shukran-S4,Tumor,True,True,512,512,L,1.0,Tumor,True,0.003971099853515625,False
Train/P1-Shukran-S4/aa85de44.png,Train_masks/P1-Shukran-S4/aa85de44_mask.png,Train/P1-Shukran-S4/aa85de44.json,train,P1-Shukran-S4,P1-Shukran-S4,Tumor,True,True,512,512,L,1.0,Tumor,True,0.00432586669921875,False
Train/P1-Shukran-S4/aa85de45.png,Train_masks/P1-Shukran-S4/aa85de45_mask.png,Train/P1-Shukran-S4/aa85de45.json,train,P1-Shukran-S4,P1-Shukran-S4,Tumor,True,True,512,512,L,1.0,Tumor,True,0.004444122314453125,False
Train/P1-Shukran-S4/aa85de5b.png,Train_masks/P1-Shukran-S4/aa85de5b_mask.png,Train/P1-Shukran-S4/aa85de5b.json,train,P1-Shukran-S4,P1-Shukran-S4,Tumor,True,True,512,512,L,1.0,Tumor,True,0.015743255615234375,False
Train/P1-Shukran-S4/aa85de5c.png,Train_masks/P1-Shukran-S4/aa85de5c_mask.png,Train/P1-Shukran-S4/aa85de5c.json,train,P1-Shukran-S4,P1-Shukran-S4,Tumor,True,True,512,512,L,1.0,Tumor,True,0.015201568603515625,False
Train/P1-Shukran-S4/aa85de5d.png,Train_masks/P1-Shukran-S4/aa85de5d_mask.png,Train/P1-Shukran-S4/aa85de5d.json,train,P1-Shukran-S4,P1-Shukran-S4,Tumor,True,True,512,512,L,1.0,Tumor,True,0.015228271484375,False
Train/P1-Shukran-S4/aa85de5e.png,Train_masks/P1-Shukran-S4/aa85de5e_mask.png,Train/P1-Shukran-S4/aa85de5e.json,train,P1-Shukran-S4,P1-Shukran-S4,Tumor,True,True,512,512,L,1.0,Tumor,True,0.015777587890625,False
Train/P1-Shukran-S4/aa85de5f.png,Train_masks/P1-Shukran-S4/aa85de5f_mask.png,Train/P1-Shukran-S4/aa85de5f.json,train,P1-Shukran-S4,P1-Shukran-S4,Tumor,True,True,512,512,L,1.0,Tumor,True,0.01601409912109375,False
Train/P1-Shukran-S4/aa85de60.png,Train_masks/P1-Shukran-S4/aa85de60_mask.png,Train/P1-Shukran-S4/aa85de60.json,train,P1-Shukran-S4,P1-Shukran-S4,Tumor,True,True,512,512,L,1.0,Tumor,True,0.004573822021484375,False
Train/P1-Shukran-S4/aa85de61.png,Train_masks/P1-Shukran-S4/aa85de61_mask.png,Train/P1-Shukran-S4/aa85de61.json,train,P1-Shukran-S4,P1-Shukran-S4,Tumor,True,True,512,512,L,1.0,Tumor,True,0.004390716552734375,False
Train/P1-Shukran-S4/aa85de62.png,Train_masks/P1-Shukran-S4/aa85de62_mask.png,Train/P1-Shukran-S4/aa85de62.json,train,P1-Shukran-S4,P1-Shukran-S4,Tumor,True,True,512,512,L,1.0,Tumor,True,0.005084991455078125,False
Train/P1-Shukran-S4/aa85de63.png,Train_masks/P1-Shukran-S4/aa85de63_mask.png,Train/P1-Shukran-S4/aa85de63.json,train,P1-Shukran-S4,P1-Shukran-S4,Tumor,True,True,512,512,L,1.0,Tumor,True,0.005619049072265625,False
Train/P1-Shukran-S4/aa85de7a.png,Train_masks/P1-Shukran-S4/aa85de7a_mask.png,Train/P1-Shukran-S4/aa85de7a.json,train,P1-Shukran-S4,P1-Shukran-S4,Tumor,True,True,512,512,L,1.0,Tumor,True,0.014007568359375,False
Train/P1-Shukran-S4/aa85de7b.png,Train_masks/P1-Shukran-S4/aa85de7b_mask.png,Train/P1-Shukran-S4/aa85de7b.json,train,P1-Shukran-S4,P1-Shukran-S4,Tumor,True,True,512,512,L,1.0,Tumor,True,0.014377593994140625,False
Train/P1-Shukran-S4/aa85de7c.png,Train_masks/P1-Shukran-S4/aa85de7c_mask.png,Train/P1-Shukran-S4/aa85de7c.json,train,P1-Shukran-S4,P1-Shukran-S4,Tumor,True,True,512,512,L,1.0,Tumor,True,0.013885498046875,False
Train/P1-Shukran-S4/aa85de7d.png,Train_masks/P1-Shukran-S4/aa85de7d_mask.png,Train/P1-Shukran-S4/aa85de7d.json,train,P1-Shukran-S4,P1-Shukran-S4,Tumor,True,True,512,512,L,1.0,Tumor,True,0.0152740478515625,False
Train/P1-Shukran-S4/aa85de7e.png,Train_masks/P1-Shukran-S4/aa85de7e_mask.png,Train/P1-Shukran-S4/aa85de7e.json,train,P1-Shukran-S4,P1-Shukran-S4,Tumor,True,True,512,512,L,1.0,Tumor,True,0.01216888427734375,False
Train/P1-Shukran-S4/aa85de7f.png,Train_masks/P1-Shukran-S4/aa85de7f_mask.png,Train/P1-Shukran-S4/aa85de7f.json,train,P1-Shukran-S4,P1-Shukran-S4,Tumor,True,True,512,512,L,1.0,Tumor,True,0.012897491455078125,False
Train/P1-Shukran-S4/aa85de80.png,Train_masks/P1-Shukran-S4/aa85de80_mask.png,Train/P1-Shukran-S4/aa85de80.json,train,P1-Shukran-S4,P1-Shukran-S4,Tumor,True,True,512,512,L,1.0,Tumor,True,0.013763427734375,False
Train/P1-Shukran-S4/aa85de81.png,Train_masks/P1-Shukran-S4/aa85de81_mask.png,Train/P1-Shukran-S4/aa85de81.json,train,P1-Shukran-S4,P1-Shukran-S4,Tumor,True,True,512,512,L,1.0,Tumor,True,0.013568878173828125,False
Train/P1-Shukran-S4/aa85de82.png,Train_masks/P1-Shukran-S4/aa85de82_mask.png,Train/P1-Shukran-S4/aa85de82.json,train,P1-Shukran-S4,P1-Shukran-S4,Tumor,True,True,512,512,L,1.0,Tumor,True,0.015079498291015625,False
Train/P1-Shukran-S4/aa85de83.png,Train_masks/P1-Shukran-S4/aa85de83_mask.png,Train/P1-Shukran-S4/aa85de83.json,train,P1-Shukran-S4,P1-Shukran-S4,Tumor,True,True,512,512,L,1.0,Tumor,True,0.014041900634765625,False
Train/P1-Shukran-S4/aa85de99.png,Train_masks/P1-Shukran-S4/aa85de99_mask.png,Train/P1-Shukran-S4/aa85de99.json,train,P1-Shukran-S4,P1-Shukran-S4,Tumor,True,True,512,512,L,1.0,Tumor,True,0.014862060546875,False
Train/P1-Shukran-S4/aa85de9a.png,Train_masks/P1-Shukran-S4/aa85de9a_mask.png,Train/P1-Shukran-S4/aa85de9a.json,train,P1-Shukran-S4,P1-Shukran-S4,Tumor,True,True,512,512,L,1.0,Tumor,True,0.014011383056640625,False
Train/P1-Shukran-S4/aa85de9b.png,Train_masks/P1-Shukran-S4/aa85de9b_mask.png,Train/P1-Shukran-S4/aa85de9b.json,train,P1-Shukran-S4,P1-Shukran-S4,Tumor,True,True,512,512,L,1.0,Tumor,True,0.01471710205078125,False
Train/P1-Shukran-S4/aa85de9c.png,Train_masks/P1-Shukran-S4/aa85de9c_mask.png,Train/P1-Shukran-S4/aa85de9c.json,train,P1-Shukran-S4,P1-Shukran-S4,Tumor,True,True,512,512,L,1.0,Tumor,True,0.01446533203125,False
Train/P1-Shukran-S4/aa85de9d.png,Train_masks/P1-Shukran-S4/aa85de9d_mask.png,Train/P1-Shukran-S4/aa85de9d.json,train,P1-Shukran-S4,P1-Shukran-S4,Tumor,True,True,512,512,L,1.0,Tumor,True,0.014862060546875,False
Train/P1-Shukran-S4/aa85de9e.png,Train_masks/P1-Shukran-S4/aa85de9e_mask.png,Train/P1-Shukran-S4/aa85de9e.json,train,P1-Shukran-S4,P1-Shukran-S4,Tumor,True,True,512,512,L,1.0,Tumor,True,0.013736724853515625,False
Train/P1-Shukran-S4/aa85de9f.png,Train_masks/P1-Shukran-S4/aa85de9f_mask.png,Train/P1-Shukran-S4/aa85de9f.json,train,P1-Shukran-S4,P1-Shukran-S4,Tumor,True,True,512,512,L,1.0,Tumor,True,0.013675689697265625,False
Train/P1-Shukran-S4/aa85dea0.png,Train_masks/P1-Shukran-S4/aa85dea0_mask.png,Train/P1-Shukran-S4/aa85dea0.json,train,P1-Shukran-S4,P1-Shukran-S4,Tumor,True,True,512,512,L,1.0,Tumor,True,0.013660430908203125,False
Train/P1-Shukran-S4/aa85dea1.png,Train_masks/P1-Shukran-S4/aa85dea1_mask.png,Train/P1-Shukran-S4/aa85dea1.json,train,P1-Shukran-S4,P1-Shukran-S4,Tumor,True,True,512,512,L,1.0,Tumor,True,0.0138092041015625,False
Train/P1-Shukran-S4/aa85dea2.png,Train_masks/P1-Shukran-S4/aa85dea2_mask.png,Train/P1-Shukran-S4/aa85dea2.json,train,P1-Shukran-S4,P1-Shukran-S4,Tumor,True,True,512,512,L,1.0,Tumor,True,0.015613555908203125,False
Train/P1-Shukran-S4/aa85deb8.png,Train_masks/P1-Shukran-S4/aa85deb8_mask.png,Train/P1-Shukran-S4/aa85deb8.json,train,P1-Shukran-S4,P1-Shukran-S4,Tumor,True,True,512,512,L,1.0,Tumor,True,0.01348876953125,False
Train/P1-Shukran-S4/aa85deb9.png,Train_masks/P1-Shukran-S4/aa85deb9_mask.png,Train/P1-Shukran-S4/aa85deb9.json,train,P1-Shukran-S4,P1-Shukran-S4,Tumor,True,True,512,512,L,1.0,Tumor,True,0.0111846923828125,False
Train/P1-Shukran-S4/aa85deba.png,Train_masks/P1-Shukran-S4/aa85deba_mask.png,Train/P1-Shukran-S4/aa85deba.json,train,P1-Shukran-S4,P1-Shukran-S4,Tumor,True,True,512,512,L,1.0,Tumor,True,0.014675140380859375,False
Train/P1-Shukran-S4/aa85debb.png,Train_masks/P1-Shukran-S4/aa85debb_mask.png,Train/P1-Shukran-S4/aa85debb.json,train,P1-Shukran-S4,P1-Shukran-S4,Tumor,True,True,512,512,L,1.0,Tumor,True,0.014865875244140625,False
Train/P1-Shukran-S4/aa85debc.png,Train_masks/P1-Shukran-S4/aa85debc_mask.png,Train/P1-Shukran-S4/aa85debc.json,train,P1-Shukran-S4,P1-Shukran-S4,Tumor,True,True,512,512,L,1.0,Tumor,True,0.0138092041015625,False
Train/P1-Shukran-S4/aa85debd.png,Train_masks/P1-Shukran-S4/aa85debd_mask.png,Train/P1-Shukran-S4/aa85debd.json,train,P1-Shukran-S4,P1-Shukran-S4,Tumor,True,True,512,512,L,1.0,Tumor,True,0.01415252685546875,False
Train/P1-Shukran-S4/aa85debe.png,Train_masks/P1-Shukran-S4/aa85debe_mask.png,Train/P1-Shukran-S4/aa85debe.json,train,P1-Shukran-S4,P1-Shukran-S4,Tumor,True,True,512,512,L,1.0,Tumor,True,0.01389312744140625,False
Train/P1-Shukran-S4/aa85debf.png,Train_masks/P1-Shukran-S4/aa85debf_mask.png,Train/P1-Shukran-S4/aa85debf.json,train,P1-Shukran-S4,P1-Shukran-S4,Tumor,True,True,512,512,L,1.0,Tumor,True,0.014434814453125,False
Train/P1-Shukran-S4/aa85dec0.png,Train_masks/P1-Shukran-S4/aa85dec0_mask.png,Train/P1-Shukran-S4/aa85dec0.json,train,P1-Shukran-S4,P1-Shukran-S4,Tumor,True,True,512,512,L,1.0,Tumor,True,0.015300750732421875,False
Train/P1-Shukran-S4/aa85dec1.png,Train_masks/P1-Shukran-S4/aa85dec1_mask.png,Train/P1-Shukran-S4/aa85dec1.json,train,P1-Shukran-S4,P1-Shukran-S4,Tumor,True,True,512,512,L,1.0,Tumor,True,0.01313018798828125,False
Train/P1-Shukran-S4/aa85ded7.png,Train_masks/P1-Shukran-S4/aa85ded7_mask.png,Train/P1-Shukran-S4/aa85ded7.json,train,P1-Shukran-S4,P1-Shukran-S4,Tumor,True,True,512,512,L,1.0,Tumor,True,0.013759613037109375,False
Train/P1-Shukran-S4/aa85ded8.png,Train_masks/P1-Shukran-S4/aa85ded8_mask.png,Train/P1-Shukran-S4/aa85ded8.json,train,P1-Shukran-S4,P1-Shukran-S4,Tumor,True,True,512,512,L,1.0,Tumor,True,0.01081085205078125,False
Train/P1-Shukran-S4/aa85ded9.png,Train_masks/P1-Shukran-S4/aa85ded9_mask.png,Train/P1-Shukran-S4/aa85ded9.json,train,P1-Shukran-S4,P1-Shukran-S4,Tumor,True,True,512,512,L,1.0,Tumor,True,0.013874053955078125,False
Train/P1-Shukran-S4/aa85deda.png,Train_masks/P1-Shukran-S4/aa85deda_mask.png,Train/P1-Shukran-S4/aa85deda.json,train,P1-Shukran-S4,P1-Shukran-S4,Tumor,True,True,512,512,L,1.0,Tumor,True,0.012012481689453125,False
Train/P1-Shukran-S4/aa85dedb.png,Train_masks/P1-Shukran-S4/aa85dedb_mask.png,Train/P1-Shukran-S4/aa85dedb.json,train,P1-Shukran-S4,P1-Shukran-S4,Tumor,True,True,512,512,L,1.0,Tumor,True,0.0112152099609375,False
Train/P1-Shukran-S4/aa85dedc.png,Train_masks/P1-Shukran-S4/aa85dedc_mask.png,Train/P1-Shukran-S4/aa85dedc.json,train,P1-Shukran-S4,P1-Shukran-S4,Tumor,True,True,512,512,L,1.0,Tumor,True,0.010334014892578125,False
Train/P1-Shukran-S4/aa85dedd.png,Train_masks/P1-Shukran-S4/aa85dedd_mask.png,Train/P1-Shukran-S4/aa85dedd.json,train,P1-Shukran-S4,P1-Shukran-S4,Tumor,True,True,512,512,L,1.0,Tumor,True,0.012294769287109375,False
Train/P1-Shukran-S4/aa85dede.png,Train_masks/P1-Shukran-S4/aa85dede_mask.png,Train/P1-Shukran-S4/aa85dede.json,train,P1-Shukran-S4,P1-Shukran-S4,Tumor,True,True,512,512,L,1.0,Tumor,True,0.010112762451171875,False
Train/P1-Shukran-S4/aa85dedf.png,Train_masks/P1-Shukran-S4/aa85dedf_mask.png,Train/P1-Shukran-S4/aa85dedf.json,train,P1-Shukran-S4,P1-Shukran-S4,Tumor,True,True,512,512,L,1.0,Tumor,True,0.0103912353515625,False
Train/P1-Shukran-S4/aa85dee0.png,Train_masks/P1-Shukran-S4/aa85dee0_mask.png,Train/P1-Shukran-S4/aa85dee0.json,train,P1-Shukran-S4,P1-Shukran-S4,Tumor,True,True,512,512,L,1.0,Tumor,True,0.010562896728515625,False
Train/P1-Shukran-S4/aa85def6.png,Train_masks/P1-Shukran-S4/aa85def6_mask.png,Train/P1-Shukran-S4/aa85def6.json,train,P1-Shukran-S4,P1-Shukran-S4,Tumor,True,True,512,512,L,1.0,Tumor,True,0.010711669921875,False
Train/P1-Shukran-S4/aa85def7.png,Train_masks/P1-Shukran-S4/aa85def7_mask.png,Train/P1-Shukran-S4/aa85def7.json,train,P1-Shukran-S4,P1-Shukran-S4,Tumor,True,True,512,512,L,1.0,Tumor,True,0.009983062744140625,False
Train/P1-Shukran-S4/aa85def8.png,Train_masks/P1-Shukran-S4/aa85def8_mask.png,Train/P1-Shukran-S4/aa85def8.json,train,P1-Shukran-S4,P1-Shukran-S4,Tumor,True,True,512,512,L,1.0,Tumor,True,0.00992584228515625,False
Train/P1-Shukran-S4/aa85def9.png,Train_masks/P1-Shukran-S4/aa85def9_mask.png,Train/P1-Shukran-S4/aa85def9.json,train,P1-Shukran-S4,P1-Shukran-S4,Tumor,True,True,512,512,L,1.0,Tumor,True,0.009418487548828125,False
Train/P1-Shukran-S4/aa85defa.png,Train_masks/P1-Shukran-S4/aa85defa_mask.png,Train/P1-Shukran-S4/aa85defa.json,train,P1-Shukran-S4,P1-Shukran-S4,Tumor,True,True,512,512,L,1.0,Tumor,True,0.0083770751953125,False
Train/P1-Shukran-S4/aa85defb.png,Train_masks/P1-Shukran-S4/aa85defb_mask.png,Train/P1-Shukran-S4/aa85defb.json,train,P1-Shukran-S4,P1-Shukran-S4,Tumor,True,True,512,512,L,1.0,Tumor,True,0.0087127685546875,False
Train/P1-Shukran-S4/aa85defc.png,Train_masks/P1-Shukran-S4/aa85defc_mask.png,Train/P1-Shukran-S4/aa85defc.json,train,P1-Shukran-S4,P1-Shukran-S4,Tumor,True,True,512,512,L,1.0,Tumor,True,0.00897216796875,False
Train/P1-Shukran-S4/aa85defd.png,Train_masks/P1-Shukran-S4/aa85defd_mask.png,Train/P1-Shukran-S4/aa85defd.json,train,P1-Shukran-S4,P1-Shukran-S4,Tumor,True,True,512,512,L,1.0,Tumor,True,0.01049041748046875,False
Train/P1-Shukran-S4/aa85defe.png,Train_masks/P1-Shukran-S4/aa85defe_mask.png,Train/P1-Shukran-S4/aa85defe.json,train,P1-Shukran-S4,P1-Shukran-S4,Tumor,True,True,512,512,L,1.0,Tumor,True,0.008800506591796875,False
Train/P1-Shukran-S4/aa85deff.png,Train_masks/P1-Shukran-S4/aa85deff_mask.png,Train/P1-Shukran-S4/aa85deff.json,train,P1-Shukran-S4,P1-Shukran-S4,Tumor,True,True,512,512,L,1.0,Tumor,True,0.00868988037109375,False
Train/P1-Shukran-S4/aa85df15.png,Train_masks/P1-Shukran-S4/aa85df15_mask.png,Train/P1-Shukran-S4/aa85df15.json,train,P1-Shukran-S4,P1-Shukran-S4,Tumor,True,True,512,512,L,1.0,Tumor,True,0.009181976318359375,False
Train/P1-Shukran-S4/aa85df16.png,Train_masks/P1-Shukran-S4/aa85df16_mask.png,Train/P1-Shukran-S4/aa85df16.json,train,P1-Shukran-S4,P1-Shukran-S4,Tumor,True,True,512,512,L,1.0,Tumor,True,0.0087127685546875,False
Train/P1-Shukran-S4/aa85df17.png,Train_masks/P1-Shukran-S4/aa85df17_mask.png,Train/P1-Shukran-S4/aa85df17.json,train,P1-Shukran-S4,P1-Shukran-S4,Tumor,True,True,512,512,L,1.0,Tumor,True,0.009334564208984375,False
Train/P1-Shukran-S4/aa85df18.png,Train_masks/P1-Shukran-S4/aa85df18_mask.png,Train/P1-Shukran-S4/aa85df18.json,train,P1-Shukran-S4,P1-Shukran-S4,Tumor,True,True,512,512,L,1.0,Tumor,True,0.0080718994140625,False
Train/P1-Shukran-S4/aa85df19.png,Train_masks/P1-Shukran-S4/aa85df19_mask.png,Train/P1-Shukran-S4/aa85df19.json,train,P1-Shukran-S4,P1-Shukran-S4,Tumor,True,True,512,512,L,1.0,Tumor,True,0.008075714111328125,False
Train/P1-Shukran-S4/aa85df1a.png,Train_masks/P1-Shukran-S4/aa85df1a_mask.png,Train/P1-Shukran-S4/aa85df1a.json,train,P1-Shukran-S4,P1-Shukran-S4,Tumor,True,True,512,512,L,1.0,Tumor,True,0.008007049560546875,False
Train/P1-Shukran-S4/aa85df1b.png,Train_masks/P1-Shukran-S4/aa85df1b_mask.png,Train/P1-Shukran-S4/aa85df1b.json,train,P1-Shukran-S4,P1-Shukran-S4,Tumor,True,True,512,512,L,1.0,Tumor,True,0.007266998291015625,False
Train/P1-Shukran-S4/aa85df1c.png,Train_masks/P1-Shukran-S4/aa85df1c_mask.png,Train/P1-Shukran-S4/aa85df1c.json,train,P1-Shukran-S4,P1-Shukran-S4,Tumor,True,True,512,512,L,1.0,Tumor,True,0.007049560546875,False
Train/P1-Shukran-S4/aa85df1d.png,Train_masks/P1-Shukran-S4/aa85df1d_mask.png,Train/P1-Shukran-S4/aa85df1d.json,train,P1-Shukran-S4,P1-Shukran-S4,Tumor,True,True,512,512,L,1.0,Tumor,True,0.00757598876953125,False
Train/P1-Shukran-S4/aa85df1e.png,Train_masks/P1-Shukran-S4/aa85df1e_mask.png,Train/P1-Shukran-S4/aa85df1e.json,train,P1-Shukran-S4,P1-Shukran-S4,Tumor,True,True,512,512,L,1.0,Tumor,True,0.006748199462890625,False
Train/P1-Shukran-S4/aa85df34.png,Train_masks/P1-Shukran-S4/aa85df34_mask.png,Train/P1-Shukran-S4/aa85df34.json,train,P1-Shukran-S4,P1-Shukran-S4,Tumor,True,True,512,512,L,1.0,Tumor,True,0.006496429443359375,False
Train/P1-Shukran-S4/aa85df35.png,Train_masks/P1-Shukran-S4/aa85df35_mask.png,Train/P1-Shukran-S4/aa85df35.json,train,P1-Shukran-S4,P1-Shukran-S4,Tumor,True,True,512,512,L,1.0,Tumor,True,0.00691986083984375,False
Train/P1-Shukran-S4/aa85df36.png,Train_masks/P1-Shukran-S4/aa85df36_mask.png,Train/P1-Shukran-S4/aa85df36.json,train,P1-Shukran-S4,P1-Shukran-S4,Tumor,True,True,512,512,L,1.0,Tumor,True,0.00624847412109375,False
Train/P1-Shukran-S4/aa85df37.png,Train_masks/P1-Shukran-S4/aa85df37_mask.png,Train/P1-Shukran-S4/aa85df37.json,train,P1-Shukran-S4,P1-Shukran-S4,Tumor,True,True,512,512,L,1.0,Tumor,True,0.0069122314453125,False
Train/P1-Shukran-S4/aa85df38.png,Train_masks/P1-Shukran-S4/aa85df38_mask.png,Train/P1-Shukran-S4/aa85df38.json,train,P1-Shukran-S4,P1-Shukran-S4,Tumor,True,True,512,512,L,1.0,Tumor,True,0.006351470947265625,False
Train/P1-Shukran-S4/aa85df39.png,Train_masks/P1-Shukran-S4/aa85df39_mask.png,Train/P1-Shukran-S4/aa85df39.json,train,P1-Shukran-S4,P1-Shukran-S4,Tumor,True,True,512,512,L,1.0,Tumor,True,0.0059814453125,False
Train/P1-Shukran-S4/aa85df3a.png,Train_masks/P1-Shukran-S4/aa85df3a_mask.png,Train/P1-Shukran-S4/aa85df3a.json,train,P1-Shukran-S4,P1-Shukran-S4,Tumor,True,True,512,512,L,1.0,Tumor,True,0.005191802978515625,False
Train/P2-Mumtaz-S2/37e9314d.png,Train_masks/P2-Mumtaz-S2/37e9314d_mask.png,Train/P2-Mumtaz-S2/37e9314d.json,train,P2-Mumtaz-S2,P2-Mumtaz-S2,Tumor,True,True,512,512,L,1.0,Tumor,True,0.0015411376953125,False
Train/P2-Mumtaz-S2/37e9314e.png,Train_masks/P2-Mumtaz-S2/37e9314e_mask.png,Train/P2-Mumtaz-S2/37e9314e.json,train,P2-Mumtaz-S2,P2-Mumtaz-S2,Tumor,True,True,512,512,L,1.0,Tumor,True,0.001651763916015625,False
Train/P2-Mumtaz-S2/37e9314f.png,Train_masks/P2-Mumtaz-S2/37e9314f_mask.png,Train/P2-Mumtaz-S2/37e9314f.json,train,P2-Mumtaz-S2,P2-Mumtaz-S2,Tumor,True,True,512,512,L,1.0,Tumor,True,0.00191497802734375,False
Train/P2-Mumtaz-S2/37e93150.png,Train_masks/P2-Mumtaz-S2/37e93150_mask.png,Train/P2-Mumtaz-S2/37e93150.json,train,P2-Mumtaz-S2,P2-Mumtaz-S2,Tumor,True,True,512,512,L,1.0,Tumor,True,0.002300262451171875,False
Train/P2-Mumtaz-S2/37e93151.png,Train_masks/P2-Mumtaz-S2/37e93151_mask.png,Train/P2-Mumtaz-S2/37e93151.json,train,P2-Mumtaz-S2,P2-Mumtaz-S2,Tumor,True,True,512,512,L,1.0,Tumor,True,0.003070831298828125,False
Train/P2-Mumtaz-S2/37e93152.png,Train_masks/P2-Mumtaz-S2/37e93152_mask.png,Train/P2-Mumtaz-S2/37e93152.json,train,P2-Mumtaz-S2,P2-Mumtaz-S2,Tumor,True,True,512,512,L,1.0,Tumor,True,0.003841400146484375,False
Train/P2-Mumtaz-S2/37e93168.png,Train_masks/P2-Mumtaz-S2/37e93168_mask.png,Train/P2-Mumtaz-S2/37e93168.json,train,P2-Mumtaz-S2,P2-Mumtaz-S2,Tumor,True,True,512,512,L,1.0,Tumor,True,0.003894805908203125,False
Train/P2-Mumtaz-S2/37e93169.png,Train_masks/P2-Mumtaz-S2/37e93169_mask.png,Train/P2-Mumtaz-S2/37e93169.json,train,P2-Mumtaz-S2,P2-Mumtaz-S2,Tumor,True,True,512,512,L,1.0,Tumor,True,0.0051116943359375,False
Train/P2-Mumtaz-S2/37e9316a.png,Train_masks/P2-Mumtaz-S2/37e9316a_mask.png,Train/P2-Mumtaz-S2/37e9316a.json,train,P2-Mumtaz-S2,P2-Mumtaz-S2,Tumor,True,True,512,512,L,1.0,Tumor,True,0.005702972412109375,False
Train/P2-Mumtaz-S2/37e9316b.png,Train_masks/P2-Mumtaz-S2/37e9316b_mask.png,Train/P2-Mumtaz-S2/37e9316b.json,train,P2-Mumtaz-S2,P2-Mumtaz-S2,Tumor,True,True,512,512,L,1.0,Tumor,True,0.003978729248046875,False
Train/P2-Mumtaz-S2/37e9316c.png,Train_masks/P2-Mumtaz-S2/37e9316c_mask.png,Train/P2-Mumtaz-S2/37e9316c.json,train,P2-Mumtaz-S2,P2-Mumtaz-S2,Tumor,True,True,512,512,L,1.0,Tumor,True,0.003814697265625,False
Train/P2-Mumtaz-S2/37e9316d.png,Train_masks/P2-Mumtaz-S2/37e9316d_mask.png,Train/P2-Mumtaz-S2/37e9316d.json,train,P2-Mumtaz-S2,P2-Mumtaz-S2,Tumor,True,True,512,512,L,1.0,Tumor,True,0.004169464111328125,False
Train/P2-Mumtaz-S2/37e9316e.png,Train_masks/P2-Mumtaz-S2/37e9316e_mask.png,Train/P2-Mumtaz-S2/37e9316e.json,train,P2-Mumtaz-S2,P2-Mumtaz-S2,Tumor,True,True,512,512,L,1.0,Tumor,True,0.0053253173828125,False
Train/P2-Mumtaz-S2/37e9316f.png,Train_masks/P2-Mumtaz-S2/37e9316f_mask.png,Train/P2-Mumtaz-S2/37e9316f.json,train,P2-Mumtaz-S2,P2-Mumtaz-S2,Tumor,True,True,512,512,L,2.0,Tumor,True,0.0085296630859375,False
Train/P2-Mumtaz-S2/37e93170.png,Train_masks/P2-Mumtaz-S2/37e93170_mask.png,Train/P2-Mumtaz-S2/37e93170.json,train,P2-Mumtaz-S2,P2-Mumtaz-S2,Tumor,True,True,512,512,L,1.0,Tumor,True,0.002349853515625,False
Train/P2-Mumtaz-S2/37e93171.png,Train_masks/P2-Mumtaz-S2/37e93171_mask.png,Train/P2-Mumtaz-S2/37e93171.json,train,P2-Mumtaz-S2,P2-Mumtaz-S2,Tumor,True,True,512,512,L,1.0,Tumor,True,0.003093719482421875,False
Train/P2-Mumtaz-S2/37e93187.png,Train_masks/P2-Mumtaz-S2/37e93187_mask.png,Train/P2-Mumtaz-S2/37e93187.json,train,P2-Mumtaz-S2,P2-Mumtaz-S2,Tumor,True,True,512,512,L,2.0,Tumor,True,0.008358001708984375,False
Train/P2-Mumtaz-S2/37e9318a.png,Train_masks/P2-Mumtaz-S2/37e9318a_mask.png,Train/P2-Mumtaz-S2/37e9318a.json,train,P2-Mumtaz-S2,P2-Mumtaz-S2,Tumor,True,True,512,512,L,1.0,Tumor,True,0.004253387451171875,False
Train/P2-Mumtaz-S2/37e9318b.png,Train_masks/P2-Mumtaz-S2/37e9318b_mask.png,Train/P2-Mumtaz-S2/37e9318b.json,train,P2-Mumtaz-S2,P2-Mumtaz-S2,Tumor,True,True,512,512,L,1.0,Tumor,True,0.006755828857421875,False
Train/P2-Mumtaz-S2/39d6dc4d.png,Train_masks/P2-Mumtaz-S2/39d6dc4d_mask.png,Train/P2-Mumtaz-S2/39d6dc4d.json,train,P2-Mumtaz-S2,P2-Mumtaz-S2,Tumor,True,True,512,512,L,1.0,Tumor,True,0.001033782958984375,False
Train/P2-Mumtaz-S2/39d6dc4e.png,Train_masks/P2-Mumtaz-S2/39d6dc4e_mask.png,Train/P2-Mumtaz-S2/39d6dc4e.json,train,P2-Mumtaz-S2,P2-Mumtaz-S2,Tumor,True,True,512,512,L,1.0,Tumor,True,0.001552581787109375,False
Train/P2-Mumtaz-S2/39d6dc4f.png,Train_masks/P2-Mumtaz-S2/39d6dc4f_mask.png,Train/P2-Mumtaz-S2/39d6dc4f.json,train,P2-Mumtaz-S2,P2-Mumtaz-S2,Tumor,True,True,512,512,L,1.0,Tumor,True,0.00203704833984375,False
Train/P2-Mumtaz-S2/39d6dc50.png,Train_masks/P2-Mumtaz-S2/39d6dc50_mask.png,Train/P2-Mumtaz-S2/39d6dc50.json,train,P2-Mumtaz-S2,P2-Mumtaz-S2,Tumor,True,True,512,512,L,1.0,Tumor,True,0.002071380615234375,False
Train/P2-Mumtaz-S2/39d6dc51.png,Train_masks/P2-Mumtaz-S2/39d6dc51_mask.png,Train/P2-Mumtaz-S2/39d6dc51.json,train,P2-Mumtaz-S2,P2-Mumtaz-S2,Tumor,True,True,512,512,L,1.0,Tumor,True,0.00316619873046875,False
Train/P2-Mumtaz-S2/39d6dc52.png,Train_masks/P2-Mumtaz-S2/39d6dc52_mask.png,Train/P2-Mumtaz-S2/39d6dc52.json,train,P2-Mumtaz-S2,P2-Mumtaz-S2,Tumor,True,True,512,512,L,1.0,Tumor,True,0.003021240234375,False
Train/P2-Mumtaz-S2/39d6dc53.png,Train_masks/P2-Mumtaz-S2/39d6dc53_mask.png,Train/P2-Mumtaz-S2/39d6dc53.json,train,P2-Mumtaz-S2,P2-Mumtaz-S2,Tumor,True,True,512,512,L,1.0,Tumor,True,0.003582000732421875,False
Train/P2-Mumtaz-S2/39d6dc54.png,Train_masks/P2-Mumtaz-S2/39d6dc54_mask.png,Train/P2-Mumtaz-S2/39d6dc54.json,train,P2-Mumtaz-S2,P2-Mumtaz-S2,Tumor,True,True,512,512,L,1.0,Tumor,True,0.003398895263671875,False
Train/P2-Mumtaz-S2/39d6dc6a.png,Train_masks/P2-Mumtaz-S2/39d6dc6a_mask.png,Train/P2-Mumtaz-S2/39d6dc6a.json,train,P2-Mumtaz-S2,P2-Mumtaz-S2,Tumor,True,True,512,512,L,1.0,Tumor,True,0.0046234130859375,False
Train/P2-Mumtaz-S2/39d6dc6b.png,Train_masks/P2-Mumtaz-S2/39d6dc6b_mask.png,Train/P2-Mumtaz-S2/39d6dc6b.json,train,P2-Mumtaz-S2,P2-Mumtaz-S2,Tumor,True,True,512,512,L,1.0,Tumor,True,0.005157470703125,False
Train/P2-Mumtaz-S2/67595807.png,Train_masks/P2-Mumtaz-S2/67595807_mask.png,Train/P2-Mumtaz-S2/67595807.json,train,P2-Mumtaz-S2,P2-Mumtaz-S2,Tumor,True,True,512,512,L,1.0,Tumor,True,0.000446319580078125,False
Train/P2-Mumtaz-S2/67595808.png,Train_masks/P2-Mumtaz-S2/67595808_mask.png,Train/P2-Mumtaz-S2/67595808.json,train,P2-Mumtaz-S2,P2-Mumtaz-S2,Tumor,True,True,512,512,L,1.0,Tumor,True,0.000518798828125,False
Train/P2-Mumtaz-S2/67595809.png,Train_masks/P2-Mumtaz-S2/67595809_mask.png,Train/P2-Mumtaz-S2/67595809.json,train,P2-Mumtaz-S2,P2-Mumtaz-S2,Tumor,True,True,512,512,L,1.0,Tumor,True,0.000732421875,False
Train/P2-Mumtaz-S2/6759580a.png,Train_masks/P2-Mumtaz-S2/6759580a_mask.png,Train/P2-Mumtaz-S2/6759580a.json,train,P2-Mumtaz-S2,P2-Mumtaz-S2,Tumor,True,True,512,512,L,1.0,Tumor,True,0.000690460205078125,False
Train/P2-Mumtaz-S2/67595820.png,Train_masks/P2-Mumtaz-S2/67595820_mask.png,Train/P2-Mumtaz-S2/67595820.json,train,P2-Mumtaz-S2,P2-Mumtaz-S2,Tumor,True,True,512,512,L,1.0,Tumor,True,0.001049041748046875,False
Train/P2-Mumtaz-S2/67595821.png,Train_masks/P2-Mumtaz-S2/67595821_mask.png,Train/P2-Mumtaz-S2/67595821.json,train,P2-Mumtaz-S2,P2-Mumtaz-S2,Tumor,True,True,512,512,L,1.0,Tumor,True,0.001094818115234375,False
Train/P2-Mumtaz-S2/67595822.png,Train_masks/P2-Mumtaz-S2/67595822_mask.png,Train/P2-Mumtaz-S2/67595822.json,train,P2-Mumtaz-S2,P2-Mumtaz-S2,Tumor,True,True,512,512,L,1.0,Tumor,True,0.001251220703125,False
Train/P2-Mumtaz-S2/67595823.png,Train_masks/P2-Mumtaz-S2/67595823_mask.png,Train/P2-Mumtaz-S2/67595823.json,train,P2-Mumtaz-S2,P2-Mumtaz-S2,Tumor,True,True,512,512,L,1.0,Tumor,True,0.001094818115234375,False
Train/P2-Mumtaz-S2/67595824.png,Train_masks/P2-Mumtaz-S2/67595824_mask.png,Train/P2-Mumtaz-S2/67595824.json,train,P2-Mumtaz-S2,P2-Mumtaz-S2,Tumor,True,True,512,512,L,1.0,Tumor,True,0.001201629638671875,False
Train/P2-Mumtaz-S2/67595825.png,Train_masks/P2-Mumtaz-S2/67595825_mask.png,Train/P2-Mumtaz-S2/67595825.json,train,P2-Mumtaz-S2,P2-Mumtaz-S2,Tumor,True,True,512,512,L,1.0,Tumor,True,0.0016021728515625,False
Train/P2-Mumtaz-S2/67595826.png,Train_masks/P2-Mumtaz-S2/67595826_mask.png,Train/P2-Mumtaz-S2/67595826.json,train,P2-Mumtaz-S2,P2-Mumtaz-S2,Tumor,True,True,512,512,L,1.0,Tumor,True,0.001422882080078125,False
Train/P2-Mumtaz-S2/67595827.png,Train_masks/P2-Mumtaz-S2/67595827_mask.png,Train/P2-Mumtaz-S2/67595827.json,train,P2-Mumtaz-S2,P2-Mumtaz-S2,Tumor,True,True,512,512,L,1.0,Tumor,True,0.00152587890625,False
Train/P2-Mumtaz-S2/67595828.png,Train_masks/P2-Mumtaz-S2/67595828_mask.png,Train/P2-Mumtaz-S2/67595828.json,train,P2-Mumtaz-S2,P2-Mumtaz-S2,Tumor,True,True,512,512,L,1.0,Tumor,True,0.001544952392578125,False
Train/P2-Mumtaz-S2/67595829.png,Train_masks/P2-Mumtaz-S2/67595829_mask.png,Train/P2-Mumtaz-S2/67595829.json,train,P2-Mumtaz-S2,P2-Mumtaz-S2,Tumor,True,True,512,512,L,1.0,Tumor,True,0.0015869140625,False
Train/P2-Mumtaz-S2/6759583f.png,Train_masks/P2-Mumtaz-S2/6759583f_mask.png,Train/P2-Mumtaz-S2/6759583f.json,train,P2-Mumtaz-S2,P2-Mumtaz-S2,Tumor,True,True,512,512,L,1.0,Tumor,True,0.001659393310546875,False
Train/P2-Mumtaz-S2/67595840.png,Train_masks/P2-Mumtaz-S2/67595840_mask.png,Train/P2-Mumtaz-S2/67595840.json,train,P2-Mumtaz-S2,P2-Mumtaz-S2,Tumor,True,True,512,512,L,1.0,Tumor,True,0.001926422119140625,False
Train/P2-Mumtaz-S2/67595841.png,Train_masks/P2-Mumtaz-S2/67595841_mask.png,Train/P2-Mumtaz-S2/67595841.json,train,P2-Mumtaz-S2,P2-Mumtaz-S2,Tumor,True,True,512,512,L,1.0,Tumor,True,0.001697540283203125,False
Train/P2-Mumtaz-S2/67595842.png,Train_masks/P2-Mumtaz-S2/67595842_mask.png,Train/P2-Mumtaz-S2/67595842.json,train,P2-Mumtaz-S2,P2-Mumtaz-S2,Tumor,True,True,512,512,L,1.0,Tumor,True,0.00173187255859375,False
Train/P2-Mumtaz-S2/67595843.png,Train_masks/P2-Mumtaz-S2/67595843_mask.png,Train/P2-Mumtaz-S2/67595843.json,train,P2-Mumtaz-S2,P2-Mumtaz-S2,Tumor,True,True,512,512,L,1.0,Tumor,True,0.002079010009765625,False
Train/P2-Mumtaz-S2/67595844.png,Train_masks/P2-Mumtaz-S2/67595844_mask.png,Train/P2-Mumtaz-S2/67595844.json,train,P2-Mumtaz-S2,P2-Mumtaz-S2,Tumor,True,True,512,512,L,1.0,Tumor,True,0.001800537109375,False
Train/P2-Mumtaz-S2/67595845.png,Train_masks/P2-Mumtaz-S2/67595845_mask.png,Train/P2-Mumtaz-S2/67595845.json,train,P2-Mumtaz-S2,P2-Mumtaz-S2,Tumor,True,True,512,512,L,1.0,Tumor,True,0.0017547607421875,False
Train/P2-Mumtaz-S2/67595846.png,Train_masks/P2-Mumtaz-S2/67595846_mask.png,Train/P2-Mumtaz-S2/67595846.json,train,P2-Mumtaz-S2,P2-Mumtaz-S2,Tumor,True,True,512,512,L,1.0,Tumor,True,0.001827239990234375,False
Train/P2-Mumtaz-S2/67595847.png,Train_masks/P2-Mumtaz-S2/67595847_mask.png,Train/P2-Mumtaz-S2/67595847.json,train,P2-Mumtaz-S2,P2-Mumtaz-S2,Tumor,True,True,512,512,L,1.0,Tumor,True,0.001728057861328125,False
Train/P2-Mumtaz-S2/67595848.png,Train_masks/P2-Mumtaz-S2/67595848_mask.png,Train/P2-Mumtaz-S2/67595848.json,train,P2-Mumtaz-S2,P2-Mumtaz-S2,Tumor,True,True,512,512,L,1.0,Tumor,True,0.00197601318359375,False
Train/P2-Mumtaz-S2/6759585e.png,Train_masks/P2-Mumtaz-S2/6759585e_mask.png,Train/P2-Mumtaz-S2/6759585e.json,train,P2-Mumtaz-S2,P2-Mumtaz-S2,Tumor,True,True,512,512,L,1.0,Tumor,True,0.002048492431640625,False
Train/P2-Mumtaz-S2/6759585f.png,Train_masks/P2-Mumtaz-S2/6759585f_mask.png,Train/P2-Mumtaz-S2/6759585f.json,train,P2-Mumtaz-S2,P2-Mumtaz-S2,Tumor,True,True,512,512,L,1.0,Tumor,True,0.00193023681640625,False
Train/P2-Mumtaz-S2/67595860.png,Train_masks/P2-Mumtaz-S2/67595860_mask.png,Train/P2-Mumtaz-S2/67595860.json,train,P2-Mumtaz-S2,P2-Mumtaz-S2,Tumor,True,True,512,512,L,1.0,Tumor,True,0.00167083740234375,False
Train/P2-Mumtaz-S2/67595861.png,Train_masks/P2-Mumtaz-S2/67595861_mask.png,Train/P2-Mumtaz-S2/67595861.json,train,P2-Mumtaz-S2,P2-Mumtaz-S2,Tumor,True,True,512,512,L,1.0,Tumor,True,0.0015869140625,False
Train/P2-Mumtaz-S2/67595862.png,Train_masks/P2-Mumtaz-S2/67595862_mask.png,Train/P2-Mumtaz-S2/67595862.json,train,P2-Mumtaz-S2,P2-Mumtaz-S2,Tumor,True,True,512,512,L,1.0,Tumor,True,0.00147247314453125,False
Train/P2-Mumtaz-S2/67595863.png,Train_masks/P2-Mumtaz-S2/67595863_mask.png,Train/P2-Mumtaz-S2/67595863.json,train,P2-Mumtaz-S2,P2-Mumtaz-S2,Tumor,True,True,512,512,L,1.0,Tumor,True,0.001712799072265625,False
Train/P2-Mumtaz-S2/67595864.png,Train_masks/P2-Mumtaz-S2/67595864_mask.png,Train/P2-Mumtaz-S2/67595864.json,train,P2-Mumtaz-S2,P2-Mumtaz-S2,Tumor,True,True,512,512,L,1.0,Tumor,True,0.0016326904296875,False
Train/P2-Mumtaz-S2/67595865.png,Train_masks/P2-Mumtaz-S2/67595865_mask.png,Train/P2-Mumtaz-S2/67595865.json,train,P2-Mumtaz-S2,P2-Mumtaz-S2,Tumor,True,True,512,512,L,1.0,Tumor,True,0.00167083740234375,False
Train/P2-Mumtaz-S2/67595866.png,Train_masks/P2-Mumtaz-S2/67595866_mask.png,Train/P2-Mumtaz-S2/67595866.json,train,P2-Mumtaz-S2,P2-Mumtaz-S2,Tumor,True,True,512,512,L,1.0,Tumor,True,0.001766204833984375,False
Train/P2-Mumtaz-S2/67595867.png,Train_masks/P2-Mumtaz-S2/67595867_mask.png,Train/P2-Mumtaz-S2/67595867.json,train,P2-Mumtaz-S2,P2-Mumtaz-S2,Tumor,True,True,512,512,L,1.0,Tumor,True,0.002704620361328125,False
Train/P2-Mumtaz-S2/67595b08.png,Train_masks/P2-Mumtaz-S2/67595b08_mask.png,Train/P2-Mumtaz-S2/67595b08.json,train,P2-Mumtaz-S2,P2-Mumtaz-S2,Tumor,True,True,512,512,L,1.0,Tumor,True,0.00263214111328125,False
Train/P2-Mumtaz-S2/67595b09.png,Train_masks/P2-Mumtaz-S2/67595b09_mask.png,Train/P2-Mumtaz-S2/67595b09.json,train,P2-Mumtaz-S2,P2-Mumtaz-S2,Tumor,True,True,512,512,L,1.0,Tumor,True,0.002178192138671875,False
Train/P2-Mumtaz-S2/67595b0a.png,Train_masks/P2-Mumtaz-S2/67595b0a_mask.png,Train/P2-Mumtaz-S2/67595b0a.json,train,P2-Mumtaz-S2,P2-Mumtaz-S2,Tumor,True,True,512,512,L,1.0,Tumor,True,0.002437591552734375,False
Train/P2-Mumtaz-S2/67595b0b.png,Train_masks/P2-Mumtaz-S2/67595b0b_mask.png,Train/P2-Mumtaz-S2/67595b0b.json,train,P2-Mumtaz-S2,P2-Mumtaz-S2,Tumor,True,True,512,512,L,1.0,Tumor,True,0.002651214599609375,False
Train/P2-Mumtaz-S2/67595b0c.png,Train_masks/P2-Mumtaz-S2/67595b0c_mask.png,Train/P2-Mumtaz-S2/67595b0c.json,train,P2-Mumtaz-S2,P2-Mumtaz-S2,Tumor,True,True,512,512,L,1.0,Tumor,True,0.00281524658203125,False
Train/P2-Mumtaz-S2/67595b0d.png,Train_masks/P2-Mumtaz-S2/67595b0d_mask.png,Train/P2-Mumtaz-S2/67595b0d.json,train,P2-Mumtaz-S2,P2-Mumtaz-S2,Tumor,True,True,512,512,L,1.0,Tumor,True,0.002899169921875,False
Train/P2-Mumtaz-S2/67595b0e.png,Train_masks/P2-Mumtaz-S2/67595b0e_mask.png,Train/P2-Mumtaz-S2/67595b0e.json,train,P2-Mumtaz-S2,P2-Mumtaz-S2,Tumor,True,True,512,512,L,1.0,Tumor,True,0.00298309326171875,False
Train/P2-Mumtaz-S2/67595b0f.png,Train_masks/P2-Mumtaz-S2/67595b0f_mask.png,Train/P2-Mumtaz-S2/67595b0f.json,train,P2-Mumtaz-S2,P2-Mumtaz-S2,Tumor,True,True,512,512,L,1.0,Tumor,True,0.003330230712890625,False
Train/P2-Mumtaz-S2/67595b10.png,Train_masks/P2-Mumtaz-S2/67595b10_mask.png,Train/P2-Mumtaz-S2/67595b10.json,train,P2-Mumtaz-S2,P2-Mumtaz-S2,Tumor,True,True,512,512,L,1.0,Tumor,True,0.002597808837890625,False
Train/P2-Mumtaz-S2/67595b11.png,Train_masks/P2-Mumtaz-S2/67595b11_mask.png,Train/P2-Mumtaz-S2/67595b11.json,train,P2-Mumtaz-S2,P2-Mumtaz-S2,Tumor,True,True,512,512,L,1.0,Tumor,True,0.002941131591796875,False
Train/P2-Mumtaz-S2/67595b27.png,Train_masks/P2-Mumtaz-S2/67595b27_mask.png,Train/P2-Mumtaz-S2/67595b27.json,train,P2-Mumtaz-S2,P2-Mumtaz-S2,Tumor,True,True,512,512,L,1.0,Tumor,True,0.003093719482421875,False
Train/P2-Mumtaz-S2/67595b28.png,Train_masks/P2-Mumtaz-S2/67595b28_mask.png,Train/P2-Mumtaz-S2/67595b28.json,train,P2-Mumtaz-S2,P2-Mumtaz-S2,Tumor,True,True,512,512,L,1.0,Tumor,True,0.002750396728515625,False
Train/P2-Mumtaz-S2/67595b29.png,Train_masks/P2-Mumtaz-S2/67595b29_mask.png,Train/P2-Mumtaz-S2/67595b29.json,train,P2-Mumtaz-S2,P2-Mumtaz-S2,Tumor,True,True,512,512,L,1.0,Tumor,True,0.00257110595703125,False
Train/P2-Mumtaz-S2/67595b2a.png,Train_masks/P2-Mumtaz-S2/67595b2a_mask.png,Train/P2-Mumtaz-S2/67595b2a.json,train,P2-Mumtaz-S2,P2-Mumtaz-S2,Tumor,True,True,512,512,L,1.0,Tumor,True,0.003452301025390625,False
Train/P2-Mumtaz-S2/67595b2b.png,Train_masks/P2-Mumtaz-S2/67595b2b_mask.png,Train/P2-Mumtaz-S2/67595b2b.json,train,P2-Mumtaz-S2,P2-Mumtaz-S2,Tumor,True,True,512,512,L,1.0,Tumor,True,0.003765106201171875,False
Train/P2-Mumtaz-S2/67595b2c.png,Train_masks/P2-Mumtaz-S2/67595b2c_mask.png,Train/P2-Mumtaz-S2/67595b2c.json,train,P2-Mumtaz-S2,P2-Mumtaz-S2,Tumor,True,True,512,512,L,1.0,Tumor,True,0.0037841796875,False
Train/P2-Mumtaz-S2/67595b2d.png,Train_masks/P2-Mumtaz-S2/67595b2d_mask.png,Train/P2-Mumtaz-S2/67595b2d.json,train,P2-Mumtaz-S2,P2-Mumtaz-S2,Tumor,True,True,512,512,L,1.0,Tumor,True,0.0032958984375,False
Train/P2-Mumtaz-S2/67595b2e.png,Train_masks/P2-Mumtaz-S2/67595b2e_mask.png,Train/P2-Mumtaz-S2/67595b2e.json,train,P2-Mumtaz-S2,P2-Mumtaz-S2,Tumor,True,True,512,512,L,1.0,Tumor,True,0.00372314453125,False
Train/P2-Mumtaz-S2/67595b2f.png,Train_masks/P2-Mumtaz-S2/67595b2f_mask.png,Train/P2-Mumtaz-S2/67595b2f.json,train,P2-Mumtaz-S2,P2-Mumtaz-S2,Tumor,True,True,512,512,L,1.0,Tumor,True,0.00336456298828125,False
Train/P2-Mumtaz-S2/67595b30.png,Train_masks/P2-Mumtaz-S2/67595b30_mask.png,Train/P2-Mumtaz-S2/67595b30.json,train,P2-Mumtaz-S2,P2-Mumtaz-S2,Tumor,True,True,512,512,L,1.0,Tumor,True,0.0030670166015625,False
Train/P2-Mumtaz-S2/67595b46.png,Train_masks/P2-Mumtaz-S2/67595b46_mask.png,Train/P2-Mumtaz-S2/67595b46.json,train,P2-Mumtaz-S2,P2-Mumtaz-S2,Tumor,True,True,512,512,L,1.0,Tumor,True,0.002819061279296875,False
Train/P2-Mumtaz-S2/67595b47.png,Train_masks/P2-Mumtaz-S2/67595b47_mask.png,Train/P2-Mumtaz-S2/67595b47.json,train,P2-Mumtaz-S2,P2-Mumtaz-S2,Tumor,True,True,512,512,L,1.0,Tumor,True,0.002788543701171875,False
Train/P2-Mumtaz-S2/67595b48.png,Train_masks/P2-Mumtaz-S2/67595b48_mask.png,Train/P2-Mumtaz-S2/67595b48.json,train,P2-Mumtaz-S2,P2-Mumtaz-S2,Tumor,True,True,512,512,L,1.0,Tumor,True,0.002864837646484375,False
Train/P2-Mumtaz-S2/67595b49.png,Train_masks/P2-Mumtaz-S2/67595b49_mask.png,Train/P2-Mumtaz-S2/67595b49.json,train,P2-Mumtaz-S2,P2-Mumtaz-S2,Tumor,True,True,512,512,L,1.0,Tumor,True,0.003513336181640625,False
Train/P2-Mumtaz-S2/67595b4a.png,Train_masks/P2-Mumtaz-S2/67595b4a_mask.png,Train/P2-Mumtaz-S2/67595b4a.json,train,P2-Mumtaz-S2,P2-Mumtaz-S2,Tumor,True,True,512,512,L,1.0,Tumor,True,0.00330352783203125,False
Train/P2-Mumtaz-S2/67595b4b.png,Train_masks/P2-Mumtaz-S2/67595b4b_mask.png,Train/P2-Mumtaz-S2/67595b4b.json,train,P2-Mumtaz-S2,P2-Mumtaz-S2,Tumor,True,True,512,512,L,1.0,Tumor,True,0.004894256591796875,False
Train/P2-Mumtaz-S2/67595b4c.png,Train_masks/P2-Mumtaz-S2/67595b4c_mask.png,Train/P2-Mumtaz-S2/67595b4c.json,train,P2-Mumtaz-S2,P2-Mumtaz-S2,Tumor,True,True,512,512,L,1.0,Tumor,True,0.004886627197265625,False
Train/P2-Mumtaz-S2/67595b4d.png,Train_masks/P2-Mumtaz-S2/67595b4d_mask.png,Train/P2-Mumtaz-S2/67595b4d.json,train,P2-Mumtaz-S2,P2-Mumtaz-S2,Tumor,True,True,512,512,L,1.0,Tumor,True,0.004596710205078125,False
Train/P2-Mumtaz-S2/67595b4e.png,Train_masks/P2-Mumtaz-S2/67595b4e_mask.png,Train/P2-Mumtaz-S2/67595b4e.json,train,P2-Mumtaz-S2,P2-Mumtaz-S2,Tumor,True,True,512,512,L,1.0,Tumor,True,0.00359344482421875,False
Train/P2-Mumtaz-S2/67595b4f.png,Train_masks/P2-Mumtaz-S2/67595b4f_mask.png,Train/P2-Mumtaz-S2/67595b4f.json,train,P2-Mumtaz-S2,P2-Mumtaz-S2,Tumor,True,True,512,512,L,1.0,Tumor,True,0.004268646240234375,False
Train/P2-Mumtaz-S2/67595b65.png,Train_masks/P2-Mumtaz-S2/67595b65_mask.png,Train/P2-Mumtaz-S2/67595b65.json,train,P2-Mumtaz-S2,P2-Mumtaz-S2,Tumor,True,True,512,512,L,1.0,Tumor,True,0.0040435791015625,False
Train/P2-Mumtaz-S2/67595b66.png,Train_masks/P2-Mumtaz-S2/67595b66_mask.png,Train/P2-Mumtaz-S2/67595b66.json,train,P2-Mumtaz-S2,P2-Mumtaz-S2,Tumor,True,True,512,512,L,1.0,Tumor,True,0.004852294921875,False
Train/P2-Mumtaz-S2/67595b67.png,Train_masks/P2-Mumtaz-S2/67595b67_mask.png,Train/P2-Mumtaz-S2/67595b67.json,train,P2-Mumtaz-S2,P2-Mumtaz-S2,Tumor,True,True,512,512,L,1.0,Tumor,True,0.004764556884765625,False
Train/P2-Mumtaz-S2/67595b68.png,Train_masks/P2-Mumtaz-S2/67595b68_mask.png,Train/P2-Mumtaz-S2/67595b68.json,train,P2-Mumtaz-S2,P2-Mumtaz-S2,Tumor,True,True,512,512,L,1.0,Tumor,True,0.00418853759765625,False
Train/P2-Mumtaz-S2/67595b69.png,Train_masks/P2-Mumtaz-S2/67595b69_mask.png,Train/P2-Mumtaz-S2/67595b69.json,train,P2-Mumtaz-S2,P2-Mumtaz-S2,Tumor,True,True,512,512,L,1.0,Tumor,True,0.0038909912109375,False
Train/P2-Mumtaz-S2/67595b6a.png,Train_masks/P2-Mumtaz-S2/67595b6a_mask.png,Train/P2-Mumtaz-S2/67595b6a.json,train,P2-Mumtaz-S2,P2-Mumtaz-S2,Tumor,True,True,512,512,L,1.0,Tumor,True,0.004711151123046875,False
Train/P2-Mumtaz-S2/67595b6b.png,Train_masks/P2-Mumtaz-S2/67595b6b_mask.png,Train/P2-Mumtaz-S2/67595b6b.json,train,P2-Mumtaz-S2,P2-Mumtaz-S2,Tumor,True,True,512,512,L,1.0,Tumor,True,0.0042724609375,False
Train/P2-Mumtaz-S2/67595b6c.png,Train_masks/P2-Mumtaz-S2/67595b6c_mask.png,Train/P2-Mumtaz-S2/67595b6c.json,train,P2-Mumtaz-S2,P2-Mumtaz-S2,Tumor,True,True,512,512,L,1.0,Tumor,True,0.004352569580078125,False
Train/P2-Mumtaz-S2/67595b6d.png,Train_masks/P2-Mumtaz-S2/67595b6d_mask.png,Train/P2-Mumtaz-S2/67595b6d.json,train,P2-Mumtaz-S2,P2-Mumtaz-S2,Tumor,True,True,512,512,L,1.0,Tumor,True,0.004608154296875,False
Train/P2-Mumtaz-S2/67595b6e.png,Train_masks/P2-Mumtaz-S2/67595b6e_mask.png,Train/P2-Mumtaz-S2/67595b6e.json,train,P2-Mumtaz-S2,P2-Mumtaz-S2,Tumor,True,True,512,512,L,1.0,Tumor,True,0.004352569580078125,False
Train/P2-Mumtaz-S2/67595b84.png,Train_masks/P2-Mumtaz-S2/67595b84_mask.png,Train/P2-Mumtaz-S2/67595b84.json,train,P2-Mumtaz-S2,P2-Mumtaz-S2,Tumor,True,True,512,512,L,1.0,Tumor,True,0.003879547119140625,False
Train/P2-Mumtaz-S2/be34f7.png,Train_masks/P2-Mumtaz-S2/be34f7_mask.png,Train/P2-Mumtaz-S2/be34f7.json,train,P2-Mumtaz-S2,P2-Mumtaz-S2,Tumor,True,True,512,512,L,1.0,Tumor,True,0.000728607177734375,False
Train/P2-Mumtaz-S2/be34f8.png,Train_masks/P2-Mumtaz-S2/be34f8_mask.png,Train/P2-Mumtaz-S2/be34f8.json,train,P2-Mumtaz-S2,P2-Mumtaz-S2,Tumor,True,True,512,512,L,1.0,Tumor,True,0.000732421875,False
Train/P2-Mumtaz-S2/be34f9.png,Train_masks/P2-Mumtaz-S2/be34f9_mask.png,Train/P2-Mumtaz-S2/be34f9.json,train,P2-Mumtaz-S2,P2-Mumtaz-S2,Tumor,True,True,512,512,L,1.0,Tumor,True,0.000858306884765625,False
Train/P2-Mumtaz-S2/be34fa.png,Train_masks/P2-Mumtaz-S2/be34fa_mask.png,Train/P2-Mumtaz-S2/be34fa.json,train,P2-Mumtaz-S2,P2-Mumtaz-S2,Tumor,True,True,512,512,L,1.0,Tumor,True,0.0009765625,False
Train/P2-Mumtaz-S2/be34fb.png,Train_masks/P2-Mumtaz-S2/be34fb_mask.png,Train/P2-Mumtaz-S2/be34fb.json,train,P2-Mumtaz-S2,P2-Mumtaz-S2,Tumor,True,True,512,512,L,1.0,Tumor,True,0.000885009765625,False
Train/P2-Mumtaz-S2/be34fc.png,Train_masks/P2-Mumtaz-S2/be34fc_mask.png,Train/P2-Mumtaz-S2/be34fc.json,train,P2-Mumtaz-S2,P2-Mumtaz-S2,Tumor,True,True,512,512,L,1.0,Tumor,True,0.000957489013671875,False
Train/P2-Mumtaz-S2/be34fd.png,Train_masks/P2-Mumtaz-S2/be34fd_mask.png,Train/P2-Mumtaz-S2/be34fd.json,train,P2-Mumtaz-S2,P2-Mumtaz-S2,Tumor,True,True,512,512,L,1.0,Tumor,True,0.00118255615234375,False
Train/P2-Mumtaz-S2/be34fe.png,Train_masks/P2-Mumtaz-S2/be34fe_mask.png,Train/P2-Mumtaz-S2/be34fe.json,train,P2-Mumtaz-S2,P2-Mumtaz-S2,Tumor,True,True,512,512,L,1.0,Tumor,True,0.001251220703125,False
Train/P2-Mumtaz-S2/be34ff.png,Train_masks/P2-Mumtaz-S2/be34ff_mask.png,Train/P2-Mumtaz-S2/be34ff.json,train,P2-Mumtaz-S2,P2-Mumtaz-S2,Tumor,True,True,512,512,L,1.0,Tumor,True,0.0013885498046875,False
Train/P2-Mumtaz-S2/be3500.png,Train_masks/P2-Mumtaz-S2/be3500_mask.png,Train/P2-Mumtaz-S2/be3500.json,train,P2-Mumtaz-S2,P2-Mumtaz-S2,Tumor,True,True,512,512,L,1.0,Tumor,True,0.0014801025390625,False
Train/P2-Mumtaz-S2/be3516.png,Train_masks/P2-Mumtaz-S2/be3516_mask.png,Train/P2-Mumtaz-S2/be3516.json,train,P2-Mumtaz-S2,P2-Mumtaz-S2,Tumor,True,True,512,512,L,1.0,Tumor,True,0.00144195556640625,False
Train/P2-Mumtaz-S2/be3517.png,Train_masks/P2-Mumtaz-S2/be3517_mask.png,Train/P2-Mumtaz-S2/be3517.json,train,P2-Mumtaz-S2,P2-Mumtaz-S2,Tumor,True,True,512,512,L,1.0,Tumor,True,0.001529693603515625,False
Train/P2-Mumtaz-S2/be3518.png,Train_masks/P2-Mumtaz-S2/be3518_mask.png,Train/P2-Mumtaz-S2/be3518.json,train,P2-Mumtaz-S2,P2-Mumtaz-S2,Tumor,True,True,512,512,L,1.0,Tumor,True,0.00199127197265625,False
Train/P2-Mumtaz-S2/be3519.png,Train_masks/P2-Mumtaz-S2/be3519_mask.png,Train/P2-Mumtaz-S2/be3519.json,train,P2-Mumtaz-S2,P2-Mumtaz-S2,Tumor,True,True,512,512,L,1.0,Tumor,True,0.001873016357421875,False
Train/P2-Mumtaz-S2/be351a.png,Train_masks/P2-Mumtaz-S2/be351a_mask.png,Train/P2-Mumtaz-S2/be351a.json,train,P2-Mumtaz-S2,P2-Mumtaz-S2,Tumor,True,True,512,512,L,1.0,Tumor,True,0.001819610595703125,False
Train/P2-Mumtaz-S2/be351b.png,Train_masks/P2-Mumtaz-S2/be351b_mask.png,Train/P2-Mumtaz-S2/be351b.json,train,P2-Mumtaz-S2,P2-Mumtaz-S2,Tumor,True,True,512,512,L,1.0,Tumor,True,0.001735687255859375,False
Train/P2-Mumtaz-S2/be351c.png,Train_masks/P2-Mumtaz-S2/be351c_mask.png,Train/P2-Mumtaz-S2/be351c.json,train,P2-Mumtaz-S2,P2-Mumtaz-S2,Tumor,True,True,512,512,L,1.0,Tumor,True,0.001682281494140625,False
Train/P2-Mumtaz-S2/be351d.png,Train_masks/P2-Mumtaz-S2/be351d_mask.png,Train/P2-Mumtaz-S2/be351d.json,train,P2-Mumtaz-S2,P2-Mumtaz-S2,Tumor,True,True,512,512,L,1.0,Tumor,True,0.001834869384765625,False
Train/P2-Mumtaz-S2/be351e.png,Train_masks/P2-Mumtaz-S2/be351e_mask.png,Train/P2-Mumtaz-S2/be351e.json,train,P2-Mumtaz-S2,P2-Mumtaz-S2,Tumor,True,True,512,512,L,1.0,Tumor,True,0.002147674560546875,False
Train/P2-Mumtaz-S2/be351f.png,Train_masks/P2-Mumtaz-S2/be351f_mask.png,Train/P2-Mumtaz-S2/be351f.json,train,P2-Mumtaz-S2,P2-Mumtaz-S2,Tumor,True,True,512,512,L,1.0,Tumor,True,0.001773834228515625,False
Train/P2-Mumtaz-S2/be37c0.png,Train_masks/P2-Mumtaz-S2/be37c0_mask.png,Train/P2-Mumtaz-S2/be37c0.json,train,P2-Mumtaz-S2,P2-Mumtaz-S2,Tumor,True,True,512,512,L,1.0,Tumor,True,0.001972198486328125,False
Train/P2-Mumtaz-S2/be37c1.png,Train_masks/P2-Mumtaz-S2/be37c1_mask.png,Train/P2-Mumtaz-S2/be37c1.json,train,P2-Mumtaz-S2,P2-Mumtaz-S2,Tumor,True,True,512,512,L,1.0,Tumor,True,0.001857757568359375,False
Train/P2-Mumtaz-S2/be37c2.png,Train_masks/P2-Mumtaz-S2/be37c2_mask.png,Train/P2-Mumtaz-S2/be37c2.json,train,P2-Mumtaz-S2,P2-Mumtaz-S2,Tumor,True,True,512,512,L,1.0,Tumor,True,0.002033233642578125,False
Train/P2-Mumtaz-S2/be37c3.png,Train_masks/P2-Mumtaz-S2/be37c3_mask.png,Train/P2-Mumtaz-S2/be37c3.json,train,P2-Mumtaz-S2,P2-Mumtaz-S2,Tumor,True,True,512,512,L,1.0,Tumor,True,0.0018310546875,False
Train/P2-Mumtaz-S2/be37c4.png,Train_masks/P2-Mumtaz-S2/be37c4_mask.png,Train/P2-Mumtaz-S2/be37c4.json,train,P2-Mumtaz-S2,P2-Mumtaz-S2,Tumor,True,True,512,512,L,1.0,Tumor,True,0.001720428466796875,False
Train/P2-Mumtaz-S2/be37c5.png,Train_masks/P2-Mumtaz-S2/be37c5_mask.png,Train/P2-Mumtaz-S2/be37c5.json,train,P2-Mumtaz-S2,P2-Mumtaz-S2,Tumor,True,True,512,512,L,1.0,Tumor,True,0.00164031982421875,False
Train/P2-Mumtaz-S2/be37c6.png,Train_masks/P2-Mumtaz-S2/be37c6_mask.png,Train/P2-Mumtaz-S2/be37c6.json,train,P2-Mumtaz-S2,P2-Mumtaz-S2,Tumor,True,True,512,512,L,1.0,Tumor,True,0.001605987548828125,False
Train/P2-Mumtaz-S2/be37c7.png,Train_masks/P2-Mumtaz-S2/be37c7_mask.png,Train/P2-Mumtaz-S2/be37c7.json,train,P2-Mumtaz-S2,P2-Mumtaz-S2,Tumor,True,True,512,512,L,1.0,Tumor,True,0.001689910888671875,False
Train/P2-Mumtaz-S2/be37c8.png,Train_masks/P2-Mumtaz-S2/be37c8_mask.png,Train/P2-Mumtaz-S2/be37c8.json,train,P2-Mumtaz-S2,P2-Mumtaz-S2,Tumor,True,True,512,512,L,1.0,Tumor,True,0.00180816650390625,False
Train/P2-Mumtaz-S2/be37c9.png,Train_masks/P2-Mumtaz-S2/be37c9_mask.png,Train/P2-Mumtaz-S2/be37c9.json,train,P2-Mumtaz-S2,P2-Mumtaz-S2,Tumor,True,True,512,512,L,1.0,Tumor,True,0.00191497802734375,False
Train/P2-Mumtaz-S2/be37df.png,Train_masks/P2-Mumtaz-S2/be37df_mask.png,Train/P2-Mumtaz-S2/be37df.json,train,P2-Mumtaz-S2,P2-Mumtaz-S2,Tumor,True,True,512,512,L,1.0,Tumor,True,0.00269317626953125,False
Train/P2-Mumtaz-S2/be37e0.png,Train_masks/P2-Mumtaz-S2/be37e0_mask.png,Train/P2-Mumtaz-S2/be37e0.json,train,P2-Mumtaz-S2,P2-Mumtaz-S2,Tumor,True,True,512,512,L,1.0,Tumor,True,0.002788543701171875,False
Train/P2-Mumtaz-S2/be37e1.png,Train_masks/P2-Mumtaz-S2/be37e1_mask.png,Train/P2-Mumtaz-S2/be37e1.json,train,P2-Mumtaz-S2,P2-Mumtaz-S2,Tumor,True,True,512,512,L,1.0,Tumor,True,0.002735137939453125,False
Train/P2-Mumtaz-S2/be37e2.png,Train_masks/P2-Mumtaz-S2/be37e2_mask.png,Train/P2-Mumtaz-S2/be37e2.json,train,P2-Mumtaz-S2,P2-Mumtaz-S2,Tumor,True,True,512,512,L,1.0,Tumor,True,0.002552032470703125,False
Train/P2-Mumtaz-S2/be37e3.png,Train_masks/P2-Mumtaz-S2/be37e3_mask.png,Train/P2-Mumtaz-S2/be37e3.json,train,P2-Mumtaz-S2,P2-Mumtaz-S2,Tumor,True,True,512,512,L,1.0,Tumor,True,0.00251007080078125,False
Train/P2-Mumtaz-S2/be37e4.png,Train_masks/P2-Mumtaz-S2/be37e4_mask.png,Train/P2-Mumtaz-S2/be37e4.json,train,P2-Mumtaz-S2,P2-Mumtaz-S2,Tumor,True,True,512,512,L,1.0,Tumor,True,0.002338409423828125,False
Train/P2-Mumtaz-S2/be37e5.png,Train_masks/P2-Mumtaz-S2/be37e5_mask.png,Train/P2-Mumtaz-S2/be37e5.json,train,P2-Mumtaz-S2,P2-Mumtaz-S2,Tumor,True,True,512,512,L,1.0,Tumor,True,0.0026702880859375,False
Train/P2-Mumtaz-S2/be37e6.png,Train_masks/P2-Mumtaz-S2/be37e6_mask.png,Train/P2-Mumtaz-S2/be37e6.json,train,P2-Mumtaz-S2,P2-Mumtaz-S2,Tumor,True,True,512,512,L,1.0,Tumor,True,0.002811431884765625,False
Train/P2-Mumtaz-S2/be37e7.png,Train_masks/P2-Mumtaz-S2/be37e7_mask.png,Train/P2-Mumtaz-S2/be37e7.json,train,P2-Mumtaz-S2,P2-Mumtaz-S2,Tumor,True,True,512,512,L,1.0,Tumor,True,0.003200531005859375,False
Train/P2-Mumtaz-S2/be37e8.png,Train_masks/P2-Mumtaz-S2/be37e8_mask.png,Train/P2-Mumtaz-S2/be37e8.json,train,P2-Mumtaz-S2,P2-Mumtaz-S2,Tumor,True,True,512,512,L,1.0,Tumor,True,0.002399444580078125,False
Train/P2-Mumtaz-S2/be37fe.png,Train_masks/P2-Mumtaz-S2/be37fe_mask.png,Train/P2-Mumtaz-S2/be37fe.json,train,P2-Mumtaz-S2,P2-Mumtaz-S2,Tumor,True,True,512,512,L,1.0,Tumor,True,0.0026092529296875,False
Train/P2-Mumtaz-S2/be37ff.png,Train_masks/P2-Mumtaz-S2/be37ff_mask.png,Train/P2-Mumtaz-S2/be37ff.json,train,P2-Mumtaz-S2,P2-Mumtaz-S2,Tumor,True,True,512,512,L,1.0,Tumor,True,0.00226593017578125,False
Train/P2-Mumtaz-S2/be3800.png,Train_masks/P2-Mumtaz-S2/be3800_mask.png,Train/P2-Mumtaz-S2/be3800.json,train,P2-Mumtaz-S2,P2-Mumtaz-S2,Tumor,True,True,512,512,L,1.0,Tumor,True,0.002384185791015625,False
Train/P2-Mumtaz-S2/be3801.png,Train_masks/P2-Mumtaz-S2/be3801_mask.png,Train/P2-Mumtaz-S2/be3801.json,train,P2-Mumtaz-S2,P2-Mumtaz-S2,Tumor,True,True,512,512,L,1.0,Tumor,True,0.002593994140625,False
Train/P2-Mumtaz-S2/be3802.png,Train_masks/P2-Mumtaz-S2/be3802_mask.png,Train/P2-Mumtaz-S2/be3802.json,train,P2-Mumtaz-S2,P2-Mumtaz-S2,Tumor,True,True,512,512,L,1.0,Tumor,True,0.002666473388671875,False
Train/P2-Mumtaz-S2/be3803.png,Train_masks/P2-Mumtaz-S2/be3803_mask.png,Train/P2-Mumtaz-S2/be3803.json,train,P2-Mumtaz-S2,P2-Mumtaz-S2,Tumor,True,True,512,512,L,1.0,Tumor,True,0.00333404541015625,False
Train/P2-Mumtaz-S2/be3804.png,Train_masks/P2-Mumtaz-S2/be3804_mask.png,Train/P2-Mumtaz-S2/be3804.json,train,P2-Mumtaz-S2,P2-Mumtaz-S2,Tumor,True,True,512,512,L,1.0,Tumor,True,0.00327301025390625,False
Train/P2-Mumtaz-S2/be3805.png,Train_masks/P2-Mumtaz-S2/be3805_mask.png,Train/P2-Mumtaz-S2/be3805.json,train,P2-Mumtaz-S2,P2-Mumtaz-S2,Tumor,True,True,512,512,L,1.0,Tumor,True,0.003143310546875,False
Train/P2-Mumtaz-S2/be3806.png,Train_masks/P2-Mumtaz-S2/be3806_mask.png,Train/P2-Mumtaz-S2/be3806.json,train,P2-Mumtaz-S2,P2-Mumtaz-S2,Tumor,True,True,512,512,L,1.0,Tumor,True,0.00290679931640625,False
Train/P2-Mumtaz-S2/be3807.png,Train_masks/P2-Mumtaz-S2/be3807_mask.png,Train/P2-Mumtaz-S2/be3807.json,train,P2-Mumtaz-S2,P2-Mumtaz-S2,Tumor,True,True,512,512,L,1.0,Tumor,True,0.00336456298828125,False
Train/P2-Mumtaz-S2/be381d.png,Train_masks/P2-Mumtaz-S2/be381d_mask.png,Train/P2-Mumtaz-S2/be381d.json,train,P2-Mumtaz-S2,P2-Mumtaz-S2,Tumor,True,True,512,512,L,1.0,Tumor,True,0.003292083740234375,False
Train/P2-Mumtaz-S2/be381e.png,Train_masks/P2-Mumtaz-S2/be381e_mask.png,Train/P2-Mumtaz-S2/be381e.json,train,P2-Mumtaz-S2,P2-Mumtaz-S2,Tumor,True,True,512,512,L,1.0,Tumor,True,0.00330352783203125,False
Train/P2-Mumtaz-S2/be381f.png,Train_masks/P2-Mumtaz-S2/be381f_mask.png,Train/P2-Mumtaz-S2/be381f.json,train,P2-Mumtaz-S2,P2-Mumtaz-S2,Tumor,True,True,512,512,L,1.0,Tumor,True,0.003009796142578125,False
Train/P2-Mumtaz-S2/be3820.png,Train_masks/P2-Mumtaz-S2/be3820_mask.png,Train/P2-Mumtaz-S2/be3820.json,train,P2-Mumtaz-S2,P2-Mumtaz-S2,Tumor,True,True,512,512,L,1.0,Tumor,True,0.003047943115234375,False
Train/P2-Mumtaz-S2/be3821.png,Train_masks/P2-Mumtaz-S2/be3821_mask.png,Train/P2-Mumtaz-S2/be3821.json,train,P2-Mumtaz-S2,P2-Mumtaz-S2,Tumor,True,True,512,512,L,1.0,Tumor,True,0.00307464599609375,False
Train/P2-Mumtaz-S2/be3822.png,Train_masks/P2-Mumtaz-S2/be3822_mask.png,Train/P2-Mumtaz-S2/be3822.json,train,P2-Mumtaz-S2,P2-Mumtaz-S2,Tumor,True,True,512,512,L,1.0,Tumor,True,0.004459381103515625,False
Train/P2-Mumtaz-S2/be3823.png,Train_masks/P2-Mumtaz-S2/be3823_mask.png,Train/P2-Mumtaz-S2/be3823.json,train,P2-Mumtaz-S2,P2-Mumtaz-S2,Tumor,True,True,512,512,L,1.0,Tumor,True,0.004070281982421875,False
Train/P2-Mumtaz-S2/be3824.png,Train_masks/P2-Mumtaz-S2/be3824_mask.png,Train/P2-Mumtaz-S2/be3824.json,train,P2-Mumtaz-S2,P2-Mumtaz-S2,Tumor,True,True,512,512,L,1.0,Tumor,True,0.004108428955078125,False
Train/P2-Mumtaz-S2/be3825.png,Train_masks/P2-Mumtaz-S2/be3825_mask.png,Train/P2-Mumtaz-S2/be3825.json,train,P2-Mumtaz-S2,P2-Mumtaz-S2,Tumor,True,True,512,512,L,1.0,Tumor,True,0.004367828369140625,False
Train/P2-Mumtaz-S2/be3826.png,Train_masks/P2-Mumtaz-S2/be3826_mask.png,Train/P2-Mumtaz-S2/be3826.json,train,P2-Mumtaz-S2,P2-Mumtaz-S2,Tumor,True,True,512,512,L,1.0,Tumor,True,0.0042877197265625,False
Train/P2-Mumtaz-S2/be383c.png,Train_masks/P2-Mumtaz-S2/be383c_mask.png,Train/P2-Mumtaz-S2/be383c.json,train,P2-Mumtaz-S2,P2-Mumtaz-S2,Tumor,True,True,512,512,L,1.0,Tumor,True,0.004268646240234375,False
Train/P2-Mumtaz-S2/be383d.png,Train_masks/P2-Mumtaz-S2/be383d_mask.png,Train/P2-Mumtaz-S2/be383d.json,train,P2-Mumtaz-S2,P2-Mumtaz-S2,Tumor,True,True,512,512,L,1.0,Tumor,True,0.004161834716796875,False
Train/P2-Mumtaz-S2/be383e.png,Train_masks/P2-Mumtaz-S2/be383e_mask.png,Train/P2-Mumtaz-S2/be383e.json,train,P2-Mumtaz-S2,P2-Mumtaz-S2,Tumor,True,True,512,512,L,1.0,Tumor,True,0.003887176513671875,False
Train/P2-Mumtaz-S2/be383f.png,Train_masks/P2-Mumtaz-S2/be383f_mask.png,Train/P2-Mumtaz-S2/be383f.json,train,P2-Mumtaz-S2,P2-Mumtaz-S2,Tumor,True,True,512,512,L,1.0,Tumor,True,0.004360198974609375,False
Train/P2-Mumtaz-S2/be3840.png,Train_masks/P2-Mumtaz-S2/be3840_mask.png,Train/P2-Mumtaz-S2/be3840.json,train,P2-Mumtaz-S2,P2-Mumtaz-S2,Tumor,True,True,512,512,L,1.0,Tumor,True,0.0040435791015625,False
Train/P2-Mumtaz-S2/be3841.png,Train_masks/P2-Mumtaz-S2/be3841_mask.png,Train/P2-Mumtaz-S2/be3841.json,train,P2-Mumtaz-S2,P2-Mumtaz-S2,Tumor,True,True,512,512,L,1.0,Tumor,True,0.004840850830078125,False
Train/P2-Mumtaz-S2/be3842.png,Train_masks/P2-Mumtaz-S2/be3842_mask.png,Train/P2-Mumtaz-S2/be3842.json,train,P2-Mumtaz-S2,P2-Mumtaz-S2,Tumor,True,True,512,512,L,1.0,Tumor,True,0.0048828125,False
Train/P2-Mumtaz-S2/be3843.png,Train_masks/P2-Mumtaz-S2/be3843_mask.png,Train/P2-Mumtaz-S2/be3843.json,train,P2-Mumtaz-S2,P2-Mumtaz-S2,Tumor,True,True,512,512,L,1.0,Tumor,True,0.00441741943359375,False
Train/P2-Mumtaz-S2/be3844.png,Train_masks/P2-Mumtaz-S2/be3844_mask.png,Train/P2-Mumtaz-S2/be3844.json,train,P2-Mumtaz-S2,P2-Mumtaz-S2,Tumor,True,True,512,512,L,1.0,Tumor,True,0.004150390625,False
Train/P2-Mumtaz-S2/be3845.png,Train_masks/P2-Mumtaz-S2/be3845_mask.png,Train/P2-Mumtaz-S2/be3845.json,train,P2-Mumtaz-S2,P2-Mumtaz-S2,Tumor,True,True,512,512,L,1.0,Tumor,True,0.005367279052734375,False
Train/P2-Mumtaz-S2/be385b.png,Train_masks/P2-Mumtaz-S2/be385b_mask.png,Train/P2-Mumtaz-S2/be385b.json,train,P2-Mumtaz-S2,P2-Mumtaz-S2,Tumor,True,True,512,512,L,1.0,Tumor,True,0.004657745361328125,False
Train/P2-Mumtaz-S2/be385c.png,Train_masks/P2-Mumtaz-S2/be385c_mask.png,Train/P2-Mumtaz-S2/be385c.json,train,P2-Mumtaz-S2,P2-Mumtaz-S2,Tumor,True,True,512,512,L,1.0,Tumor,True,0.00399017333984375,False
Train/P2-Mumtaz-S2/be385d.png,Train_masks/P2-Mumtaz-S2/be385d_mask.png,Train/P2-Mumtaz-S2/be385d.json,train,P2-Mumtaz-S2,P2-Mumtaz-S2,Tumor,True,True,512,512,L,1.0,Tumor,True,0.003780364990234375,False
Train/P2-Mumtaz-S2/be385e.png,Train_masks/P2-Mumtaz-S2/be385e_mask.png,Train/P2-Mumtaz-S2/be385e.json,train,P2-Mumtaz-S2,P2-Mumtaz-S2,Tumor,True,True,512,512,L,1.0,Tumor,True,0.00330352783203125,False
Train/P2-Mumtaz-S2/be385f.png,Train_masks/P2-Mumtaz-S2/be385f_mask.png,Train/P2-Mumtaz-S2/be385f.json,train,P2-Mumtaz-S2,P2-Mumtaz-S2,Tumor,True,True,512,512,L,1.0,Tumor,True,0.003612518310546875,False
Train/P2-Parveen-S4/54016d7c.png,Train_masks/P2-Parveen-S4/54016d7c_mask.png,Train/P2-Parveen-S4/54016d7c.json,train,P2-Parveen-S4,P2-Parveen-S4,Tumor,True,True,512,512,L,1.0,Tumor,True,0.003326416015625,False
Train/P2-Parveen-S4/54016d7d.png,Train_masks/P2-Parveen-S4/54016d7d_mask.png,Train/P2-Parveen-S4/54016d7d.json,train,P2-Parveen-S4,P2-Parveen-S4,Tumor,True,True,512,512,L,1.0,Tumor,True,0.004474639892578125,False
Train/P2-Parveen-S4/54016d7e.png,Train_masks/P2-Parveen-S4/54016d7e_mask.png,Train/P2-Parveen-S4/54016d7e.json,train,P2-Parveen-S4,P2-Parveen-S4,Tumor,True,True,512,512,L,1.0,Tumor,True,0.003643035888671875,False
Train/P2-Parveen-S4/54016d94.png,Train_masks/P2-Parveen-S4/54016d94_mask.png,Train/P2-Parveen-S4/54016d94.json,train,P2-Parveen-S4,P2-Parveen-S4,Tumor,True,True,512,512,L,1.0,Tumor,True,0.005130767822265625,False
Train/P2-Parveen-S4/54016d95.png,Train_masks/P2-Parveen-S4/54016d95_mask.png,Train/P2-Parveen-S4/54016d95.json,train,P2-Parveen-S4,P2-Parveen-S4,Tumor,True,True,512,512,L,1.0,Tumor,True,0.0057525634765625,False
Train/P2-Parveen-S4/54016d96.png,Train_masks/P2-Parveen-S4/54016d96_mask.png,Train/P2-Parveen-S4/54016d96.json,train,P2-Parveen-S4,P2-Parveen-S4,Tumor,True,True,512,512,L,1.0,Tumor,True,0.00472259521484375,False
Train/P2-Parveen-S4/54016d97.png,Train_masks/P2-Parveen-S4/54016d97_mask.png,Train/P2-Parveen-S4/54016d97.json,train,P2-Parveen-S4,P2-Parveen-S4,Tumor,True,True,512,512,L,1.0,Tumor,True,0.00550079345703125,False
Train/P2-Parveen-S4/54016d98.png,Train_masks/P2-Parveen-S4/54016d98_mask.png,Train/P2-Parveen-S4/54016d98.json,train,P2-Parveen-S4,P2-Parveen-S4,Tumor,True,True,512,512,L,1.0,Tumor,True,0.004871368408203125,False
Train/P2-Parveen-S4/54016d99.png,Train_masks/P2-Parveen-S4/54016d99_mask.png,Train/P2-Parveen-S4/54016d99.json,train,P2-Parveen-S4,P2-Parveen-S4,Tumor,True,True,512,512,L,1.0,Tumor,True,0.004840850830078125,False
Train/P2-Parveen-S4/54016d9a.png,Train_masks/P2-Parveen-S4/54016d9a_mask.png,Train/P2-Parveen-S4/54016d9a.json,train,P2-Parveen-S4,P2-Parveen-S4,Tumor,True,True,512,512,L,1.0,Tumor,True,0.005298614501953125,False
Train/P2-Parveen-S4/54016d9b.png,Train_masks/P2-Parveen-S4/54016d9b_mask.png,Train/P2-Parveen-S4/54016d9b.json,train,P2-Parveen-S4,P2-Parveen-S4,Tumor,True,True,512,512,L,1.0,Tumor,True,0.00531005859375,False
Train/P2-Parveen-S4/54016d9c.png,Train_masks/P2-Parveen-S4/54016d9c_mask.png,Train/P2-Parveen-S4/54016d9c.json,train,P2-Parveen-S4,P2-Parveen-S4,Tumor,True,True,512,512,L,1.0,Tumor,True,0.005168914794921875,False
Train/P2-Parveen-S4/54016d9d.png,Train_masks/P2-Parveen-S4/54016d9d_mask.png,Train/P2-Parveen-S4/54016d9d.json,train,P2-Parveen-S4,P2-Parveen-S4,Tumor,True,True,512,512,L,1.0,Tumor,True,0.00537109375,False
Train/P2-Parveen-S4/5401703e.png,Train_masks/P2-Parveen-S4/5401703e_mask.png,Train/P2-Parveen-S4/5401703e.json,train,P2-Parveen-S4,P2-Parveen-S4,Tumor,True,True,512,512,L,1.0,Tumor,True,0.005420684814453125,False
Train/P2-Parveen-S4/5401703f.png,Train_masks/P2-Parveen-S4/5401703f_mask.png,Train/P2-Parveen-S4/5401703f.json,train,P2-Parveen-S4,P2-Parveen-S4,Tumor,True,True,512,512,L,1.0,Tumor,True,0.00560760498046875,False
Train/P2-Parveen-S4/54017040.png,Train_masks/P2-Parveen-S4/54017040_mask.png,Train/P2-Parveen-S4/54017040.json,train,P2-Parveen-S4,P2-Parveen-S4,Tumor,True,True,512,512,L,1.0,Tumor,True,0.006206512451171875,False
Train/P2-Parveen-S4/54017041.png,Train_masks/P2-Parveen-S4/54017041_mask.png,Train/P2-Parveen-S4/54017041.json,train,P2-Parveen-S4,P2-Parveen-S4,Tumor,True,True,512,512,L,1.0,Tumor,True,0.0054473876953125,False
Train/P2-Parveen-S4/54017042.png,Train_masks/P2-Parveen-S4/54017042_mask.png,Train/P2-Parveen-S4/54017042.json,train,P2-Parveen-S4,P2-Parveen-S4,Tumor,True,True,512,512,L,1.0,Tumor,True,0.0060577392578125,False
Train/P2-Parveen-S4/54017043.png,Train_masks/P2-Parveen-S4/54017043_mask.png,Train/P2-Parveen-S4/54017043.json,train,P2-Parveen-S4,P2-Parveen-S4,Tumor,True,True,512,512,L,1.0,Tumor,True,0.006267547607421875,False
Train/P2-Parveen-S4/54017044.png,Train_masks/P2-Parveen-S4/54017044_mask.png,Train/P2-Parveen-S4/54017044.json,train,P2-Parveen-S4,P2-Parveen-S4,Tumor,True,True,512,512,L,1.0,Tumor,True,0.0062255859375,False
Train/P2-Parveen-S4/54017045.png,Train_masks/P2-Parveen-S4/54017045_mask.png,Train/P2-Parveen-S4/54017045.json,train,P2-Parveen-S4,P2-Parveen-S4,Tumor,True,True,512,512,L,1.0,Tumor,True,0.005901336669921875,False
Train/P2-Parveen-S4/54017046.png,Train_masks/P2-Parveen-S4/54017046_mask.png,Train/P2-Parveen-S4/54017046.json,train,P2-Parveen-S4,P2-Parveen-S4,Tumor,True,True,512,512,L,1.0,Tumor,True,0.00634002685546875,False
Train/P2-Parveen-S4/54017047.png,Train_masks/P2-Parveen-S4/54017047_mask.png,Train/P2-Parveen-S4/54017047.json,train,P2-Parveen-S4,P2-Parveen-S4,Tumor,True,True,512,512,L,1.0,Tumor,True,0.006023406982421875,False
Train/P2-Parveen-S4/5401705d.png,Train_masks/P2-Parveen-S4/5401705d_mask.png,Train/P2-Parveen-S4/5401705d.json,train,P2-Parveen-S4,P2-Parveen-S4,Tumor,True,True,512,512,L,1.0,Tumor,True,0.005519866943359375,False
Train/P2-Parveen-S4/5401705e.png,Train_masks/P2-Parveen-S4/5401705e_mask.png,Train/P2-Parveen-S4/5401705e.json,train,P2-Parveen-S4,P2-Parveen-S4,Tumor,True,True,512,512,L,1.0,Tumor,True,0.005702972412109375,False
Train/P2-Parveen-S4/5401705f.png,Train_masks/P2-Parveen-S4/5401705f_mask.png,Train/P2-Parveen-S4/5401705f.json,train,P2-Parveen-S4,P2-Parveen-S4,Tumor,True,True,512,512,L,1.0,Tumor,True,0.0061187744140625,False
Train/P2-Parveen-S4/54017060.png,Train_masks/P2-Parveen-S4/54017060_mask.png,Train/P2-Parveen-S4/54017060.json,train,P2-Parveen-S4,P2-Parveen-S4,Tumor,True,True,512,512,L,1.0,Tumor,True,0.005641937255859375,False
Train/P2-Parveen-S4/54017061.png,Train_masks/P2-Parveen-S4/54017061_mask.png,Train/P2-Parveen-S4/54017061.json,train,P2-Parveen-S4,P2-Parveen-S4,Tumor,True,True,512,512,L,1.0,Tumor,True,0.005191802978515625,False
Train/P2-Parveen-S4/54017062.png,Train_masks/P2-Parveen-S4/54017062_mask.png,Train/P2-Parveen-S4/54017062.json,train,P2-Parveen-S4,P2-Parveen-S4,Tumor,True,True,512,512,L,1.0,Tumor,True,0.006008148193359375,False
Train/P2-Parveen-S4/54017063.png,Train_masks/P2-Parveen-S4/54017063_mask.png,Train/P2-Parveen-S4/54017063.json,train,P2-Parveen-S4,P2-Parveen-S4,Tumor,True,True,512,512,L,1.0,Tumor,True,0.00601959228515625,False
Train/P2-Parveen-S4/54017064.png,Train_masks/P2-Parveen-S4/54017064_mask.png,Train/P2-Parveen-S4/54017064.json,train,P2-Parveen-S4,P2-Parveen-S4,Tumor,True,True,512,512,L,1.0,Tumor,True,0.00640869140625,False
Train/P2-Parveen-S4/54017065.png,Train_masks/P2-Parveen-S4/54017065_mask.png,Train/P2-Parveen-S4/54017065.json,train,P2-Parveen-S4,P2-Parveen-S4,Tumor,True,True,512,512,L,1.0,Tumor,True,0.007030487060546875,False
Train/P2-Parveen-S4/54017066.png,Train_masks/P2-Parveen-S4/54017066_mask.png,Train/P2-Parveen-S4/54017066.json,train,P2-Parveen-S4,P2-Parveen-S4,Tumor,True,True,512,512,L,1.0,Tumor,True,0.007354736328125,False
Train/P2-Parveen-S4/5401707c.png,Train_masks/P2-Parveen-S4/5401707c_mask.png,Train/P2-Parveen-S4/5401707c.json,train,P2-Parveen-S4,P2-Parveen-S4,Tumor,True,True,512,512,L,1.0,Tumor,True,0.00800323486328125,False
Train/P2-Parveen-S4/5401707d.png,Train_masks/P2-Parveen-S4/5401707d_mask.png,Train/P2-Parveen-S4/5401707d.json,train,P2-Parveen-S4,P2-Parveen-S4,Tumor,True,True,512,512,L,1.0,Tumor,True,0.00743865966796875,False
Train/P2-Parveen-S4/5401707e.png,Train_masks/P2-Parveen-S4/5401707e_mask.png,Train/P2-Parveen-S4/5401707e.json,train,P2-Parveen-S4,P2-Parveen-S4,Tumor,True,True,512,512,L,1.0,Tumor,True,0.0073089599609375,False
Train/P2-Parveen-S4/5401707f.png,Train_masks/P2-Parveen-S4/5401707f_mask.png,Train/P2-Parveen-S4/5401707f.json,train,P2-Parveen-S4,P2-Parveen-S4,Tumor,True,True,512,512,L,1.0,Tumor,True,0.005657196044921875,False
Train/P2-Parveen-S4/54017080.png,Train_masks/P2-Parveen-S4/54017080_mask.png,Train/P2-Parveen-S4/54017080.json,train,P2-Parveen-S4,P2-Parveen-S4,Tumor,True,True,512,512,L,1.0,Tumor,True,0.00577545166015625,False
Train/P2-Parveen-S4/54017081.png,Train_masks/P2-Parveen-S4/54017081_mask.png,Train/P2-Parveen-S4/54017081.json,train,P2-Parveen-S4,P2-Parveen-S4,Tumor,True,True,512,512,L,1.0,Tumor,True,0.005435943603515625,False
Train/P2-Parveen-S4/54017082.png,Train_masks/P2-Parveen-S4/54017082_mask.png,Train/P2-Parveen-S4/54017082.json,train,P2-Parveen-S4,P2-Parveen-S4,Tumor,True,True,512,512,L,1.0,Tumor,True,0.00518798828125,False
Train/P2-Parveen-S4/54017083.png,Train_masks/P2-Parveen-S4/54017083_mask.png,Train/P2-Parveen-S4/54017083.json,train,P2-Parveen-S4,P2-Parveen-S4,Tumor,True,True,512,512,L,1.0,Tumor,True,0.00567626953125,False
Train/P2-Parveen-S4/540170a0.png,Train_masks/P2-Parveen-S4/540170a0_mask.png,Train/P2-Parveen-S4/540170a0.json,train,P2-Parveen-S4,P2-Parveen-S4,Tumor,True,True,512,512,L,1.0,Tumor,True,0.000530242919921875,False
Train/P2-Parveen-S4/540170a1.png,Train_masks/P2-Parveen-S4/540170a1_mask.png,Train/P2-Parveen-S4/540170a1.json,train,P2-Parveen-S4,P2-Parveen-S4,Tumor,True,True,512,512,L,1.0,Tumor,True,0.00057220458984375,False
Train/P2-Parveen-S4/540170a2.png,Train_masks/P2-Parveen-S4/540170a2_mask.png,Train/P2-Parveen-S4/540170a2.json,train,P2-Parveen-S4,P2-Parveen-S4,Tumor,True,True,512,512,L,1.0,Tumor,True,0.003173828125,False
Train/P2-Parveen-S4/540170a3.png,Train_masks/P2-Parveen-S4/540170a3_mask.png,Train/P2-Parveen-S4/540170a3.json,train,P2-Parveen-S4,P2-Parveen-S4,Tumor,True,True,512,512,L,1.0,Tumor,True,0.003818511962890625,False
Train/P2-Parveen-S4/540170a4.png,Train_masks/P2-Parveen-S4/540170a4_mask.png,Train/P2-Parveen-S4/540170a4.json,train,P2-Parveen-S4,P2-Parveen-S4,Tumor,True,True,512,512,L,1.0,Tumor,True,0.004184722900390625,False
Train/P2-Parveen-S4/540170ba.png,Train_masks/P2-Parveen-S4/540170ba_mask.png,Train/P2-Parveen-S4/540170ba.json,train,P2-Parveen-S4,P2-Parveen-S4,Tumor,True,True,512,512,L,1.0,Tumor,True,0.0040435791015625,False
Train/P2-Parveen-S4/540170bb.png,Train_masks/P2-Parveen-S4/540170bb_mask.png,Train/P2-Parveen-S4/540170bb.json,train,P2-Parveen-S4,P2-Parveen-S4,Tumor,True,True,512,512,L,1.0,Tumor,True,0.0044097900390625,False
Train/P2-Parveen-S4/540170bc.png,Train_masks/P2-Parveen-S4/540170bc_mask.png,Train/P2-Parveen-S4/540170bc.json,train,P2-Parveen-S4,P2-Parveen-S4,Tumor,True,True,512,512,L,1.0,Tumor,True,0.00441741943359375,False
Train/P2-Parveen-S4/540170bd.png,Train_masks/P2-Parveen-S4/540170bd_mask.png,Train/P2-Parveen-S4/540170bd.json,train,P2-Parveen-S4,P2-Parveen-S4,Tumor,True,True,512,512,L,1.0,Tumor,True,0.005702972412109375,False
Train/P2-Parveen-S4/540170be.png,Train_masks/P2-Parveen-S4/540170be_mask.png,Train/P2-Parveen-S4/540170be.json,train,P2-Parveen-S4,P2-Parveen-S4,Tumor,True,True,512,512,L,1.0,Tumor,True,0.005451202392578125,False
Train/P2-Parveen-S4/540170bf.png,Train_masks/P2-Parveen-S4/540170bf_mask.png,Train/P2-Parveen-S4/540170bf.json,train,P2-Parveen-S4,P2-Parveen-S4,Tumor,True,True,512,512,L,1.0,Tumor,True,0.004619598388671875,False
Train/P2-Parveen-S4/540170c0.png,Train_masks/P2-Parveen-S4/540170c0_mask.png,Train/P2-Parveen-S4/540170c0.json,train,P2-Parveen-S4,P2-Parveen-S4,Tumor,True,True,512,512,L,1.0,Tumor,True,0.003688812255859375,False
Train/P2-Parveen-S4/540170c1.png,Train_masks/P2-Parveen-S4/540170c1_mask.png,Train/P2-Parveen-S4/540170c1.json,train,P2-Parveen-S4,P2-Parveen-S4,Tumor,True,True,512,512,L,1.0,Tumor,True,0.002971649169921875,False
Train/P2-Parveen-S4/540170c2.png,Train_masks/P2-Parveen-S4/540170c2_mask.png,Train/P2-Parveen-S4/540170c2.json,train,P2-Parveen-S4,P2-Parveen-S4,Tumor,True,True,512,512,L,1.0,Tumor,True,0.00296783447265625,False
Train/P2-Parveen-S4/540170c3.png,Train_masks/P2-Parveen-S4/540170c3_mask.png,Train/P2-Parveen-S4/540170c3.json,train,P2-Parveen-S4,P2-Parveen-S4,Tumor,True,True,512,512,L,1.0,Tumor,True,0.0039520263671875,False
Train/P2-Parveen-S4/540170d9.png,Train_masks/P2-Parveen-S4/540170d9_mask.png,Train/P2-Parveen-S4/540170d9.json,train,P2-Parveen-S4,P2-Parveen-S4,Tumor,True,True,512,512,L,1.0,Tumor,True,0.00444793701171875,False
Train/P2-Parveen-S4/540170da.png,Train_masks/P2-Parveen-S4/540170da_mask.png,Train/P2-Parveen-S4/540170da.json,train,P2-Parveen-S4,P2-Parveen-S4,Tumor,True,True,512,512,L,1.0,Tumor,True,0.003963470458984375,False
Train/P2-Parveen-S4/540170db.png,Train_masks/P2-Parveen-S4/540170db_mask.png,Train/P2-Parveen-S4/540170db.json,train,P2-Parveen-S4,P2-Parveen-S4,Tumor,True,True,512,512,L,1.0,Tumor,True,0.004123687744140625,False
Train/P2-Parveen-S4/540170dc.png,Train_masks/P2-Parveen-S4/540170dc_mask.png,Train/P2-Parveen-S4/540170dc.json,train,P2-Parveen-S4,P2-Parveen-S4,Tumor,True,True,512,512,L,1.0,Tumor,True,0.003936767578125,False
Train/P2-Parveen-S4/540170dd.png,Train_masks/P2-Parveen-S4/540170dd_mask.png,Train/P2-Parveen-S4/540170dd.json,train,P2-Parveen-S4,P2-Parveen-S4,Tumor,True,True,512,512,L,1.0,Tumor,True,0.004863739013671875,False
Train/P2-Parveen-S4/540170de.png,Train_masks/P2-Parveen-S4/540170de_mask.png,Train/P2-Parveen-S4/540170de.json,train,P2-Parveen-S4,P2-Parveen-S4,Tumor,True,True,512,512,L,1.0,Tumor,True,0.00263214111328125,False
Train/P2-Parveen-S4/540170df.png,Train_masks/P2-Parveen-S4/540170df_mask.png,Train/P2-Parveen-S4/540170df.json,train,P2-Parveen-S4,P2-Parveen-S4,Tumor,True,True,512,512,L,1.0,Tumor,True,0.00237274169921875,False
Train/P2-Parveen-S4/540170e0.png,Train_masks/P2-Parveen-S4/540170e0_mask.png,Train/P2-Parveen-S4/540170e0.json,train,P2-Parveen-S4,P2-Parveen-S4,Tumor,True,True,512,512,L,1.0,Tumor,True,0.00327301025390625,False
Train/P2-Parveen-S4/540170e1.png,Train_masks/P2-Parveen-S4/540170e1_mask.png,Train/P2-Parveen-S4/540170e1.json,train,P2-Parveen-S4,P2-Parveen-S4,Tumor,True,True,512,512,L,1.0,Tumor,True,0.002254486083984375,False
Train/P2-Parveen-S4/540170e2.png,Train_masks/P2-Parveen-S4/540170e2_mask.png,Train/P2-Parveen-S4/540170e2.json,train,P2-Parveen-S4,P2-Parveen-S4,Tumor,True,True,512,512,L,1.0,Tumor,True,0.00421142578125,False
Train/P2-Parveen-S4/540170f8.png,Train_masks/P2-Parveen-S4/540170f8_mask.png,Train/P2-Parveen-S4/540170f8.json,train,P2-Parveen-S4,P2-Parveen-S4,Tumor,True,True,512,512,L,1.0,Tumor,True,0.00449371337890625,False
Train/P2-Parveen-S4/540170f9.png,Train_masks/P2-Parveen-S4/540170f9_mask.png,Train/P2-Parveen-S4/540170f9.json,train,P2-Parveen-S4,P2-Parveen-S4,Tumor,True,True,512,512,L,1.0,Tumor,True,0.00466156005859375,False
Train/P2-Parveen-S4/540170fa.png,Train_masks/P2-Parveen-S4/540170fa_mask.png,Train/P2-Parveen-S4/540170fa.json,train,P2-Parveen-S4,P2-Parveen-S4,Tumor,True,True,512,512,L,1.0,Tumor,True,0.00385284423828125,False
Train/P2-Parveen-S4/540170fb.png,Train_masks/P2-Parveen-S4/540170fb_mask.png,Train/P2-Parveen-S4/540170fb.json,train,P2-Parveen-S4,P2-Parveen-S4,Tumor,True,True,512,512,L,1.0,Tumor,True,0.00519561767578125,False
Train/P2-Parveen-S4/540170fc.png,Train_masks/P2-Parveen-S4/540170fc_mask.png,Train/P2-Parveen-S4/540170fc.json,train,P2-Parveen-S4,P2-Parveen-S4,Tumor,True,True,512,512,L,1.0,Tumor,True,0.00612640380859375,False
Train/P2-Parveen-S4/540170fd.png,Train_masks/P2-Parveen-S4/540170fd_mask.png,Train/P2-Parveen-S4/540170fd.json,train,P2-Parveen-S4,P2-Parveen-S4,Tumor,True,True,512,512,L,1.0,Tumor,True,0.0058746337890625,False
Train/P2-Parveen-S4/540170fe.png,Train_masks/P2-Parveen-S4/540170fe_mask.png,Train/P2-Parveen-S4/540170fe.json,train,P2-Parveen-S4,P2-Parveen-S4,Tumor,True,True,512,512,L,1.0,Tumor,True,0.00479888916015625,False
Train/P2-Parveen-S4/540170ff.png,Train_masks/P2-Parveen-S4/540170ff_mask.png,Train/P2-Parveen-S4/540170ff.json,train,P2-Parveen-S4,P2-Parveen-S4,Tumor,True,True,512,512,L,1.0,Tumor,True,0.0044097900390625,False
Train/P2-Parveen-S4/54017100.png,Train_masks/P2-Parveen-S4/54017100_mask.png,Train/P2-Parveen-S4/54017100.json,train,P2-Parveen-S4,P2-Parveen-S4,Tumor,True,True,512,512,L,1.0,Tumor,True,0.005199432373046875,False
Train/P2-Parveen-S4/54017101.png,Train_masks/P2-Parveen-S4/54017101_mask.png,Train/P2-Parveen-S4/54017101.json,train,P2-Parveen-S4,P2-Parveen-S4,Tumor,True,True,512,512,L,1.0,Tumor,True,0.00525665283203125,False
Train/P2-Parveen-S4/54017117.png,Train_masks/P2-Parveen-S4/54017117_mask.png,Train/P2-Parveen-S4/54017117.json,train,P2-Parveen-S4,P2-Parveen-S4,Tumor,True,True,512,512,L,1.0,Tumor,True,0.00514984130859375,False
Train/P2-Parveen-S4/54017118.png,Train_masks/P2-Parveen-S4/54017118_mask.png,Train/P2-Parveen-S4/54017118.json,train,P2-Parveen-S4,P2-Parveen-S4,Tumor,True,True,512,512,L,1.0,Tumor,True,0.004970550537109375,False
Train/P2-Parveen-S4/54017119.png,Train_masks/P2-Parveen-S4/54017119_mask.png,Train/P2-Parveen-S4/54017119.json,train,P2-Parveen-S4,P2-Parveen-S4,Tumor,True,True,512,512,L,1.0,Tumor,True,0.00457763671875,False
Train/P2-Parveen-S4/5401711a.png,Train_masks/P2-Parveen-S4/5401711a_mask.png,Train/P2-Parveen-S4/5401711a.json,train,P2-Parveen-S4,P2-Parveen-S4,Tumor,True,True,512,512,L,1.0,Tumor,True,0.004924774169921875,False
Train/P2-Parveen-S4/5401711b.png,Train_masks/P2-Parveen-S4/5401711b_mask.png,Train/P2-Parveen-S4/5401711b.json,train,P2-Parveen-S4,P2-Parveen-S4,Tumor,True,True,512,512,L,1.0,Tumor,True,0.0045928955078125,False
Train/P2-Parveen-S4/5401711c.png,Train_masks/P2-Parveen-S4/5401711c_mask.png,Train/P2-Parveen-S4/5401711c.json,train,P2-Parveen-S4,P2-Parveen-S4,Tumor,True,True,512,512,L,1.0,Tumor,True,0.004741668701171875,False
Train/P2-Parveen-S4/5401711d.png,Train_masks/P2-Parveen-S4/5401711d_mask.png,Train/P2-Parveen-S4/5401711d.json,train,P2-Parveen-S4,P2-Parveen-S4,Tumor,True,True,512,512,L,1.0,Tumor,True,0.00412750244140625,False
Train/P2-Parveen-S4/5401711e.png,Train_masks/P2-Parveen-S4/5401711e_mask.png,Train/P2-Parveen-S4/5401711e.json,train,P2-Parveen-S4,P2-Parveen-S4,Tumor,True,True,512,512,L,1.0,Tumor,True,0.00263214111328125,False
Train/P2-Parveen-S4/5401711f.png,Train_masks/P2-Parveen-S4/5401711f_mask.png,Train/P2-Parveen-S4/5401711f.json,train,P2-Parveen-S4,P2-Parveen-S4,Tumor,True,True,512,512,L,1.0,Tumor,True,0.0031890869140625,False
Train/P2-Parveen-S4/cc0c295c.png,Train_masks/P2-Parveen-S4/cc0c295c_mask.png,Train/P2-Parveen-S4/cc0c295c.json,train,P2-Parveen-S4,P2-Parveen-S4,Tumor,True,True,512,512,L,1.0,Tumor,True,0.0041961669921875,False
Train/P2-Parveen-S4/cc0c2972.png,Train_masks/P2-Parveen-S4/cc0c2972_mask.png,Train/P2-Parveen-S4/cc0c2972.json,train,P2-Parveen-S4,P2-Parveen-S4,Tumor,True,True,512,512,L,1.0,Tumor,True,0.005615234375,False
Train/P2-Parveen-S4/cc0c2973.png,Train_masks/P2-Parveen-S4/cc0c2973_mask.png,Train/P2-Parveen-S4/cc0c2973.json,train,P2-Parveen-S4,P2-Parveen-S4,Tumor,True,True,512,512,L,1.0,Tumor,True,0.005451202392578125,False
Train/P2-Parveen-S4/cc0c2974.png,Train_masks/P2-Parveen-S4/cc0c2974_mask.png,Train/P2-Parveen-S4/cc0c2974.json,train,P2-Parveen-S4,P2-Parveen-S4,Tumor,True,True,512,512,L,1.0,Tumor,True,0.00560760498046875,False
Train/P2-Parveen-S4/cc0c297a.png,Train_masks/P2-Parveen-S4/cc0c297a_mask.png,Train/P2-Parveen-S4/cc0c297a.json,train,P2-Parveen-S4,P2-Parveen-S4,Tumor,True,True,512,512,L,1.0,Tumor,True,0.0038299560546875,False
Train/P2-Parveen-S4/cc0c297b.png,Train_masks/P2-Parveen-S4/cc0c297b_mask.png,Train/P2-Parveen-S4/cc0c297b.json,train,P2-Parveen-S4,P2-Parveen-S4,Tumor,True,True,512,512,L,1.0,Tumor,True,0.003940582275390625,False
Train/P2-Parveen-S4/cddf0293.png,Train_masks/P2-Parveen-S4/cddf0293_mask.png,Train/P2-Parveen-S4/cddf0293.json,train,P2-Parveen-S4,P2-Parveen-S4,Tumor,True,True,512,512,L,1.0,Tumor,True,0.003208160400390625,False
Train/P2-Parveen-S4/cddf0294.png,Train_masks/P2-Parveen-S4/cddf0294_mask.png,Train/P2-Parveen-S4/cddf0294.json,train,P2-Parveen-S4,P2-Parveen-S4,Tumor,True,True,512,512,L,1.0,Tumor,True,0.00415802001953125,False
Train/P2-Parveen-S4/cddf0295.png,Train_masks/P2-Parveen-S4/cddf0295_mask.png,Train/P2-Parveen-S4/cddf0295.json,train,P2-Parveen-S4,P2-Parveen-S4,Tumor,True,True,512,512,L,1.0,Tumor,True,0.0054473876953125,False
Train/P2-Parveen-S4/cddf0296.png,Train_masks/P2-Parveen-S4/cddf0296_mask.png,Train/P2-Parveen-S4/cddf0296.json,train,P2-Parveen-S4,P2-Parveen-S4,Tumor,True,True,512,512,L,1.0,Tumor,True,0.005161285400390625,False
Train/P2-Parveen-S4/cddf0297.png,Train_masks/P2-Parveen-S4/cddf0297_mask.png,Train/P2-Parveen-S4/cddf0297.json,train,P2-Parveen-S4,P2-Parveen-S4,Tumor,True,True,512,512,L,1.0,Tumor,True,0.005428314208984375,False
Train/P2-Parveen-S4/cddf0298.png,Train_masks/P2-Parveen-S4/cddf0298_mask.png,Train/P2-Parveen-S4/cddf0298.json,train,P2-Parveen-S4,P2-Parveen-S4,Tumor,True,True,512,512,L,1.0,Tumor,True,0.00507354736328125,False
Train/P2-Parveen-S4/cddf02b3.png,Train_masks/P2-Parveen-S4/cddf02b3_mask.png,Train/P2-Parveen-S4/cddf02b3.json,train,P2-Parveen-S4,P2-Parveen-S4,Tumor,True,True,512,512,L,1.0,Tumor,True,0.001743316650390625,False
Train/P2-Parveen-S4/cddf02b4.png,Train_masks/P2-Parveen-S4/cddf02b4_mask.png,Train/P2-Parveen-S4/cddf02b4.json,train,P2-Parveen-S4,P2-Parveen-S4,Tumor,True,True,512,512,L,1.0,Tumor,True,0.001926422119140625,False
Train/P2-Parveen-S4/edbad6b8.png,Train_masks/P2-Parveen-S4/edbad6b8_mask.png,Train/P2-Parveen-S4/edbad6b8.json,train,P2-Parveen-S4,P2-Parveen-S4,Tumor,True,True,512,512,L,1.0,Tumor,True,0.00440216064453125,False
Train/P2-Parveen-S4/edbad6b9.png,Train_masks/P2-Parveen-S4/edbad6b9_mask.png,Train/P2-Parveen-S4/edbad6b9.json,train,P2-Parveen-S4,P2-Parveen-S4,Tumor,True,True,512,512,L,1.0,Tumor,True,0.00440216064453125,False
Train/P2-Parveen-S4/edbad6ba.png,Train_masks/P2-Parveen-S4/edbad6ba_mask.png,Train/P2-Parveen-S4/edbad6ba.json,train,P2-Parveen-S4,P2-Parveen-S4,Tumor,True,True,512,512,L,1.0,Tumor,True,0.0043487548828125,False
Train/P2-Parveen-S4/edbad6bb.png,Train_masks/P2-Parveen-S4/edbad6bb_mask.png,Train/P2-Parveen-S4/edbad6bb.json,train,P2-Parveen-S4,P2-Parveen-S4,Tumor,True,True,512,512,L,1.0,Tumor,True,0.004222869873046875,False
Train/P2-Parveen-S4/edbad6bc.png,Train_masks/P2-Parveen-S4/edbad6bc_mask.png,Train/P2-Parveen-S4/edbad6bc.json,train,P2-Parveen-S4,P2-Parveen-S4,Tumor,True,True,512,512,L,1.0,Tumor,True,0.00447845458984375,False
Train/P2-Parveen-S4/edbad6bd.png,Train_masks/P2-Parveen-S4/edbad6bd_mask.png,Train/P2-Parveen-S4/edbad6bd.json,train,P2-Parveen-S4,P2-Parveen-S4,Tumor,True,True,512,512,L,1.0,Tumor,True,0.004428863525390625,False
Train/P2-Parveen-S4/edbad6be.png,Train_masks/P2-Parveen-S4/edbad6be_mask.png,Train/P2-Parveen-S4/edbad6be.json,train,P2-Parveen-S4,P2-Parveen-S4,Tumor,True,True,512,512,L,1.0,Tumor,True,0.004955291748046875,False
Train/P2-Parveen-S4/edbad6bf.png,Train_masks/P2-Parveen-S4/edbad6bf_mask.png,Train/P2-Parveen-S4/edbad6bf.json,train,P2-Parveen-S4,P2-Parveen-S4,Tumor,True,True,512,512,L,1.0,Tumor,True,0.005054473876953125,False
Train/P2-Parveen-S4/edbad6c0.png,Train_masks/P2-Parveen-S4/edbad6c0_mask.png,Train/P2-Parveen-S4/edbad6c0.json,train,P2-Parveen-S4,P2-Parveen-S4,Tumor,True,True,512,512,L,1.0,Tumor,True,0.00580596923828125,False
Train/P2-Parveen-S4/edbad6d6.png,Train_masks/P2-Parveen-S4/edbad6d6_mask.png,Train/P2-Parveen-S4/edbad6d6.json,train,P2-Parveen-S4,P2-Parveen-S4,Tumor,True,True,512,512,L,1.0,Tumor,True,0.006114959716796875,False
Train/P2-Parveen-S4/edbad6d7.png,Train_masks/P2-Parveen-S4/edbad6d7_mask.png,Train/P2-Parveen-S4/edbad6d7.json,train,P2-Parveen-S4,P2-Parveen-S4,Tumor,True,True,512,512,L,1.0,Tumor,True,0.00617218017578125,False
Train/P2-Parveen-S4/edbad6d8.png,Train_masks/P2-Parveen-S4/edbad6d8_mask.png,Train/P2-Parveen-S4/edbad6d8.json,train,P2-Parveen-S4,P2-Parveen-S4,Tumor,True,True,512,512,L,1.0,Tumor,True,0.005779266357421875,False
Train/P2-Parveen-S4/edbad6d9.png,Train_masks/P2-Parveen-S4/edbad6d9_mask.png,Train/P2-Parveen-S4/edbad6d9.json,train,P2-Parveen-S4,P2-Parveen-S4,Tumor,True,True,512,512,L,1.0,Tumor,True,0.005641937255859375,False
Train/P2-Parveen-S4/edbad6da.png,Train_masks/P2-Parveen-S4/edbad6da_mask.png,Train/P2-Parveen-S4/edbad6da.json,train,P2-Parveen-S4,P2-Parveen-S4,Tumor,True,True,512,512,L,1.0,Tumor,True,0.0057220458984375,False
Train/P2-Parveen-S4/edbad6db.png,Train_masks/P2-Parveen-S4/edbad6db_mask.png,Train/P2-Parveen-S4/edbad6db.json,train,P2-Parveen-S4,P2-Parveen-S4,Tumor,True,True,512,512,L,1.0,Tumor,True,0.00489044189453125,False
Train/P2-Parveen-S4/edbad6dc.png,Train_masks/P2-Parveen-S4/edbad6dc_mask.png,Train/P2-Parveen-S4/edbad6dc.json,train,P2-Parveen-S4,P2-Parveen-S4,Tumor,True,True,512,512,L,1.0,Tumor,True,0.005550384521484375,False
Train/P2-Parveen-S4/edbad6dd.png,Train_masks/P2-Parveen-S4/edbad6dd_mask.png,Train/P2-Parveen-S4/edbad6dd.json,train,P2-Parveen-S4,P2-Parveen-S4,Tumor,True,True,512,512,L,1.0,Tumor,True,0.006107330322265625,False
Train/P2-Parveen-S4/edbad6de.png,Train_masks/P2-Parveen-S4/edbad6de_mask.png,Train/P2-Parveen-S4/edbad6de.json,train,P2-Parveen-S4,P2-Parveen-S4,Tumor,True,True,512,512,L,1.0,Tumor,True,0.006244659423828125,False
Train/P2-Parveen-S4/edbad6df.png,Train_masks/P2-Parveen-S4/edbad6df_mask.png,Train/P2-Parveen-S4/edbad6df.json,train,P2-Parveen-S4,P2-Parveen-S4,Tumor,True,True,512,512,L,1.0,Tumor,True,0.006381988525390625,False
Train/P2-Parveen-S4/edbad6f5.png,Train_masks/P2-Parveen-S4/edbad6f5_mask.png,Train/P2-Parveen-S4/edbad6f5.json,train,P2-Parveen-S4,P2-Parveen-S4,Tumor,True,True,512,512,L,1.0,Tumor,True,0.00635528564453125,False
Train/P2-Parveen-S4/edbad6f6.png,Train_masks/P2-Parveen-S4/edbad6f6_mask.png,Train/P2-Parveen-S4/edbad6f6.json,train,P2-Parveen-S4,P2-Parveen-S4,Tumor,True,True,512,512,L,1.0,Tumor,True,0.006656646728515625,False
Train/P2-Parveen-S4/edbad6f7.png,Train_masks/P2-Parveen-S4/edbad6f7_mask.png,Train/P2-Parveen-S4/edbad6f7.json,train,P2-Parveen-S4,P2-Parveen-S4,Tumor,True,True,512,512,L,1.0,Tumor,True,0.007305145263671875,False
Train/P2-Parveen-S4/edbad6f8.png,Train_masks/P2-Parveen-S4/edbad6f8_mask.png,Train/P2-Parveen-S4/edbad6f8.json,train,P2-Parveen-S4,P2-Parveen-S4,Tumor,True,True,512,512,L,1.0,Tumor,True,0.00699615478515625,False
Train/P2-Parveen-S4/edbad6f9.png,Train_masks/P2-Parveen-S4/edbad6f9_mask.png,Train/P2-Parveen-S4/edbad6f9.json,train,P2-Parveen-S4,P2-Parveen-S4,Tumor,True,True,512,512,L,1.0,Tumor,True,0.007274627685546875,False
Train/P2-Parveen-S4/edbad6fa.png,Train_masks/P2-Parveen-S4/edbad6fa_mask.png,Train/P2-Parveen-S4/edbad6fa.json,train,P2-Parveen-S4,P2-Parveen-S4,Tumor,True,True,512,512,L,1.0,Tumor,True,0.006038665771484375,False
Train/P2-Parveen-S4/edbad6fb.png,Train_masks/P2-Parveen-S4/edbad6fb_mask.png,Train/P2-Parveen-S4/edbad6fb.json,train,P2-Parveen-S4,P2-Parveen-S4,Tumor,True,True,512,512,L,1.0,Tumor,True,0.006175994873046875,False
Train/P2-Parveen-S4/edbad6fc.png,Train_masks/P2-Parveen-S4/edbad6fc_mask.png,Train/P2-Parveen-S4/edbad6fc.json,train,P2-Parveen-S4,P2-Parveen-S4,Tumor,True,True,512,512,L,1.0,Tumor,True,0.00571441650390625,False
Train/P2-Parveen-S4/edbad6fd.png,Train_masks/P2-Parveen-S4/edbad6fd_mask.png,Train/P2-Parveen-S4/edbad6fd.json,train,P2-Parveen-S4,P2-Parveen-S4,Tumor,True,True,512,512,L,1.0,Tumor,True,0.005924224853515625,False
Train/P2-Parveen-S4/edbad6fe.png,Train_masks/P2-Parveen-S4/edbad6fe_mask.png,Train/P2-Parveen-S4/edbad6fe.json,train,P2-Parveen-S4,P2-Parveen-S4,Tumor,True,True,512,512,L,1.0,Tumor,True,0.006710052490234375,False
Train/P2-Parveen-S4/edbad714.png,Train_masks/P2-Parveen-S4/edbad714_mask.png,Train/P2-Parveen-S4/edbad714.json,train,P2-Parveen-S4,P2-Parveen-S4,Tumor,True,True,512,512,L,1.0,Tumor,True,0.00664520263671875,False
Train/P2-Parveen-S4/edbad715.png,Train_masks/P2-Parveen-S4/edbad715_mask.png,Train/P2-Parveen-S4/edbad715.json,train,P2-Parveen-S4,P2-Parveen-S4,Tumor,True,True,512,512,L,1.0,Tumor,True,0.007099151611328125,False
Train/P2-Parveen-S4/edbad716.png,Train_masks/P2-Parveen-S4/edbad716_mask.png,Train/P2-Parveen-S4/edbad716.json,train,P2-Parveen-S4,P2-Parveen-S4,Tumor,True,True,512,512,L,1.0,Tumor,True,0.007171630859375,False
Train/P2-Parveen-S4/edbad717.png,Train_masks/P2-Parveen-S4/edbad717_mask.png,Train/P2-Parveen-S4/edbad717.json,train,P2-Parveen-S4,P2-Parveen-S4,Tumor,True,True,512,512,L,1.0,Tumor,True,0.00756072998046875,False
Train/P2-Parveen-S4/edbad718.png,Train_masks/P2-Parveen-S4/edbad718_mask.png,Train/P2-Parveen-S4/edbad718.json,train,P2-Parveen-S4,P2-Parveen-S4,Tumor,True,True,512,512,L,1.0,Tumor,True,0.0075836181640625,False
Train/P2-Parveen-S4/edbad719.png,Train_masks/P2-Parveen-S4/edbad719_mask.png,Train/P2-Parveen-S4/edbad719.json,train,P2-Parveen-S4,P2-Parveen-S4,Tumor,True,True,512,512,L,1.0,Tumor,True,0.005603790283203125,False
Train/P2-Parveen-S4/edbad756.png,Train_masks/P2-Parveen-S4/edbad756_mask.png,Train/P2-Parveen-S4/edbad756.json,train,P2-Parveen-S4,P2-Parveen-S4,Tumor,True,True,512,512,L,1.0,Tumor,True,0.00411224365234375,False
Train/P2-Parveen-S4/edbad757.png,Train_masks/P2-Parveen-S4/edbad757_mask.png,Train/P2-Parveen-S4/edbad757.json,train,P2-Parveen-S4,P2-Parveen-S4,Tumor,True,True,512,512,L,1.0,Tumor,True,0.00518798828125,False
Train/P2-Parveen-S4/edbad758.png,Train_masks/P2-Parveen-S4/edbad758_mask.png,Train/P2-Parveen-S4/edbad758.json,train,P2-Parveen-S4,P2-Parveen-S4,Tumor,True,True,512,512,L,1.0,Tumor,True,0.0048828125,False
Train/P2-Parveen-S4/edbad759.png,Train_masks/P2-Parveen-S4/edbad759_mask.png,Train/P2-Parveen-S4/edbad759.json,train,P2-Parveen-S4,P2-Parveen-S4,Tumor,True,True,512,512,L,1.0,Tumor,True,0.004848480224609375,False
Train/P2-Parveen-S4/edbad75a.png,Train_masks/P2-Parveen-S4/edbad75a_mask.png,Train/P2-Parveen-S4/edbad75a.json,train,P2-Parveen-S4,P2-Parveen-S4,Tumor,True,True,512,512,L,1.0,Tumor,True,0.00350189208984375,False
Train/P2-Parveen-S4/edbada05.png,Train_masks/P2-Parveen-S4/edbada05_mask.png,Train/P2-Parveen-S4/edbada05.json,train,P2-Parveen-S4,P2-Parveen-S4,Tumor,True,True,512,512,L,1.0,Tumor,True,0.0040283203125,False
Train/P2-Parveen-S4/edbada1c.png,Train_masks/P2-Parveen-S4/edbada1c_mask.png,Train/P2-Parveen-S4/edbada1c.json,train,P2-Parveen-S4,P2-Parveen-S4,Tumor,True,True,512,512,L,1.0,Tumor,True,0.004467010498046875,False
Train/P2-Parveen-S4/edbada1d.png,Train_masks/P2-Parveen-S4/edbada1d_mask.png,Train/P2-Parveen-S4/edbada1d.json,train,P2-Parveen-S4,P2-Parveen-S4,Tumor,True,True,512,512,L,1.0,Tumor,True,0.005340576171875,False
Train/P2-Parveen-S4/edbada1e.png,Train_masks/P2-Parveen-S4/edbada1e_mask.png,Train/P2-Parveen-S4/edbada1e.json,train,P2-Parveen-S4,P2-Parveen-S4,Tumor,True,True,512,512,L,1.0,Tumor,True,0.00432586669921875,False
Train/P2-Parveen-S4/edbada1f.png,Train_masks/P2-Parveen-S4/edbada1f_mask.png,Train/P2-Parveen-S4/edbada1f.json,train,P2-Parveen-S4,P2-Parveen-S4,Tumor,True,True,512,512,L,1.0,Tumor,True,0.00534820556640625,False
Train/P2-Parveen-S4/edbada20.png,Train_masks/P2-Parveen-S4/edbada20_mask.png,Train/P2-Parveen-S4/edbada20.json,train,P2-Parveen-S4,P2-Parveen-S4,Tumor,True,True,512,512,L,1.0,Tumor,True,0.005519866943359375,False
Train/P2-Parveen-S4/edbada21.png,Train_masks/P2-Parveen-S4/edbada21_mask.png,Train/P2-Parveen-S4/edbada21.json,train,P2-Parveen-S4,P2-Parveen-S4,Tumor,True,True,512,512,L,1.0,Tumor,True,0.005931854248046875,False
Train/P2-Parveen-S4/edbada22.png,Train_masks/P2-Parveen-S4/edbada22_mask.png,Train/P2-Parveen-S4/edbada22.json,train,P2-Parveen-S4,P2-Parveen-S4,Tumor,True,True,512,512,L,1.0,Tumor,True,0.005924224853515625,False
Train/P2-Parveen-S4/edbada23.png,Train_masks/P2-Parveen-S4/edbada23_mask.png,Train/P2-Parveen-S4/edbada23.json,train,P2-Parveen-S4,P2-Parveen-S4,Tumor,True,True,512,512,L,1.0,Tumor,True,0.005588531494140625,False
Train/P2-Parveen-S4/edbada24.png,Train_masks/P2-Parveen-S4/edbada24_mask.png,Train/P2-Parveen-S4/edbada24.json,train,P2-Parveen-S4,P2-Parveen-S4,Tumor,True,True,512,512,L,1.0,Tumor,True,0.00560760498046875,False
Train/P2-Parveen-S4/edbada3a.png,Train_masks/P2-Parveen-S4/edbada3a_mask.png,Train/P2-Parveen-S4/edbada3a.json,train,P2-Parveen-S4,P2-Parveen-S4,Tumor,True,True,512,512,L,1.0,Tumor,True,0.006130218505859375,False
Train/P2-Parveen-S4/edbada3b.png,Train_masks/P2-Parveen-S4/edbada3b_mask.png,Train/P2-Parveen-S4/edbada3b.json,train,P2-Parveen-S4,P2-Parveen-S4,Tumor,True,True,512,512,L,1.0,Tumor,True,0.00600433349609375,False
Train/P2-Parveen-S4/edbada3c.png,Train_masks/P2-Parveen-S4/edbada3c_mask.png,Train/P2-Parveen-S4/edbada3c.json,train,P2-Parveen-S4,P2-Parveen-S4,Tumor,True,True,512,512,L,1.0,Tumor,True,0.004871368408203125,False
Train/P2-Parveen-S4/edbada3d.png,Train_masks/P2-Parveen-S4/edbada3d_mask.png,Train/P2-Parveen-S4/edbada3d.json,train,P2-Parveen-S4,P2-Parveen-S4,Tumor,True,True,512,512,L,1.0,Tumor,True,0.005207061767578125,False
Train/P2-Parveen-S4/edbada3e.png,Train_masks/P2-Parveen-S4/edbada3e_mask.png,Train/P2-Parveen-S4/edbada3e.json,train,P2-Parveen-S4,P2-Parveen-S4,Tumor,True,True,512,512,L,1.0,Tumor,True,0.004894256591796875,False
Train/P2-Parveen-S4/edbada3f.png,Train_masks/P2-Parveen-S4/edbada3f_mask.png,Train/P2-Parveen-S4/edbada3f.json,train,P2-Parveen-S4,P2-Parveen-S4,Tumor,True,True,512,512,L,1.0,Tumor,True,0.004802703857421875,False
Train/P2-Parveen-S4/edbada40.png,Train_masks/P2-Parveen-S4/edbada40_mask.png,Train/P2-Parveen-S4/edbada40.json,train,P2-Parveen-S4,P2-Parveen-S4,Tumor,True,True,512,512,L,1.0,Tumor,True,0.004192352294921875,False
Train/P2-Parveen-S4/edbada41.png,Train_masks/P2-Parveen-S4/edbada41_mask.png,Train/P2-Parveen-S4/edbada41.json,train,P2-Parveen-S4,P2-Parveen-S4,Tumor,True,True,512,512,L,1.0,Tumor,True,0.004634857177734375,False
Train/P2-Parveen-S4/edbada42.png,Train_masks/P2-Parveen-S4/edbada42_mask.png,Train/P2-Parveen-S4/edbada42.json,train,P2-Parveen-S4,P2-Parveen-S4,Tumor,True,True,512,512,L,1.0,Tumor,True,0.006450653076171875,False
Train/P2-Parveen-S4/edbada43.png,Train_masks/P2-Parveen-S4/edbada43_mask.png,Train/P2-Parveen-S4/edbada43.json,train,P2-Parveen-S4,P2-Parveen-S4,Tumor,True,True,512,512,L,1.0,Tumor,True,0.005619049072265625,False
Train/P2-Parveen-S4/edbada59.png,Train_masks/P2-Parveen-S4/edbada59_mask.png,Train/P2-Parveen-S4/edbada59.json,train,P2-Parveen-S4,P2-Parveen-S4,Tumor,True,True,512,512,L,1.0,Tumor,True,0.00315093994140625,False
Train/P2-Parveen-S4/edbada5a.png,Train_masks/P2-Parveen-S4/edbada5a_mask.png,Train/P2-Parveen-S4/edbada5a.json,train,P2-Parveen-S4,P2-Parveen-S4,Tumor,True,True,512,512,L,1.0,Tumor,True,0.00220489501953125,False
Train/P2-Parveen-S4/edbada5b.png,Train_masks/P2-Parveen-S4/edbada5b_mask.png,Train/P2-Parveen-S4/edbada5b.json,train,P2-Parveen-S4,P2-Parveen-S4,Tumor,True,True,512,512,L,1.0,Tumor,True,0.0023040771484375,False
Train/P2-Parveen-S4/edc8ee38.png,Train_masks/P2-Parveen-S4/edc8ee38_mask.png,Train/P2-Parveen-S4/edc8ee38.json,train,P2-Parveen-S4,P2-Parveen-S4,Tumor,True,True,512,512,L,1.0,Tumor,True,0.00325775146484375,False
Train/P2-Parveen-S4/edc8ee39.png,Train_masks/P2-Parveen-S4/edc8ee39_mask.png,Train/P2-Parveen-S4/edc8ee39.json,train,P2-Parveen-S4,P2-Parveen-S4,Tumor,True,True,512,512,L,1.0,Tumor,True,0.002971649169921875,False
Train/P2-Parveen-S4/edc8ee3a.png,Train_masks/P2-Parveen-S4/edc8ee3a_mask.png,Train/P2-Parveen-S4/edc8ee3a.json,train,P2-Parveen-S4,P2-Parveen-S4,Tumor,True,True,512,512,L,1.0,Tumor,True,0.004497528076171875,False
Train/P2-Parveen-S4/edc8ee3b.png,Train_masks/P2-Parveen-S4/edc8ee3b_mask.png,Train/P2-Parveen-S4/edc8ee3b.json,train,P2-Parveen-S4,P2-Parveen-S4,Tumor,True,True,512,512,L,1.0,Tumor,True,0.004146575927734375,False
Train/P2-Parveen-S4/edc8ee3c.png,Train_masks/P2-Parveen-S4/edc8ee3c_mask.png,Train/P2-Parveen-S4/edc8ee3c.json,train,P2-Parveen-S4,P2-Parveen-S4,Tumor,True,True,512,512,L,1.0,Tumor,True,0.0049896240234375,False
Train/P2-Parveen-S4/edc8ee3d.png,Train_masks/P2-Parveen-S4/edc8ee3d_mask.png,Train/P2-Parveen-S4/edc8ee3d.json,train,P2-Parveen-S4,P2-Parveen-S4,Tumor,True,True,512,512,L,1.0,Tumor,True,0.00475311279296875,False
Train/P2-Parveen-S4/edc8ee3e.png,Train_masks/P2-Parveen-S4/edc8ee3e_mask.png,Train/P2-Parveen-S4/edc8ee3e.json,train,P2-Parveen-S4,P2-Parveen-S4,Tumor,True,True,512,512,L,1.0,Tumor,True,0.00469207763671875,False
Train/P2-Parveen-S4/edc8ee3f.png,Train_masks/P2-Parveen-S4/edc8ee3f_mask.png,Train/P2-Parveen-S4/edc8ee3f.json,train,P2-Parveen-S4,P2-Parveen-S4,Tumor,True,True,512,512,L,1.0,Tumor,True,0.005649566650390625,False
Train/P2-Parveen-S4/edc8ee40.png,Train_masks/P2-Parveen-S4/edc8ee40_mask.png,Train/P2-Parveen-S4/edc8ee40.json,train,P2-Parveen-S4,P2-Parveen-S4,Tumor,True,True,512,512,L,1.0,Tumor,True,0.0051727294921875,False
Train/P2-Parveen-S4/edc8ee41.png,Train_masks/P2-Parveen-S4/edc8ee41_mask.png,Train/P2-Parveen-S4/edc8ee41.json,train,P2-Parveen-S4,P2-Parveen-S4,Tumor,True,True,512,512,L,1.0,Tumor,True,0.0069122314453125,False
Train/P2-Parveen-S4/edc8ee57.png,Train_masks/P2-Parveen-S4/edc8ee57_mask.png,Train/P2-Parveen-S4/edc8ee57.json,train,P2-Parveen-S4,P2-Parveen-S4,Tumor,True,True,512,512,L,1.0,Tumor,True,0.006877899169921875,False
Train/P2-Parveen-S4/edc8ee58.png,Train_masks/P2-Parveen-S4/edc8ee58_mask.png,Train/P2-Parveen-S4/edc8ee58.json,train,P2-Parveen-S4,P2-Parveen-S4,Tumor,True,True,512,512,L,1.0,Tumor,True,0.00691986083984375,False
Train/P2-Parveen-S4/edc8ee59.png,Train_masks/P2-Parveen-S4/edc8ee59_mask.png,Train/P2-Parveen-S4/edc8ee59.json,train,P2-Parveen-S4,P2-Parveen-S4,Tumor,True,True,512,512,L,1.0,Tumor,True,0.0059356689453125,False
Train/P2-Parveen-S4/edc8ee5a.png,Train_masks/P2-Parveen-S4/edc8ee5a_mask.png,Train/P2-Parveen-S4/edc8ee5a.json,train,P2-Parveen-S4,P2-Parveen-S4,Tumor,True,True,512,512,L,1.0,Tumor,True,0.006191253662109375,False
Train/P2-Parveen-S4/edc8ee5b.png,Train_masks/P2-Parveen-S4/edc8ee5b_mask.png,Train/P2-Parveen-S4/edc8ee5b.json,train,P2-Parveen-S4,P2-Parveen-S4,Tumor,True,True,512,512,L,1.0,Tumor,True,0.00701141357421875,False
Train/P2-Parveen-S4/edc8ee5c.png,Train_masks/P2-Parveen-S4/edc8ee5c_mask.png,Train/P2-Parveen-S4/edc8ee5c.json,train,P2-Parveen-S4,P2-Parveen-S4,Tumor,True,True,512,512,L,1.0,Tumor,True,0.006252288818359375,False
Train/P2-Parveen-S4/edc8ee5d.png,Train_masks/P2-Parveen-S4/edc8ee5d_mask.png,Train/P2-Parveen-S4/edc8ee5d.json,train,P2-Parveen-S4,P2-Parveen-S4,Tumor,True,True,512,512,L,1.0,Tumor,True,0.0066070556640625,False
Train/P2-Parveen-S4/edc8ee5e.png,Train_masks/P2-Parveen-S4/edc8ee5e_mask.png,Train/P2-Parveen-S4/edc8ee5e.json,train,P2-Parveen-S4,P2-Parveen-S4,Tumor,True,True,512,512,L,1.0,Tumor,True,0.0063018798828125,False
Train/P2-Parveen-S4/edc8ee5f.png,Train_masks/P2-Parveen-S4/edc8ee5f_mask.png,Train/P2-Parveen-S4/edc8ee5f.json,train,P2-Parveen-S4,P2-Parveen-S4,Tumor,True,True,512,512,L,1.0,Tumor,True,0.00628662109375,False
Train/P2-Parveen-S4/edc8ee60.png,Train_masks/P2-Parveen-S4/edc8ee60_mask.png,Train/P2-Parveen-S4/edc8ee60.json,train,P2-Parveen-S4,P2-Parveen-S4,Tumor,True,True,512,512,L,1.0,Tumor,True,0.006496429443359375,False
Train/P2-Parveen-S4/edc8ee76.png,Train_masks/P2-Parveen-S4/edc8ee76_mask.png,Train/P2-Parveen-S4/edc8ee76.json,train,P2-Parveen-S4,P2-Parveen-S4,Tumor,True,True,512,512,L,1.0,Tumor,True,0.007472991943359375,False
Train/P2-Parveen-S4/edc8ee77.png,Train_masks/P2-Parveen-S4/edc8ee77_mask.png,Train/P2-Parveen-S4/edc8ee77.json,train,P2-Parveen-S4,P2-Parveen-S4,Tumor,True,True,512,512,L,1.0,Tumor,True,0.006893157958984375,False
Train/P2-Parveen-S4/edc8ee78.png,Train_masks/P2-Parveen-S4/edc8ee78_mask.png,Train/P2-Parveen-S4/edc8ee78.json,train,P2-Parveen-S4,P2-Parveen-S4,Tumor,True,True,512,512,L,1.0,Tumor,True,0.00724029541015625,False
Train/P2-Parveen-S4/edc8ee79.png,Train_masks/P2-Parveen-S4/edc8ee79_mask.png,Train/P2-Parveen-S4/edc8ee79.json,train,P2-Parveen-S4,P2-Parveen-S4,Tumor,True,True,512,512,L,1.0,Tumor,True,0.007137298583984375,False
Train/P2-Parveen-S4/edc8ee7a.png,Train_masks/P2-Parveen-S4/edc8ee7a_mask.png,Train/P2-Parveen-S4/edc8ee7a.json,train,P2-Parveen-S4,P2-Parveen-S4,Tumor,True,True,512,512,L,1.0,Tumor,True,0.0061187744140625,False
Train/P2-Parveen-S4/edc8ee7b.png,Train_masks/P2-Parveen-S4/edc8ee7b_mask.png,Train/P2-Parveen-S4/edc8ee7b.json,train,P2-Parveen-S4,P2-Parveen-S4,Tumor,True,True,512,512,L,1.0,Tumor,True,0.006099700927734375,False
Train/P2-Parveen-S4/edc8ee7c.png,Train_masks/P2-Parveen-S4/edc8ee7c_mask.png,Train/P2-Parveen-S4/edc8ee7c.json,train,P2-Parveen-S4,P2-Parveen-S4,Tumor,True,True,512,512,L,1.0,Tumor,True,0.006122589111328125,False
Train/P2-Parveen-S4/edc8ee7d.png,Train_masks/P2-Parveen-S4/edc8ee7d_mask.png,Train/P2-Parveen-S4/edc8ee7d.json,train,P2-Parveen-S4,P2-Parveen-S4,Tumor,True,True,512,512,L,1.0,Tumor,True,0.0068359375,False
Train/P2-Parveen-S4/edc8ee7e.png,Train_masks/P2-Parveen-S4/edc8ee7e_mask.png,Train/P2-Parveen-S4/edc8ee7e.json,train,P2-Parveen-S4,P2-Parveen-S4,Tumor,True,True,512,512,L,1.0,Tumor,True,0.005603790283203125,False
Train/P2-Parveen-S4/edc8ee7f.png,Train_masks/P2-Parveen-S4/edc8ee7f_mask.png,Train/P2-Parveen-S4/edc8ee7f.json,train,P2-Parveen-S4,P2-Parveen-S4,Tumor,True,True,512,512,L,1.0,Tumor,True,0.00655364990234375,False
Train/P2-Parveen-S4/edc8ee95.png,Train_masks/P2-Parveen-S4/edc8ee95_mask.png,Train/P2-Parveen-S4/edc8ee95.json,train,P2-Parveen-S4,P2-Parveen-S4,Tumor,True,True,512,512,L,1.0,Tumor,True,0.006298065185546875,False
Train/P2-Parveen-S4/edc8ee96.png,Train_masks/P2-Parveen-S4/edc8ee96_mask.png,Train/P2-Parveen-S4/edc8ee96.json,train,P2-Parveen-S4,P2-Parveen-S4,Tumor,True,True,512,512,L,1.0,Tumor,True,0.00630950927734375,False
Train/P2-Parveen-S4/edc8ee97.png,Train_masks/P2-Parveen-S4/edc8ee97_mask.png,Train/P2-Parveen-S4/edc8ee97.json,train,P2-Parveen-S4,P2-Parveen-S4,Tumor,True,True,512,512,L,1.0,Tumor,True,0.00720977783203125,False
Train/P2-Parveen-S4/edc8ee98.png,Train_masks/P2-Parveen-S4/edc8ee98_mask.png,Train/P2-Parveen-S4/edc8ee98.json,train,P2-Parveen-S4,P2-Parveen-S4,Tumor,True,True,512,512,L,1.0,Tumor,True,0.0070953369140625,False
Train/P2-Parveen-S4/edc8ee99.png,Train_masks/P2-Parveen-S4/edc8ee99_mask.png,Train/P2-Parveen-S4/edc8ee99.json,train,P2-Parveen-S4,P2-Parveen-S4,Tumor,True,True,512,512,L,1.0,Tumor,True,0.008167266845703125,False
Train/P2-Parveen-S4/edc8ee9a.png,Train_masks/P2-Parveen-S4/edc8ee9a_mask.png,Train/P2-Parveen-S4/edc8ee9a.json,train,P2-Parveen-S4,P2-Parveen-S4,Tumor,True,True,512,512,L,1.0,Tumor,True,0.005664825439453125,False
Train/P2-Parveen-S4/edc8ee9b.png,Train_masks/P2-Parveen-S4/edc8ee9b_mask.png,Train/P2-Parveen-S4/edc8ee9b.json,train,P2-Parveen-S4,P2-Parveen-S4,Tumor,True,True,512,512,L,1.0,Tumor,True,0.00536346435546875,False
Train/P2-Parveen-S4/edc8ee9c.png,Train_masks/P2-Parveen-S4/edc8ee9c_mask.png,Train/P2-Parveen-S4/edc8ee9c.json,train,P2-Parveen-S4,P2-Parveen-S4,Tumor,True,True,512,512,L,1.0,Tumor,True,0.00568389892578125,False
Train/P2-Parveen-S4/edc8ee9d.png,Train_masks/P2-Parveen-S4/edc8ee9d_mask.png,Train/P2-Parveen-S4/edc8ee9d.json,train,P2-Parveen-S4,P2-Parveen-S4,Tumor,True,True,512,512,L,1.0,Tumor,True,0.005962371826171875,False
Train/P2-Parveen-S4/edc8ee9e.png,Train_masks/P2-Parveen-S4/edc8ee9e_mask.png,Train/P2-Parveen-S4/edc8ee9e.json,train,P2-Parveen-S4,P2-Parveen-S4,Tumor,True,True,512,512,L,1.0,Tumor,True,0.005512237548828125,False
Train/P2-Parveen-S4/edc8eed7.png,Train_masks/P2-Parveen-S4/edc8eed7_mask.png,Train/P2-Parveen-S4/edc8eed7.json,train,P2-Parveen-S4,P2-Parveen-S4,Tumor,True,True,512,512,L,1.0,Tumor,True,0.004299163818359375,False
Train/P2-Parveen-S4/edc8eed8.png,Train_masks/P2-Parveen-S4/edc8eed8_mask.png,Train/P2-Parveen-S4/edc8eed8.json,train,P2-Parveen-S4,P2-Parveen-S4,Tumor,True,True,512,512,L,1.0,Tumor,True,0.004245758056640625,False
Train/P2-Parveen-S4/edc8eed9.png,Train_masks/P2-Parveen-S4/edc8eed9_mask.png,Train/P2-Parveen-S4/edc8eed9.json,train,P2-Parveen-S4,P2-Parveen-S4,Tumor,True,True,512,512,L,1.0,Tumor,True,0.004669189453125,False
Train/P2-Parveen-S4/edc8eeda.png,Train_masks/P2-Parveen-S4/edc8eeda_mask.png,Train/P2-Parveen-S4/edc8eeda.json,train,P2-Parveen-S4,P2-Parveen-S4,Tumor,True,True,512,512,L,1.0,Tumor,True,0.004901885986328125,False
Train/P2-Parveen-S4/edc8eedb.png,Train_masks/P2-Parveen-S4/edc8eedb_mask.png,Train/P2-Parveen-S4/edc8eedb.json,train,P2-Parveen-S4,P2-Parveen-S4,Tumor,True,True,512,512,L,1.0,Tumor,True,0.00435638427734375,False
Train/P2-Parveen-S4/edc8eedc.png,Train_masks/P2-Parveen-S4/edc8eedc_mask.png,Train/P2-Parveen-S4/edc8eedc.json,train,P2-Parveen-S4,P2-Parveen-S4,Tumor,True,True,512,512,L,1.0,Tumor,True,0.003658294677734375,False
Train/P2-Parveen-S4/edc8f17d.png,Train_masks/P2-Parveen-S4/edc8f17d_mask.png,Train/P2-Parveen-S4/edc8f17d.json,train,P2-Parveen-S4,P2-Parveen-S4,Tumor,True,True,512,512,L,1.0,Tumor,True,0.004638671875,False
Train/P2-Parveen-S4/edc8f17e.png,Train_masks/P2-Parveen-S4/edc8f17e_mask.png,Train/P2-Parveen-S4/edc8f17e.json,train,P2-Parveen-S4,P2-Parveen-S4,Tumor,True,True,512,512,L,1.0,Tumor,True,0.0050201416015625,False
Train/P2-Parveen-S4/edc8f17f.png,Train_masks/P2-Parveen-S4/edc8f17f_mask.png,Train/P2-Parveen-S4/edc8f17f.json,train,P2-Parveen-S4,P2-Parveen-S4,Tumor,True,True,512,512,L,1.0,Tumor,True,0.005733489990234375,False
Train/P2-Parveen-S4/edc8f180.png,Train_masks/P2-Parveen-S4/edc8f180_mask.png,Train/P2-Parveen-S4/edc8f180.json,train,P2-Parveen-S4,P2-Parveen-S4,Tumor,True,True,512,512,L,1.0,Tumor,True,0.004779815673828125,False
Train/P2-Parveen-S4/edc8f181.png,Train_masks/P2-Parveen-S4/edc8f181_mask.png,Train/P2-Parveen-S4/edc8f181.json,train,P2-Parveen-S4,P2-Parveen-S4,Tumor,True,True,512,512,L,1.0,Tumor,True,0.00437164306640625,False
Train/P2-Parveen-S4/edc8f182.png,Train_masks/P2-Parveen-S4/edc8f182_mask.png,Train/P2-Parveen-S4/edc8f182.json,train,P2-Parveen-S4,P2-Parveen-S4,Tumor,True,True,512,512,L,1.0,Tumor,True,0.004047393798828125,False
Train/P2-Parveen-S4/edc8f183.png,Train_masks/P2-Parveen-S4/edc8f183_mask.png,Train/P2-Parveen-S4/edc8f183.json,train,P2-Parveen-S4,P2-Parveen-S4,Tumor,True,True,512,512,L,1.0,Tumor,True,0.0037384033203125,False
Train/P2-Parveen-S4/edc8f185.png,Train_masks/P2-Parveen-S4/edc8f185_mask.png,Train/P2-Parveen-S4/edc8f185.json,train,P2-Parveen-S4,P2-Parveen-S4,Tumor,True,True,512,512,L,1.0,Tumor,True,0.004360198974609375,False
Train/P2-Parveen-S4/edc8f186.png,Train_masks/P2-Parveen-S4/edc8f186_mask.png,Train/P2-Parveen-S4/edc8f186.json,train,P2-Parveen-S4,P2-Parveen-S4,Tumor,True,True,512,512,L,1.0,Tumor,True,0.0049591064453125,False
Train/P2-Parveen-S4/edc8f19c.png,Train_masks/P2-Parveen-S4/edc8f19c_mask.png,Train/P2-Parveen-S4/edc8f19c.json,train,P2-Parveen-S4,P2-Parveen-S4,Tumor,True,True,512,512,L,1.0,Tumor,True,0.004566192626953125,False
Train/P2-Parveen-S4/edc8f19d.png,Train_masks/P2-Parveen-S4/edc8f19d_mask.png,Train/P2-Parveen-S4/edc8f19d.json,train,P2-Parveen-S4,P2-Parveen-S4,Tumor,True,True,512,512,L,1.0,Tumor,True,0.004764556884765625,False
Train/P2-Parveen-S4/edc8f19e.png,Train_masks/P2-Parveen-S4/edc8f19e_mask.png,Train/P2-Parveen-S4/edc8f19e.json,train,P2-Parveen-S4,P2-Parveen-S4,Tumor,True,True,512,512,L,1.0,Tumor,True,0.00434112548828125,False
Train/P2-Parveen-S4/edc8f19f.png,Train_masks/P2-Parveen-S4/edc8f19f_mask.png,Train/P2-Parveen-S4/edc8f19f.json,train,P2-Parveen-S4,P2-Parveen-S4,Tumor,True,True,512,512,L,1.0,Tumor,True,0.0045013427734375,False
Train/P2-Parveen-S4/edc8f1a0.png,Train_masks/P2-Parveen-S4/edc8f1a0_mask.png,Train/P2-Parveen-S4/edc8f1a0.json,train,P2-Parveen-S4,P2-Parveen-S4,Tumor,True,True,512,512,L,1.0,Tumor,True,0.005706787109375,False
Train/P2-Parveen-S4/edc8f1a1.png,Train_masks/P2-Parveen-S4/edc8f1a1_mask.png,Train/P2-Parveen-S4/edc8f1a1.json,train,P2-Parveen-S4,P2-Parveen-S4,Tumor,True,True,512,512,L,1.0,Tumor,True,0.00524139404296875,False
Train/P2-Parveen-S4/edc8f1a2.png,Train_masks/P2-Parveen-S4/edc8f1a2_mask.png,Train/P2-Parveen-S4/edc8f1a2.json,train,P2-Parveen-S4,P2-Parveen-S4,Tumor,True,True,512,512,L,1.0,Tumor,True,0.005329132080078125,False
Train/P2-Parveen-S4/edc8f1a3.png,Train_masks/P2-Parveen-S4/edc8f1a3_mask.png,Train/P2-Parveen-S4/edc8f1a3.json,train,P2-Parveen-S4,P2-Parveen-S4,Tumor,True,True,512,512,L,1.0,Tumor,True,0.006069183349609375,False
Train/P2-Parveen-S4/edc8f1a4.png,Train_masks/P2-Parveen-S4/edc8f1a4_mask.png,Train/P2-Parveen-S4/edc8f1a4.json,train,P2-Parveen-S4,P2-Parveen-S4,Tumor,True,True,512,512,L,1.0,Tumor,True,0.005527496337890625,False
Train/P2-Parveen-S4/edc8f1a5.png,Train_masks/P2-Parveen-S4/edc8f1a5_mask.png,Train/P2-Parveen-S4/edc8f1a5.json,train,P2-Parveen-S4,P2-Parveen-S4,Tumor,True,True,512,512,L,1.0,Tumor,True,0.0048675537109375,False
Train/P2-Parveen-S4/edc8f1bb.png,Train_masks/P2-Parveen-S4/edc8f1bb_mask.png,Train/P2-Parveen-S4/edc8f1bb.json,train,P2-Parveen-S4,P2-Parveen-S4,Tumor,True,True,512,512,L,1.0,Tumor,True,0.006923675537109375,False
Train/P2-Parveen-S4/edc8f1bc.png,Train_masks/P2-Parveen-S4/edc8f1bc_mask.png,Train/P2-Parveen-S4/edc8f1bc.json,train,P2-Parveen-S4,P2-Parveen-S4,Tumor,True,True,512,512,L,1.0,Tumor,True,0.007839202880859375,False
Train/P2-Parveen-S4/edc8f1bd.png,Train_masks/P2-Parveen-S4/edc8f1bd_mask.png,Train/P2-Parveen-S4/edc8f1bd.json,train,P2-Parveen-S4,P2-Parveen-S4,Tumor,True,True,512,512,L,1.0,Tumor,True,0.00574493408203125,False
Train/P2-Parveen-S4/edc8f1be.png,Train_masks/P2-Parveen-S4/edc8f1be_mask.png,Train/P2-Parveen-S4/edc8f1be.json,train,P2-Parveen-S4,P2-Parveen-S4,Tumor,True,True,512,512,L,1.0,Tumor,True,0.004619598388671875,False
Train/P2-Parveen-S4/edc8f1bf.png,Train_masks/P2-Parveen-S4/edc8f1bf_mask.png,Train/P2-Parveen-S4/edc8f1bf.json,train,P2-Parveen-S4,P2-Parveen-S4,Tumor,True,True,512,512,L,1.0,Tumor,True,0.004093170166015625,False
Train/P2-Parveen-S4/edc8f1c0.png,Train_masks/P2-Parveen-S4/edc8f1c0_mask.png,Train/P2-Parveen-S4/edc8f1c0.json,train,P2-Parveen-S4,P2-Parveen-S4,Tumor,True,True,512,512,L,1.0,Tumor,True,0.00431060791015625,False
Train/P2-Parveen-S4/edc8f1c1.png,Train_masks/P2-Parveen-S4/edc8f1c1_mask.png,Train/P2-Parveen-S4/edc8f1c1.json,train,P2-Parveen-S4,P2-Parveen-S4,Tumor,True,True,512,512,L,1.0,Tumor,True,0.005619049072265625,False
Train/P2-Parveen-S4/edc8f1c2.png,Train_masks/P2-Parveen-S4/edc8f1c2_mask.png,Train/P2-Parveen-S4/edc8f1c2.json,train,P2-Parveen-S4,P2-Parveen-S4,Tumor,True,True,512,512,L,1.0,Tumor,True,0.005077362060546875,False
Train/P2-Parveen-S4/edc8f1c3.png,Train_masks/P2-Parveen-S4/edc8f1c3_mask.png,Train/P2-Parveen-S4/edc8f1c3.json,train,P2-Parveen-S4,P2-Parveen-S4,Tumor,True,True,512,512,L,1.0,Tumor,True,0.002964019775390625,False
Train/P2-Parveen-S4/edc8f1c4.png,Train_masks/P2-Parveen-S4/edc8f1c4_mask.png,Train/P2-Parveen-S4/edc8f1c4.json,train,P2-Parveen-S4,P2-Parveen-S4,Tumor,True,True,512,512,L,1.0,Tumor,True,0.003299713134765625,False
Train/P2-Parveen-S4/edc8f1da.png,Train_masks/P2-Parveen-S4/edc8f1da_mask.png,Train/P2-Parveen-S4/edc8f1da.json,train,P2-Parveen-S4,P2-Parveen-S4,Tumor,True,True,512,512,L,1.0,Tumor,True,0.005008697509765625,False
Train/P2-Parveen-S4/edc8f1db.png,Train_masks/P2-Parveen-S4/edc8f1db_mask.png,Train/P2-Parveen-S4/edc8f1db.json,train,P2-Parveen-S4,P2-Parveen-S4,Tumor,True,True,512,512,L,1.0,Tumor,True,0.002410888671875,False
Train/P2-Parveen-S4/edc8f1dc.png,Train_masks/P2-Parveen-S4/edc8f1dc_mask.png,Train/P2-Parveen-S4/edc8f1dc.json,train,P2-Parveen-S4,P2-Parveen-S4,Tumor,True,True,512,512,L,1.0,Tumor,True,0.002838134765625,False
Train/P3-Zareena-S2/1eeb31e.png,Train_masks/P3-Zareena-S2/1eeb31e_mask.png,Train/P3-Zareena-S2/1eeb31e.json,train,P3-Zareena-S2,P3-Zareena-S2,Tumor,True,True,512,512,L,1.0,Tumor,True,0.0017852783203125,False
Train/P3-Zareena-S2/1eeb322.png,Train_masks/P3-Zareena-S2/1eeb322_mask.png,Train/P3-Zareena-S2/1eeb322.json,train,P3-Zareena-S2,P3-Zareena-S2,Tumor,True,True,512,512,L,1.0,Tumor,True,0.001026153564453125,False
Train/P3-Zareena-S2/4527394.png,Train_masks/P3-Zareena-S2/4527394_mask.png,Train/P3-Zareena-S2/4527394.json,train,P3-Zareena-S2,P3-Zareena-S2,Tumor,True,True,512,512,L,1.0,Tumor,True,0.0025482177734375,False
Train/P3-Zareena-S2/4527397.png,Train_masks/P3-Zareena-S2/4527397_mask.png,Train/P3-Zareena-S2/4527397.json,train,P3-Zareena-S2,P3-Zareena-S2,Tumor,True,True,512,512,L,1.0,Tumor,True,0.002277374267578125,False
Train/P3-Zareena-S2/4527639.png,Train_masks/P3-Zareena-S2/4527639_mask.png,Train/P3-Zareena-S2/4527639.json,train,P3-Zareena-S2,P3-Zareena-S2,Tumor,True,True,512,512,L,1.0,Tumor,True,0.002124786376953125,False
Train/P3-Zareena-S2/452763b.png,Train_masks/P3-Zareena-S2/452763b_mask.png,Train/P3-Zareena-S2/452763b.json,train,P3-Zareena-S2,P3-Zareena-S2,Tumor,True,True,512,512,L,1.0,Tumor,True,0.00205230712890625,False
Train/P3-Zareena-S2/452763d.png,Train_masks/P3-Zareena-S2/452763d_mask.png,Train/P3-Zareena-S2/452763d.json,train,P3-Zareena-S2,P3-Zareena-S2,Tumor,True,True,512,512,L,1.0,Tumor,True,0.00196075439453125,False
Train/P3-Zareena-S2/452763f.png,Train_masks/P3-Zareena-S2/452763f_mask.png,Train/P3-Zareena-S2/452763f.json,train,P3-Zareena-S2,P3-Zareena-S2,Tumor,True,True,512,512,L,1.0,Tumor,True,0.00174713134765625,False
Train/P3-Zareena-S2/4527641.png,Train_masks/P3-Zareena-S2/4527641_mask.png,Train/P3-Zareena-S2/4527641.json,train,P3-Zareena-S2,P3-Zareena-S2,Tumor,True,True,512,512,L,1.0,Tumor,True,0.002185821533203125,False
Train/P3-Zareena-S2/4527658.png,Train_masks/P3-Zareena-S2/4527658_mask.png,Train/P3-Zareena-S2/4527658.json,train,P3-Zareena-S2,P3-Zareena-S2,Tumor,True,True,512,512,L,1.0,Tumor,True,0.00179290771484375,False
Train/P3-Zareena-S2/452765a.png,Train_masks/P3-Zareena-S2/452765a_mask.png,Train/P3-Zareena-S2/452765a.json,train,P3-Zareena-S2,P3-Zareena-S2,Tumor,True,True,512,512,L,1.0,Tumor,True,0.001705169677734375,False
Train/P3-Zareena-S2/452765c.png,Train_masks/P3-Zareena-S2/452765c_mask.png,Train/P3-Zareena-S2/452765c.json,train,P3-Zareena-S2,P3-Zareena-S2,Tumor,True,True,512,512,L,1.0,Tumor,True,0.0017242431640625,False
Train/P3-Zareena-S2/47f1a3b.png,Train_masks/P3-Zareena-S2/47f1a3b_mask.png,Train/P3-Zareena-S2/47f1a3b.json,train,P3-Zareena-S2,P3-Zareena-S2,Tumor,True,True,512,512,L,1.0,Tumor,True,0.00193023681640625,False
Train/P3-Zareena-S2/47f1cde.png,Train_masks/P3-Zareena-S2/47f1cde_mask.png,Train/P3-Zareena-S2/47f1cde.json,train,P3-Zareena-S2,P3-Zareena-S2,Tumor,True,True,512,512,L,1.0,Tumor,True,0.00194549560546875,False
Train/P3-Zareena-S2/47f1ce0.png,Train_masks/P3-Zareena-S2/47f1ce0_mask.png,Train/P3-Zareena-S2/47f1ce0.json,train,P3-Zareena-S2,P3-Zareena-S2,Tumor,True,True,512,512,L,1.0,Tumor,True,0.0018463134765625,False
Train/P3-Zareena-S2/47f1ce2.png,Train_masks/P3-Zareena-S2/47f1ce2_mask.png,Train/P3-Zareena-S2/47f1ce2.json,train,P3-Zareena-S2,P3-Zareena-S2,Tumor,True,True,512,512,L,1.0,Tumor,True,0.00213623046875,False
Train/P3-Zareena-S2/47f1ce4.png,Train_masks/P3-Zareena-S2/47f1ce4_mask.png,Train/P3-Zareena-S2/47f1ce4.json,train,P3-Zareena-S2,P3-Zareena-S2,Tumor,True,True,512,512,L,1.0,Tumor,True,0.00146484375,False
Train/P3-Zareena-S2/47f1ce6.png,Train_masks/P3-Zareena-S2/47f1ce6_mask.png,Train/P3-Zareena-S2/47f1ce6.json,train,P3-Zareena-S2,P3-Zareena-S2,Tumor,True,True,512,512,L,1.0,Tumor,True,0.0012054443359375,False
Train/P3-Zareena-S2/47f1cfd.png,Train_masks/P3-Zareena-S2/47f1cfd_mask.png,Train/P3-Zareena-S2/47f1cfd.json,train,P3-Zareena-S2,P3-Zareena-S2,Tumor,True,True,512,512,L,1.0,Tumor,True,0.001911163330078125,False
Train/P3-Zareena-S2/52ea12d4.png,Train_masks/P3-Zareena-S2/52ea12d4_mask.png,Train/P3-Zareena-S2/52ea12d4.json,train,P3-Zareena-S2,P3-Zareena-S2,Tumor,True,True,512,512,L,1.0,Tumor,True,0.0023345947265625,False
Train/P3-Zareena-S2/52ea12d7.png,Train_masks/P3-Zareena-S2/52ea12d7_mask.png,Train/P3-Zareena-S2/52ea12d7.json,train,P3-Zareena-S2,P3-Zareena-S2,Tumor,True,True,512,512,L,1.0,Tumor,True,0.001735687255859375,False
Train/P3-Zareena-S2/52ea12d9.png,Train_masks/P3-Zareena-S2/52ea12d9_mask.png,Train/P3-Zareena-S2/52ea12d9.json,train,P3-Zareena-S2,P3-Zareena-S2,Tumor,True,True,512,512,L,1.0,Tumor,True,0.00199127197265625,False
Train/P3-Zareena-S2/52ea12db.png,Train_masks/P3-Zareena-S2/52ea12db_mask.png,Train/P3-Zareena-S2/52ea12db.json,train,P3-Zareena-S2,P3-Zareena-S2,Tumor,True,True,512,512,L,1.0,Tumor,True,0.002597808837890625,False
Train/P3-Zareena-S2/52ea12dd.png,Train_masks/P3-Zareena-S2/52ea12dd_mask.png,Train/P3-Zareena-S2/52ea12dd.json,train,P3-Zareena-S2,P3-Zareena-S2,Tumor,True,True,512,512,L,1.0,Tumor,True,0.002788543701171875,False
Train/P3-Zareena-S2/52ea12f4.png,Train_masks/P3-Zareena-S2/52ea12f4_mask.png,Train/P3-Zareena-S2/52ea12f4.json,train,P3-Zareena-S2,P3-Zareena-S2,Tumor,True,True,512,512,L,1.0,Tumor,True,0.0022430419921875,False
Train/P3-Zareena-S2/52ea12f6.png,Train_masks/P3-Zareena-S2/52ea12f6_mask.png,Train/P3-Zareena-S2/52ea12f6.json,train,P3-Zareena-S2,P3-Zareena-S2,Tumor,True,True,512,512,L,1.0,Tumor,True,0.002490997314453125,False
Train/P3-Zareena-S2/52ea12f8.png,Train_masks/P3-Zareena-S2/52ea12f8_mask.png,Train/P3-Zareena-S2/52ea12f8.json,train,P3-Zareena-S2,P3-Zareena-S2,Tumor,True,True,512,512,L,1.0,Tumor,True,0.002193450927734375,False
Train/P3-Zareena-S2/52ea12f9.png,Train_masks/P3-Zareena-S2/52ea12f9_mask.png,Train/P3-Zareena-S2/52ea12f9.json,train,P3-Zareena-S2,P3-Zareena-S2,Tumor,True,True,512,512,L,1.0,Tumor,True,0.002044677734375,False
Train/P3-Zareena-S2/52ea12fb.png,Train_masks/P3-Zareena-S2/52ea12fb_mask.png,Train/P3-Zareena-S2/52ea12fb.json,train,P3-Zareena-S2,P3-Zareena-S2,Tumor,True,True,512,512,L,1.0,Tumor,True,0.00209808349609375,False
Train/P3-Zareena-S2/53172e17.png,Train_masks/P3-Zareena-S2/53172e17_mask.png,Train/P3-Zareena-S2/53172e17.json,train,P3-Zareena-S2,P3-Zareena-S2,Tumor,True,True,512,512,L,1.0,Tumor,True,0.00162506103515625,False
Train/P3-Zareena-S2/53172e1a.png,Train_masks/P3-Zareena-S2/53172e1a_mask.png,Train/P3-Zareena-S2/53172e1a.json,train,P3-Zareena-S2,P3-Zareena-S2,Tumor,True,True,512,512,L,1.0,Tumor,True,0.001270294189453125,False
Train/P3-Zareena-S2/53172e1c.png,Train_masks/P3-Zareena-S2/53172e1c_mask.png,Train/P3-Zareena-S2/53172e1c.json,train,P3-Zareena-S2,P3-Zareena-S2,Tumor,True,True,512,512,L,1.0,Tumor,True,0.000980377197265625,False
Train/P3-Zareena-S2/53172e1e.png,Train_masks/P3-Zareena-S2/53172e1e_mask.png,Train/P3-Zareena-S2/53172e1e.json,train,P3-Zareena-S2,P3-Zareena-S2,Tumor,True,True,512,512,L,1.0,Tumor,True,0.00103759765625,False
Train/P3-Zareena-S2/83627093.png,Train_masks/P3-Zareena-S2/83627093_mask.png,Train/P3-Zareena-S2/83627093.json,train,P3-Zareena-S2,P3-Zareena-S2,Tumor,True,True,512,512,L,1.0,Tumor,True,0.003177642822265625,False
Train/P3-Zareena-S2/83627096.png,Train_masks/P3-Zareena-S2/83627096_mask.png,Train/P3-Zareena-S2/83627096.json,train,P3-Zareena-S2,P3-Zareena-S2,Tumor,True,True,512,512,L,1.0,Tumor,True,0.00420379638671875,False
Train/P3-Zareena-S2/83627098.png,Train_masks/P3-Zareena-S2/83627098_mask.png,Train/P3-Zareena-S2/83627098.json,train,P3-Zareena-S2,P3-Zareena-S2,Tumor,True,True,512,512,L,1.0,Tumor,True,0.003406524658203125,False
Train/P3-Zareena-S2/8362709a.png,Train_masks/P3-Zareena-S2/8362709a_mask.png,Train/P3-Zareena-S2/8362709a.json,train,P3-Zareena-S2,P3-Zareena-S2,Tumor,True,True,512,512,L,1.0,Tumor,True,0.004230499267578125,False
Train/P3-Zareena-S2/8362709c.png,Train_masks/P3-Zareena-S2/8362709c_mask.png,Train/P3-Zareena-S2/8362709c.json,train,P3-Zareena-S2,P3-Zareena-S2,Tumor,True,True,512,512,L,1.0,Tumor,True,0.005336761474609375,False
Train/P3-Zareena-S2/836270b3.png,Train_masks/P3-Zareena-S2/836270b3_mask.png,Train/P3-Zareena-S2/836270b3.json,train,P3-Zareena-S2,P3-Zareena-S2,Tumor,True,True,512,512,L,1.0,Tumor,True,0.00437164306640625,False
Train/P3-Zareena-S2/836270b5.png,Train_masks/P3-Zareena-S2/836270b5_mask.png,Train/P3-Zareena-S2/836270b5.json,train,P3-Zareena-S2,P3-Zareena-S2,Tumor,True,True,512,512,L,1.0,Tumor,True,0.00396728515625,False
Train/P3-Zareena-S2/836270b7.png,Train_masks/P3-Zareena-S2/836270b7_mask.png,Train/P3-Zareena-S2/836270b7.json,train,P3-Zareena-S2,P3-Zareena-S2,Tumor,True,True,512,512,L,1.0,Tumor,True,0.00388336181640625,False
Train/P3-Zareena-S2/836270b8.png,Train_masks/P3-Zareena-S2/836270b8_mask.png,Train/P3-Zareena-S2/836270b8.json,train,P3-Zareena-S2,P3-Zareena-S2,Tumor,True,True,512,512,L,1.0,Tumor,True,0.0035552978515625,False
Train/P3-Zareena-S2/836270ba.png,Train_masks/P3-Zareena-S2/836270ba_mask.png,Train/P3-Zareena-S2/836270ba.json,train,P3-Zareena-S2,P3-Zareena-S2,Tumor,True,True,512,512,L,1.0,Tumor,True,0.0024566650390625,False
Train/P3-Zareena-S2/84c0db17.png,Train_masks/P3-Zareena-S2/84c0db17_mask.png,Train/P3-Zareena-S2/84c0db17.json,train,P3-Zareena-S2,P3-Zareena-S2,Tumor,True,True,512,512,L,1.0,Tumor,True,0.004352569580078125,False
Train/P3-Zareena-S2/84c0db30.png,Train_masks/P3-Zareena-S2/84c0db30_mask.png,Train/P3-Zareena-S2/84c0db30.json,train,P3-Zareena-S2,P3-Zareena-S2,Tumor,True,True,512,512,L,1.0,Tumor,True,0.00489044189453125,False
Train/P3-Zareena-S2/84c0db32.png,Train_masks/P3-Zareena-S2/84c0db32_mask.png,Train/P3-Zareena-S2/84c0db32.json,train,P3-Zareena-S2,P3-Zareena-S2,Tumor,True,True,512,512,L,1.0,Tumor,True,0.004180908203125,False
Train/P3-Zareena-S2/84c0db33.png,Train_masks/P3-Zareena-S2/84c0db33_mask.png,Train/P3-Zareena-S2/84c0db33.json,train,P3-Zareena-S2,P3-Zareena-S2,Tumor,True,True,512,512,L,1.0,Tumor,True,0.002277374267578125,False
Train/P3-Zareena-S2/84c0db35.png,Train_masks/P3-Zareena-S2/84c0db35_mask.png,Train/P3-Zareena-S2/84c0db35.json,train,P3-Zareena-S2,P3-Zareena-S2,Tumor,True,True,512,512,L,1.0,Tumor,True,0.002597808837890625,False
Train/P3-Zareena-S2/84c0db37.png,Train_masks/P3-Zareena-S2/84c0db37_mask.png,Train/P3-Zareena-S2/84c0db37.json,train,P3-Zareena-S2,P3-Zareena-S2,Tumor,True,True,512,512,L,1.0,Tumor,True,0.002620697021484375,False
Train/P3-Zareena-S2/84c0db39.png,Train_masks/P3-Zareena-S2/84c0db39_mask.png,Train/P3-Zareena-S2/84c0db39.json,train,P3-Zareena-S2,P3-Zareena-S2,Tumor,True,True,512,512,L,1.0,Tumor,True,0.00293731689453125,False
Train/P3-Zareena-S2/84c0db50.png,Train_masks/P3-Zareena-S2/84c0db50_mask.png,Train/P3-Zareena-S2/84c0db50.json,train,P3-Zareena-S2,P3-Zareena-S2,Tumor,True,True,512,512,L,1.0,Tumor,True,0.002452850341796875,False
Train/P3-Zareena-S2/84c0db52.png,Train_masks/P3-Zareena-S2/84c0db52_mask.png,Train/P3-Zareena-S2/84c0db52.json,train,P3-Zareena-S2,P3-Zareena-S2,Tumor,True,True,512,512,L,1.0,Tumor,True,0.002170562744140625,False
Train/P3-Zareena-S2/84c0db54.png,Train_masks/P3-Zareena-S2/84c0db54_mask.png,Train/P3-Zareena-S2/84c0db54.json,train,P3-Zareena-S2,P3-Zareena-S2,Tumor,True,True,512,512,L,1.0,Tumor,True,0.00278472900390625,False
Train/P3-Zareena-S2/8c386083.png,Train_masks/P3-Zareena-S2/8c386083_mask.png,Train/P3-Zareena-S2/8c386083.json,train,P3-Zareena-S2,P3-Zareena-S2,Tumor,True,True,512,512,L,1.0,Tumor,True,0.003795623779296875,False
Train/P3-Zareena-S2/8c386087.png,Train_masks/P3-Zareena-S2/8c386087_mask.png,Train/P3-Zareena-S2/8c386087.json,train,P3-Zareena-S2,P3-Zareena-S2,Tumor,True,True,512,512,L,1.0,Tumor,True,0.003978729248046875,False
Train/P3-Zareena-S2/8c386089.png,Train_masks/P3-Zareena-S2/8c386089_mask.png,Train/P3-Zareena-S2/8c386089.json,train,P3-Zareena-S2,P3-Zareena-S2,Tumor,True,True,512,512,L,1.0,Tumor,True,0.00376129150390625,False
Train/P3-Zareena-S2/8c38608b.png,Train_masks/P3-Zareena-S2/8c38608b_mask.png,Train/P3-Zareena-S2/8c38608b.json,train,P3-Zareena-S2,P3-Zareena-S2,Tumor,True,True,512,512,L,1.0,Tumor,True,0.0041961669921875,False
Train/P3-Zareena-S2/8c3860a1.png,Train_masks/P3-Zareena-S2/8c3860a1_mask.png,Train/P3-Zareena-S2/8c3860a1.json,train,P3-Zareena-S2,P3-Zareena-S2,Tumor,True,True,512,512,L,1.0,Tumor,True,0.00437164306640625,False
Train/P3-Zareena-S2/8c3860a3.png,Train_masks/P3-Zareena-S2/8c3860a3_mask.png,Train/P3-Zareena-S2/8c3860a3.json,train,P3-Zareena-S2,P3-Zareena-S2,Tumor,True,True,512,512,L,1.0,Tumor,True,0.0046539306640625,False
Train/P3-Zareena-S2/8c3860a5.png,Train_masks/P3-Zareena-S2/8c3860a5_mask.png,Train/P3-Zareena-S2/8c3860a5.json,train,P3-Zareena-S2,P3-Zareena-S2,Tumor,True,True,512,512,L,1.0,Tumor,True,0.004146575927734375,False
Train/P3-Zareena-S2/8c3860a7.png,Train_masks/P3-Zareena-S2/8c3860a7_mask.png,Train/P3-Zareena-S2/8c3860a7.json,train,P3-Zareena-S2,P3-Zareena-S2,Tumor,True,True,512,512,L,1.0,Tumor,True,0.003986358642578125,False
Train/P3-Zareena-S2/8c3860a9.png,Train_masks/P3-Zareena-S2/8c3860a9_mask.png,Train/P3-Zareena-S2/8c3860a9.json,train,P3-Zareena-S2,P3-Zareena-S2,Tumor,True,True,512,512,L,1.0,Tumor,True,0.00485992431640625,False
Train/P3-Zareena-S2/8c38634b.png,Train_masks/P3-Zareena-S2/8c38634b_mask.png,Train/P3-Zareena-S2/8c38634b.json,train,P3-Zareena-S2,P3-Zareena-S2,Tumor,True,True,512,512,L,1.0,Tumor,True,0.00409698486328125,False
Train/P3-Zareena-S2/9e0a06b9.png,Train_masks/P3-Zareena-S2/9e0a06b9_mask.png,Train/P3-Zareena-S2/9e0a06b9.json,train,P3-Zareena-S2,P3-Zareena-S2,Tumor,True,True,512,512,L,1.0,Tumor,True,0.00316619873046875,False
Train/P3-Zareena-S2/9e0a06bb.png,Train_masks/P3-Zareena-S2/9e0a06bb_mask.png,Train/P3-Zareena-S2/9e0a06bb.json,train,P3-Zareena-S2,P3-Zareena-S2,Tumor,True,True,512,512,L,1.0,Tumor,True,0.003505706787109375,False
Train/P3-Zareena-S2/9e0a06bd.png,Train_masks/P3-Zareena-S2/9e0a06bd_mask.png,Train/P3-Zareena-S2/9e0a06bd.json,train,P3-Zareena-S2,P3-Zareena-S2,Tumor,True,True,512,512,L,1.0,Tumor,True,0.004238128662109375,False
Train/P3-Zareena-S2/9e0a06d4.png,Train_masks/P3-Zareena-S2/9e0a06d4_mask.png,Train/P3-Zareena-S2/9e0a06d4.json,train,P3-Zareena-S2,P3-Zareena-S2,Tumor,True,True,512,512,L,1.0,Tumor,True,0.00371551513671875,False
Train/P3-Zareena-S2/9e0a06d6.png,Train_masks/P3-Zareena-S2/9e0a06d6_mask.png,Train/P3-Zareena-S2/9e0a06d6.json,train,P3-Zareena-S2,P3-Zareena-S2,Tumor,True,True,512,512,L,1.0,Tumor,True,0.0040435791015625,False
Train/P3-Zareena-S2/9e368b55.png,Train_masks/P3-Zareena-S2/9e368b55_mask.png,Train/P3-Zareena-S2/9e368b55.json,train,P3-Zareena-S2,P3-Zareena-S2,Tumor,True,True,512,512,L,1.0,Tumor,True,0.004192352294921875,False
Train/P3-Zareena-S2/9e368b58.png,Train_masks/P3-Zareena-S2/9e368b58_mask.png,Train/P3-Zareena-S2/9e368b58.json,train,P3-Zareena-S2,P3-Zareena-S2,Tumor,True,True,512,512,L,1.0,Tumor,True,0.0033111572265625,False
Train/P3-Zareena-S2/9e368b5a.png,Train_masks/P3-Zareena-S2/9e368b5a_mask.png,Train/P3-Zareena-S2/9e368b5a.json,train,P3-Zareena-S2,P3-Zareena-S2,Tumor,True,True,512,512,L,1.0,Tumor,True,0.00347137451171875,False
Train/P3-Zareena-S2/9e368b71.png,Train_masks/P3-Zareena-S2/9e368b71_mask.png,Train/P3-Zareena-S2/9e368b71.json,train,P3-Zareena-S2,P3-Zareena-S2,Tumor,True,True,512,512,L,1.0,Tumor,True,0.00372314453125,False
Train/P3-Zareena-S2/9e368b73.png,Train_masks/P3-Zareena-S2/9e368b73_mask.png,Train/P3-Zareena-S2/9e368b73.json,train,P3-Zareena-S2,P3-Zareena-S2,Tumor,True,True,512,512,L,1.0,Tumor,True,0.002429962158203125,False
Train/P3-Zareena-S2/9e368b75.png,Train_masks/P3-Zareena-S2/9e368b75_mask.png,Train/P3-Zareena-S2/9e368b75.json,train,P3-Zareena-S2,P3-Zareena-S2,Tumor,True,True,512,512,L,1.0,Tumor,True,0.00214385986328125,False
Train/P3-Zareena-S2/9e368b77.png,Train_masks/P3-Zareena-S2/9e368b77_mask.png,Train/P3-Zareena-S2/9e368b77.json,train,P3-Zareena-S2,P3-Zareena-S2,Tumor,True,True,512,512,L,1.0,Tumor,True,0.002101898193359375,False
Train/P3-Zareena-S2/9e368b79.png,Train_masks/P3-Zareena-S2/9e368b79_mask.png,Train/P3-Zareena-S2/9e368b79.json,train,P3-Zareena-S2,P3-Zareena-S2,Tumor,True,True,512,512,L,1.0,Tumor,True,0.002452850341796875,False
Train/P3-Zareena-S2/9e368b90.png,Train_masks/P3-Zareena-S2/9e368b90_mask.png,Train/P3-Zareena-S2/9e368b90.json,train,P3-Zareena-S2,P3-Zareena-S2,Tumor,True,True,512,512,L,1.0,Tumor,True,0.002132415771484375,False
Train/P3-Zareena-S2/9e368b92.png,Train_masks/P3-Zareena-S2/9e368b92_mask.png,Train/P3-Zareena-S2/9e368b92.json,train,P3-Zareena-S2,P3-Zareena-S2,Tumor,True,True,512,512,L,1.0,Tumor,True,0.0019989013671875,False
Train/P3-Zareena-S2/e66cd6f6.png,Train_masks/P3-Zareena-S2/e66cd6f6_mask.png,Train/P3-Zareena-S2/e66cd6f6.json,train,P3-Zareena-S2,P3-Zareena-S2,Tumor,True,True,512,512,L,1.0,Tumor,True,0.003368377685546875,False
Train/P3-Zareena-S2/e66cd6f9.png,Train_masks/P3-Zareena-S2/e66cd6f9_mask.png,Train/P3-Zareena-S2/e66cd6f9.json,train,P3-Zareena-S2,P3-Zareena-S2,Tumor,True,True,512,512,L,1.0,Tumor,True,0.004093170166015625,False
Train/P3-Zareena-S2/e66cd6fb.png,Train_masks/P3-Zareena-S2/e66cd6fb_mask.png,Train/P3-Zareena-S2/e66cd6fb.json,train,P3-Zareena-S2,P3-Zareena-S2,Tumor,True,True,512,512,L,1.0,Tumor,True,0.00345611572265625,False
Train/P3-Zareena-S2/e66cd6fd.png,Train_masks/P3-Zareena-S2/e66cd6fd_mask.png,Train/P3-Zareena-S2/e66cd6fd.json,train,P3-Zareena-S2,P3-Zareena-S2,Tumor,True,True,512,512,L,1.0,Tumor,True,0.004131317138671875,False
Train/P3-Zareena-S2/e66cd6ff.png,Train_masks/P3-Zareena-S2/e66cd6ff_mask.png,Train/P3-Zareena-S2/e66cd6ff.json,train,P3-Zareena-S2,P3-Zareena-S2,Tumor,True,True,512,512,L,1.0,Tumor,True,0.003711700439453125,False
Train/P3-Zareena-S2/e66cd9a1.png,Train_masks/P3-Zareena-S2/e66cd9a1_mask.png,Train/P3-Zareena-S2/e66cd9a1.json,train,P3-Zareena-S2,P3-Zareena-S2,Tumor,True,True,512,512,L,1.0,Tumor,True,0.002979278564453125,False
Train/P3-Zareena-S2/e66cd9a3.png,Train_masks/P3-Zareena-S2/e66cd9a3_mask.png,Train/P3-Zareena-S2/e66cd9a3.json,train,P3-Zareena-S2,P3-Zareena-S2,Tumor,True,True,512,512,L,1.0,Tumor,True,0.002681732177734375,False
Train/P3-Zareena-S2/e66cd9a5.png,Train_masks/P3-Zareena-S2/e66cd9a5_mask.png,Train/P3-Zareena-S2/e66cd9a5.json,train,P3-Zareena-S2,P3-Zareena-S2,Tumor,True,True,512,512,L,1.0,Tumor,True,0.002712249755859375,False
Train/P3-Zareena-S2/e66cd9a7.png,Train_masks/P3-Zareena-S2/e66cd9a7_mask.png,Train/P3-Zareena-S2/e66cd9a7.json,train,P3-Zareena-S2,P3-Zareena-S2,Tumor,True,True,512,512,L,1.0,Tumor,True,0.00272369384765625,False
Train/P3-Zareena-S2/e66cd9a9.png,Train_masks/P3-Zareena-S2/e66cd9a9_mask.png,Train/P3-Zareena-S2/e66cd9a9.json,train,P3-Zareena-S2,P3-Zareena-S2,Tumor,True,True,512,512,L,1.0,Tumor,True,0.002178192138671875,False
Train/P3-Zareena-S2/e70178b5.png,Train_masks/P3-Zareena-S2/e70178b5_mask.png,Train/P3-Zareena-S2/e70178b5.json,train,P3-Zareena-S2,P3-Zareena-S2,Tumor,True,True,512,512,L,1.0,Tumor,True,0.0027008056640625,False
Train/P3-Zareena-S2/e70178b9.png,Train_masks/P3-Zareena-S2/e70178b9_mask.png,Train/P3-Zareena-S2/e70178b9.json,train,P3-Zareena-S2,P3-Zareena-S2,Tumor,True,True,512,512,L,1.0,Tumor,True,0.002475738525390625,False
Train/P3-Zareena-S2/e70178bb.png,Train_masks/P3-Zareena-S2/e70178bb_mask.png,Train/P3-Zareena-S2/e70178bb.json,train,P3-Zareena-S2,P3-Zareena-S2,Tumor,True,True,512,512,L,1.0,Tumor,True,0.001834869384765625,False
Train/P3-Zareena-S2/e70178bd.png,Train_masks/P3-Zareena-S2/e70178bd_mask.png,Train/P3-Zareena-S2/e70178bd.json,train,P3-Zareena-S2,P3-Zareena-S2,Tumor,True,True,512,512,L,1.0,Tumor,True,0.001979827880859375,False
Train/P3-Zareena-S2/e70178d4.png,Train_masks/P3-Zareena-S2/e70178d4_mask.png,Train/P3-Zareena-S2/e70178d4.json,train,P3-Zareena-S2,P3-Zareena-S2,Tumor,True,True,512,512,L,1.0,Tumor,True,0.00229644775390625,False
Train/P3-Zareena-S2/e70178d6.png,Train_masks/P3-Zareena-S2/e70178d6_mask.png,Train/P3-Zareena-S2/e70178d6.json,train,P3-Zareena-S2,P3-Zareena-S2,Tumor,True,True,512,512,L,1.0,Tumor,True,0.002140045166015625,False
Train/P3-Zareena-S2/e70178d7.png,Train_masks/P3-Zareena-S2/e70178d7_mask.png,Train/P3-Zareena-S2/e70178d7.json,train,P3-Zareena-S2,P3-Zareena-S2,Tumor,True,True,512,512,L,1.0,Tumor,True,0.0017852783203125,False
Train/P3-Zareena-S2/e70178d9.png,Train_masks/P3-Zareena-S2/e70178d9_mask.png,Train/P3-Zareena-S2/e70178d9.json,train,P3-Zareena-S2,P3-Zareena-S2,Tumor,True,True,512,512,L,1.0,Tumor,True,0.00179290771484375,False
Train/P3-Zareena-S2/e70178db.png,Train_masks/P3-Zareena-S2/e70178db_mask.png,Train/P3-Zareena-S2/e70178db.json,train,P3-Zareena-S2,P3-Zareena-S2,Tumor,True,True,512,512,L,1.0,Tumor,True,0.00177001953125,False
Train/P5-Kousar-S4/20e19713.png,Train_masks/P5-Kousar-S4/20e19713_mask.png,Train/P5-Kousar-S4/20e19713.json,train,P5-Kousar-S4,P5-Kousar-S4,Tumor,True,True,512,512,L,1.0,Tumor,True,0.016666412353515625,False
Train/P5-Kousar-S4/20e19716.png,Train_masks/P5-Kousar-S4/20e19716_mask.png,Train/P5-Kousar-S4/20e19716.json,train,P5-Kousar-S4,P5-Kousar-S4,Tumor,True,True,512,512,L,1.0,Tumor,True,0.01747894287109375,False
Train/P5-Kousar-S4/20e19718.png,Train_masks/P5-Kousar-S4/20e19718_mask.png,Train/P5-Kousar-S4/20e19718.json,train,P5-Kousar-S4,P5-Kousar-S4,Tumor,True,True,512,512,L,1.0,Tumor,True,0.0166168212890625,False
Train/P5-Kousar-S4/20e1971a.png,Train_masks/P5-Kousar-S4/20e1971a_mask.png,Train/P5-Kousar-S4/20e1971a.json,train,P5-Kousar-S4,P5-Kousar-S4,Tumor,True,True,512,512,L,1.0,Tumor,True,0.014690399169921875,False
Train/P5-Kousar-S4/20e19731.png,Train_masks/P5-Kousar-S4/20e19731_mask.png,Train/P5-Kousar-S4/20e19731.json,train,P5-Kousar-S4,P5-Kousar-S4,Tumor,True,True,512,512,L,1.0,Tumor,True,0.016407012939453125,False
Train/P5-Kousar-S4/20e19733.png,Train_masks/P5-Kousar-S4/20e19733_mask.png,Train/P5-Kousar-S4/20e19733.json,train,P5-Kousar-S4,P5-Kousar-S4,Tumor,True,True,512,512,L,1.0,Tumor,True,0.014621734619140625,False
Train/P5-Kousar-S4/20e19734.png,Train_masks/P5-Kousar-S4/20e19734_mask.png,Train/P5-Kousar-S4/20e19734.json,train,P5-Kousar-S4,P5-Kousar-S4,Tumor,True,True,512,512,L,1.0,Tumor,True,0.016590118408203125,False
Train/P5-Kousar-S4/20e19736.png,Train_masks/P5-Kousar-S4/20e19736_mask.png,Train/P5-Kousar-S4/20e19736.json,train,P5-Kousar-S4,P5-Kousar-S4,Tumor,True,True,512,512,L,1.0,Tumor,True,0.015132904052734375,False
Train/P5-Kousar-S4/20e19738.png,Train_masks/P5-Kousar-S4/20e19738_mask.png,Train/P5-Kousar-S4/20e19738.json,train,P5-Kousar-S4,P5-Kousar-S4,Tumor,True,True,512,512,L,1.0,Tumor,True,0.015228271484375,False
Train/P5-Kousar-S4/20e199da.png,Train_masks/P5-Kousar-S4/20e199da_mask.png,Train/P5-Kousar-S4/20e199da.json,train,P5-Kousar-S4,P5-Kousar-S4,Tumor,True,True,512,512,L,1.0,Tumor,True,0.01454925537109375,False
Train/P5-Kousar-S4/210e9b74.png,Train_masks/P5-Kousar-S4/210e9b74_mask.png,Train/P5-Kousar-S4/210e9b74.json,train,P5-Kousar-S4,P5-Kousar-S4,Tumor,True,True,512,512,L,1.0,Tumor,True,0.017368316650390625,False
Train/P5-Kousar-S4/210e9b77.png,Train_masks/P5-Kousar-S4/210e9b77_mask.png,Train/P5-Kousar-S4/210e9b77.json,train,P5-Kousar-S4,P5-Kousar-S4,Tumor,True,True,512,512,L,1.0,Tumor,True,0.014736175537109375,False
Train/P5-Kousar-S4/210e9b79.png,Train_masks/P5-Kousar-S4/210e9b79_mask.png,Train/P5-Kousar-S4/210e9b79.json,train,P5-Kousar-S4,P5-Kousar-S4,Tumor,True,True,512,512,L,1.0,Tumor,True,0.0148468017578125,False
Train/P5-Kousar-S4/210e9b90.png,Train_masks/P5-Kousar-S4/210e9b90_mask.png,Train/P5-Kousar-S4/210e9b90.json,train,P5-Kousar-S4,P5-Kousar-S4,Tumor,True,True,512,512,L,1.0,Tumor,True,0.013698577880859375,False
Train/P5-Kousar-S4/210e9b92.png,Train_masks/P5-Kousar-S4/210e9b92_mask.png,Train/P5-Kousar-S4/210e9b92.json,train,P5-Kousar-S4,P5-Kousar-S4,Tumor,True,True,512,512,L,1.0,Tumor,True,0.01624298095703125,False
Train/P5-Kousar-S4/210e9b94.png,Train_masks/P5-Kousar-S4/210e9b94_mask.png,Train/P5-Kousar-S4/210e9b94.json,train,P5-Kousar-S4,P5-Kousar-S4,Tumor,True,True,512,512,L,1.0,Tumor,True,0.01495361328125,False
Train/P5-Kousar-S4/210e9b96.png,Train_masks/P5-Kousar-S4/210e9b96_mask.png,Train/P5-Kousar-S4/210e9b96.json,train,P5-Kousar-S4,P5-Kousar-S4,Tumor,True,True,512,512,L,1.0,Tumor,True,0.014827728271484375,False
Train/P5-Kousar-S4/210e9b97.png,Train_masks/P5-Kousar-S4/210e9b97_mask.png,Train/P5-Kousar-S4/210e9b97.json,train,P5-Kousar-S4,P5-Kousar-S4,Tumor,True,True,512,512,L,1.0,Tumor,True,0.01453399658203125,False
Train/P5-Kousar-S4/210e9bae.png,Train_masks/P5-Kousar-S4/210e9bae_mask.png,Train/P5-Kousar-S4/210e9bae.json,train,P5-Kousar-S4,P5-Kousar-S4,Tumor,True,True,512,512,L,1.0,Tumor,True,0.014423370361328125,False
Train/P5-Kousar-S4/210e9bb0.png,Train_masks/P5-Kousar-S4/210e9bb0_mask.png,Train/P5-Kousar-S4/210e9bb0.json,train,P5-Kousar-S4,P5-Kousar-S4,Tumor,True,True,512,512,L,1.0,Tumor,True,0.01427459716796875,False
Train/P5-Kousar-S4/8fbf68f7.png,Train_masks/P5-Kousar-S4/8fbf68f7_mask.png,Train/P5-Kousar-S4/8fbf68f7.json,train,P5-Kousar-S4,P5-Kousar-S4,Tumor,True,True,512,512,L,1.0,Tumor,True,0.01273345947265625,False
Train/P5-Kousar-S4/8fbf68fa.png,Train_masks/P5-Kousar-S4/8fbf68fa_mask.png,Train/P5-Kousar-S4/8fbf68fa.json,train,P5-Kousar-S4,P5-Kousar-S4,Tumor,True,True,512,512,L,1.0,Tumor,True,0.011333465576171875,False
Train/P5-Kousar-S4/8fbf6911.png,Train_masks/P5-Kousar-S4/8fbf6911_mask.png,Train/P5-Kousar-S4/8fbf6911.json,train,P5-Kousar-S4,P5-Kousar-S4,Tumor,True,True,512,512,L,1.0,Tumor,True,0.013278961181640625,False
Train/P5-Kousar-S4/8fbf6913.png,Train_masks/P5-Kousar-S4/8fbf6913_mask.png,Train/P5-Kousar-S4/8fbf6913.json,train,P5-Kousar-S4,P5-Kousar-S4,Tumor,True,True,512,512,L,1.0,Tumor,True,0.01206207275390625,False
Train/P5-Kousar-S4/8fbf6915.png,Train_masks/P5-Kousar-S4/8fbf6915_mask.png,Train/P5-Kousar-S4/8fbf6915.json,train,P5-Kousar-S4,P5-Kousar-S4,Tumor,True,True,512,512,L,1.0,Tumor,True,0.01023101806640625,False
Train/P5-Kousar-S4/8fbf6917.png,Train_masks/P5-Kousar-S4/8fbf6917_mask.png,Train/P5-Kousar-S4/8fbf6917.json,train,P5-Kousar-S4,P5-Kousar-S4,Tumor,True,True,512,512,L,1.0,Tumor,True,0.010295867919921875,False
Train/P5-Kousar-S4/8fbf6919.png,Train_masks/P5-Kousar-S4/8fbf6919_mask.png,Train/P5-Kousar-S4/8fbf6919.json,train,P5-Kousar-S4,P5-Kousar-S4,Tumor,True,True,512,512,L,1.0,Tumor,True,0.011474609375,False
Train/P5-Kousar-S4/8fbf6930.png,Train_masks/P5-Kousar-S4/8fbf6930_mask.png,Train/P5-Kousar-S4/8fbf6930.json,train,P5-Kousar-S4,P5-Kousar-S4,Tumor,True,True,512,512,L,1.0,Tumor,True,0.010959625244140625,False
Train/P5-Kousar-S4/8fbf6931.png,Train_masks/P5-Kousar-S4/8fbf6931_mask.png,Train/P5-Kousar-S4/8fbf6931.json,train,P5-Kousar-S4,P5-Kousar-S4,Tumor,True,True,512,512,L,1.0,Tumor,True,0.01064300537109375,False
Train/P5-Kousar-S4/8fec7cd6.png,Train_masks/P5-Kousar-S4/8fec7cd6_mask.png,Train/P5-Kousar-S4/8fec7cd6.json,train,P5-Kousar-S4,P5-Kousar-S4,Tumor,True,True,512,512,L,1.0,Tumor,True,0.005664825439453125,False
Train/P5-Kousar-S4/8fec7cd8.png,Train_masks/P5-Kousar-S4/8fec7cd8_mask.png,Train/P5-Kousar-S4/8fec7cd8.json,train,P5-Kousar-S4,P5-Kousar-S4,Tumor,True,True,512,512,L,1.0,Tumor,True,0.00565338134765625,False
Train/P5-Kousar-S4/cc7ebb45.png,Train_masks/P5-Kousar-S4/cc7ebb45_mask.png,Train/P5-Kousar-S4/cc7ebb45.json,train,P5-Kousar-S4,P5-Kousar-S4,Tumor,True,True,512,512,L,1.0,Tumor,True,0.013004302978515625,False
Train/P5-Kousar-S4/cc7ebb5d.png,Train_masks/P5-Kousar-S4/cc7ebb5d_mask.png,Train/P5-Kousar-S4/cc7ebb5d.json,train,P5-Kousar-S4,P5-Kousar-S4,Tumor,True,True,512,512,L,1.0,Tumor,True,0.01532745361328125,False
Train/P5-Kousar-S4/cc7ebb5f.png,Train_masks/P5-Kousar-S4/cc7ebb5f_mask.png,Train/P5-Kousar-S4/cc7ebb5f.json,train,P5-Kousar-S4,P5-Kousar-S4,Tumor,True,True,512,512,L,1.0,Tumor,True,0.01604461669921875,False
Train/P5-Kousar-S4/cc7ebb60.png,Train_masks/P5-Kousar-S4/cc7ebb60_mask.png,Train/P5-Kousar-S4/cc7ebb60.json,train,P5-Kousar-S4,P5-Kousar-S4,Tumor,True,True,512,512,L,1.0,Tumor,True,0.01575469970703125,False
Train/P5-Kousar-S4/cc7ebb62.png,Train_masks/P5-Kousar-S4/cc7ebb62_mask.png,Train/P5-Kousar-S4/cc7ebb62.json,train,P5-Kousar-S4,P5-Kousar-S4,Tumor,True,True,512,512,L,1.0,Tumor,True,0.016452789306640625,False
Train/P5-Kousar-S4/cc7ebb64.png,Train_masks/P5-Kousar-S4/cc7ebb64_mask.png,Train/P5-Kousar-S4/cc7ebb64.json,train,P5-Kousar-S4,P5-Kousar-S4,Tumor,True,True,512,512,L,1.0,Tumor,True,0.016254425048828125,False
Train/P5-Kousar-S4/cc7ebb66.png,Train_masks/P5-Kousar-S4/cc7ebb66_mask.png,Train/P5-Kousar-S4/cc7ebb66.json,train,P5-Kousar-S4,P5-Kousar-S4,Tumor,True,True,512,512,L,1.0,Tumor,True,0.01568603515625,False
Train/P5-Kousar-S4/cc7ebb7d.png,Train_masks/P5-Kousar-S4/cc7ebb7d_mask.png,Train/P5-Kousar-S4/cc7ebb7d.json,train,P5-Kousar-S4,P5-Kousar-S4,Tumor,True,True,512,512,L,1.0,Tumor,True,0.016170501708984375,False
Train/P5-Kousar-S4/cc7ebb7f.png,Train_masks/P5-Kousar-S4/cc7ebb7f_mask.png,Train/P5-Kousar-S4/cc7ebb7f.json,train,P5-Kousar-S4,P5-Kousar-S4,Tumor,True,True,512,512,L,1.0,Tumor,True,0.017002105712890625,False
Train/P5-Kousar-S4/cc7ebb81.png,Train_masks/P5-Kousar-S4/cc7ebb81_mask.png,Train/P5-Kousar-S4/cc7ebb81.json,train,P5-Kousar-S4,P5-Kousar-S4,Tumor,True,True,512,512,L,1.0,Tumor,True,0.015399932861328125,False
Train/P5-Kousar-S4/f5207838.png,Train_masks/P5-Kousar-S4/f5207838_mask.png,Train/P5-Kousar-S4/f5207838.json,train,P5-Kousar-S4,P5-Kousar-S4,Tumor,True,True,512,512,L,1.0,Tumor,True,0.00304412841796875,False
Train/P5-Kousar-S4/f520783a.png,Train_masks/P5-Kousar-S4/f520783a_mask.png,Train/P5-Kousar-S4/f520783a.json,train,P5-Kousar-S4,P5-Kousar-S4,Tumor,True,True,512,512,L,1.0,Tumor,True,0.0011749267578125,False
Train/P5-Kousar-S4/f520783c.png,Train_masks/P5-Kousar-S4/f520783c_mask.png,Train/P5-Kousar-S4/f520783c.json,train,P5-Kousar-S4,P5-Kousar-S4,Tumor,True,True,512,512,L,1.0,Tumor,True,0.003192901611328125,False
Train/P5-Kousar-S4/f54d17d3.png,Train_masks/P5-Kousar-S4/f54d17d3_mask.png,Train/P5-Kousar-S4/f54d17d3.json,train,P5-Kousar-S4,P5-Kousar-S4,Tumor,True,True,512,512,L,1.0,Tumor,True,0.010715484619140625,False
Train/P5-Kousar-S4/f54d17d8.png,Train_masks/P5-Kousar-S4/f54d17d8_mask.png,Train/P5-Kousar-S4/f54d17d8.json,train,P5-Kousar-S4,P5-Kousar-S4,Tumor,True,True,512,512,L,1.0,Tumor,True,0.012264251708984375,False
Train/P5-Kousar-S4/f54d17da.png,Train_masks/P5-Kousar-S4/f54d17da_mask.png,Train/P5-Kousar-S4/f54d17da.json,train,P5-Kousar-S4,P5-Kousar-S4,Tumor,True,True,512,512,L,1.0,Tumor,True,0.011627197265625,False
Train/P5-Kousar-S4/f54d17f1.png,Train_masks/P5-Kousar-S4/f54d17f1_mask.png,Train/P5-Kousar-S4/f54d17f1.json,train,P5-Kousar-S4,P5-Kousar-S4,Tumor,True,True,512,512,L,1.0,Tumor,True,0.013458251953125,False
Train/P5-Kousar-S4/f54d17f3.png,Train_masks/P5-Kousar-S4/f54d17f3_mask.png,Train/P5-Kousar-S4/f54d17f3.json,train,P5-Kousar-S4,P5-Kousar-S4,Tumor,True,True,512,512,L,1.0,Tumor,True,0.013439178466796875,False
Train/P5-Kousar-S4/f54d17f5.png,Train_masks/P5-Kousar-S4/f54d17f5_mask.png,Train/P5-Kousar-S4/f54d17f5.json,train,P5-Kousar-S4,P5-Kousar-S4,Tumor,True,True,512,512,L,1.0,Tumor,True,0.013763427734375,False
Train/P5-Kousar-S4/f963fe31.png,Train_masks/P5-Kousar-S4/f963fe31_mask.png,Train/P5-Kousar-S4/f963fe31.json,train,P5-Kousar-S4,P5-Kousar-S4,Tumor,True,True,512,512,L,1.0,Tumor,True,0.006137847900390625,False
Train/P5-Kousar-S4/f963fe34.png,Train_masks/P5-Kousar-S4/f963fe34_mask.png,Train/P5-Kousar-S4/f963fe34.json,train,P5-Kousar-S4,P5-Kousar-S4,Tumor,True,True,512,512,L,1.0,Tumor,True,0.00539398193359375,False
Train/P5-Kousar-S4/f963fe36.png,Train_masks/P5-Kousar-S4/f963fe36_mask.png,Train/P5-Kousar-S4/f963fe36.json,train,P5-Kousar-S4,P5-Kousar-S4,Tumor,True,True,512,512,L,1.0,Tumor,True,0.00571441650390625,False
Train/P5-Kousar-S4/f963fe38.png,Train_masks/P5-Kousar-S4/f963fe38_mask.png,Train/P5-Kousar-S4/f963fe38.json,train,P5-Kousar-S4,P5-Kousar-S4,Tumor,True,True,512,512,L,1.0,Tumor,True,0.0050048828125,False
Train/P5-Kousar-S4/f963fe39.png,Train_masks/P5-Kousar-S4/f963fe39_mask.png,Train/P5-Kousar-S4/f963fe39.json,train,P5-Kousar-S4,P5-Kousar-S4,Tumor,True,True,512,512,L,1.0,Tumor,True,0.005962371826171875,False
Train/P5-Kousar-S4/f963fe50.png,Train_masks/P5-Kousar-S4/f963fe50_mask.png,Train/P5-Kousar-S4/f963fe50.json,train,P5-Kousar-S4,P5-Kousar-S4,Tumor,True,True,512,512,L,1.0,Tumor,True,0.00785064697265625,False
Train/P5-Kousar-S4/f963fe52.png,Train_masks/P5-Kousar-S4/f963fe52_mask.png,Train/P5-Kousar-S4/f963fe52.json,train,P5-Kousar-S4,P5-Kousar-S4,Tumor,True,True,512,512,L,1.0,Tumor,True,0.007686614990234375,False
Train/P5-Kousar-S4/f963fe54.png,Train_masks/P5-Kousar-S4/f963fe54_mask.png,Train/P5-Kousar-S4/f963fe54.json,train,P5-Kousar-S4,P5-Kousar-S4,Tumor,True,True,512,512,L,1.0,Tumor,True,0.007709503173828125,False
Train/P5-Kousar-S4/f963fe56.png,Train_masks/P5-Kousar-S4/f963fe56_mask.png,Train/P5-Kousar-S4/f963fe56.json,train,P5-Kousar-S4,P5-Kousar-S4,Tumor,True,True,512,512,L,1.0,Tumor,True,0.007049560546875,False
Train/P5-Kousar-S4/f963fe58.png,Train_masks/P5-Kousar-S4/f963fe58_mask.png,Train/P5-Kousar-S4/f963fe58.json,train,P5-Kousar-S4,P5-Kousar-S4,Tumor,True,True,512,512,L,1.0,Tumor,True,0.006977081298828125,False
valid/Normal/Normal (1).png,valid_masks/Normal/Normal (1)_mask.png,,valid,Normal,Normal,Normal,True,False,512,512,RGB,,,True,0.0,False
valid/Normal/Normal (10).png,valid_masks/Normal/Normal (10)_mask.png,,valid,Normal,Normal,Normal,True,False,512,512,RGB,,,True,0.0,False
valid/Normal/Normal (100).png,valid_masks/Normal/Normal (100)_mask.png,,valid,Normal,Normal,Normal,True,False,512,512,RGB,,,True,0.0,False
valid/Normal/Normal (1000).png,valid_masks/Normal/Normal (1000)_mask.png,,valid,Normal,Normal,Normal,True,False,512,512,RGB,,,True,0.0,False
valid/Normal/Normal (1001).png,valid_masks/Normal/Normal (1001)_mask.png,,valid,Normal,Normal,Normal,True,False,512,512,RGB,,,True,0.0,False
valid/Normal/Normal (1002).png,valid_masks/Normal/Normal (1002)_mask.png,,valid,Normal,Normal,Normal,True,False,512,512,RGB,,,True,0.0,False
valid/Normal/Normal (1003).png,valid_masks/Normal/Normal (1003)_mask.png,,valid,Normal,Normal,Normal,True,False,512,512,RGB,,,True,0.0,False
valid/Normal/Normal (1004).png,valid_masks/Normal/Normal (1004)_mask.png,,valid,Normal,Normal,Normal,True,False,512,512,RGB,,,True,0.0,False
valid/Normal/Normal (1005).png,valid_masks/Normal/Normal (1005)_mask.png,,valid,Normal,Normal,Normal,True,False,512,512,RGB,,,True,0.0,False
valid/Normal/Normal (1006).png,valid_masks/Normal/Normal (1006)_mask.png,,valid,Normal,Normal,Normal,True,False,512,512,RGB,,,True,0.0,False
valid/Normal/Normal (1007).png,valid_masks/Normal/Normal (1007)_mask.png,,valid,Normal,Normal,Normal,True,False,512,512,RGB,,,True,0.0,False
valid/Normal/Normal (1008).png,valid_masks/Normal/Normal (1008)_mask.png,,valid,Normal,Normal,Normal,True,False,512,512,RGB,,,True,0.0,False
valid/Normal/Normal (1009).png,valid_masks/Normal/Normal (1009)_mask.png,,valid,Normal,Normal,Normal,True,False,512,512,RGB,,,True,0.0,False
valid/Normal/Normal (101).png,valid_masks/Normal/Normal (101)_mask.png,,valid,Normal,Normal,Normal,True,False,512,512,RGB,,,True,0.0,False
valid/Normal/Normal (1010).png,valid_masks/Normal/Normal (1010)_mask.png,,valid,Normal,Normal,Normal,True,False,512,512,RGB,,,True,0.0,False
valid/Normal/Normal (1011).png,valid_masks/Normal/Normal (1011)_mask.png,,valid,Normal,Normal,Normal,True,False,512,512,RGB,,,True,0.0,False
valid/Normal/Normal (1012).png,valid_masks/Normal/Normal (1012)_mask.png,,valid,Normal,Normal,Normal,True,False,512,512,RGB,,,True,0.0,False
valid/Normal/Normal (1013).png,valid_masks/Normal/Normal (1013)_mask.png,,valid,Normal,Normal,Normal,True,False,512,512,RGB,,,True,0.0,False
valid/Normal/Normal (1014).png,valid_masks/Normal/Normal (1014)_mask.png,,valid,Normal,Normal,Normal,True,False,512,512,RGB,,,True,0.0,False
valid/Normal/Normal (1015).png,valid_masks/Normal/Normal (1015)_mask.png,,valid,Normal,Normal,Normal,True,False,512,512,RGB,,,True,0.0,False
valid/Normal/Normal (1016).png,valid_masks/Normal/Normal (1016)_mask.png,,valid,Normal,Normal,Normal,True,False,512,512,RGB,,,True,0.0,False
valid/Normal/Normal (1017).png,valid_masks/Normal/Normal (1017)_mask.png,,valid,Normal,Normal,Normal,True,False,512,512,RGB,,,True,0.0,False
valid/Normal/Normal (1018).png,valid_masks/Normal/Normal (1018)_mask.png,,valid,Normal,Normal,Normal,True,False,512,512,RGB,,,True,0.0,False
valid/Normal/Normal (1019).png,valid_masks/Normal/Normal (1019)_mask.png,,valid,Normal,Normal,Normal,True,False,512,512,RGB,,,True,0.0,False
valid/Normal/Normal (102).png,valid_masks/Normal/Normal (102)_mask.png,,valid,Normal,Normal,Normal,True,False,512,512,RGB,,,True,0.0,False
valid/Normal/Normal (1020).png,valid_masks/Normal/Normal (1020)_mask.png,,valid,Normal,Normal,Normal,True,False,512,512,RGB,,,True,0.0,False
valid/Normal/Normal (1021).png,valid_masks/Normal/Normal (1021)_mask.png,,valid,Normal,Normal,Normal,True,False,512,512,RGB,,,True,0.0,False
valid/Normal/Normal (1022).png,valid_masks/Normal/Normal (1022)_mask.png,,valid,Normal,Normal,Normal,True,False,512,512,RGB,,,True,0.0,False
valid/Normal/Normal (1023).png,valid_masks/Normal/Normal (1023)_mask.png,,valid,Normal,Normal,Normal,True,False,512,512,RGB,,,True,0.0,False
valid/Normal/Normal (1024).png,valid_masks/Normal/Normal (1024)_mask.png,,valid,Normal,Normal,Normal,True,False,512,512,RGB,,,True,0.0,False
valid/Normal/Normal (1025).png,valid_masks/Normal/Normal (1025)_mask.png,,valid,Normal,Normal,Normal,True,False,512,512,RGB,,,True,0.0,False
valid/Normal/Normal (1026).png,valid_masks/Normal/Normal (1026)_mask.png,,valid,Normal,Normal,Normal,True,False,512,512,RGB,,,True,0.0,False
valid/Normal/Normal (1027).png,valid_masks/Normal/Normal (1027)_mask.png,,valid,Normal,Normal,Normal,True,False,512,512,RGB,,,True,0.0,False
valid/Normal/Normal (1028).png,valid_masks/Normal/Normal (1028)_mask.png,,valid,Normal,Normal,Normal,True,False,512,512,RGB,,,True,0.0,False
valid/Normal/Normal (1029).png,valid_masks/Normal/Normal (1029)_mask.png,,valid,Normal,Normal,Normal,True,False,512,512,RGB,,,True,0.0,False
valid/Normal/Normal (103).png,valid_masks/Normal/Normal (103)_mask.png,,valid,Normal,Normal,Normal,True,False,512,512,RGB,,,True,0.0,False
valid/Normal/Normal (1030).png,valid_masks/Normal/Normal (1030)_mask.png,,valid,Normal,Normal,Normal,True,False,512,512,RGB,,,True,0.0,False
valid/Normal/Normal (1031).png,valid_masks/Normal/Normal (1031)_mask.png,,valid,Normal,Normal,Normal,True,False,512,512,RGB,,,True,0.0,False
valid/Normal/Normal (1032).png,valid_masks/Normal/Normal (1032)_mask.png,,valid,Normal,Normal,Normal,True,False,512,512,RGB,,,True,0.0,False
valid/Normal/Normal (1033).png,valid_masks/Normal/Normal (1033)_mask.png,,valid,Normal,Normal,Normal,True,False,512,512,RGB,,,True,0.0,False
valid/Normal/Normal (1034).png,valid_masks/Normal/Normal (1034)_mask.png,,valid,Normal,Normal,Normal,True,False,512,512,RGB,,,True,0.0,False
valid/Normal/Normal (1035).png,valid_masks/Normal/Normal (1035)_mask.png,,valid,Normal,Normal,Normal,True,False,512,512,RGB,,,True,0.0,False
valid/Normal/Normal (1036).png,valid_masks/Normal/Normal (1036)_mask.png,,valid,Normal,Normal,Normal,True,False,512,512,RGB,,,True,0.0,False
valid/Normal/Normal (1037).png,valid_masks/Normal/Normal (1037)_mask.png,,valid,Normal,Normal,Normal,True,False,512,512,RGB,,,True,0.0,False
valid/Normal/Normal (1038).png,valid_masks/Normal/Normal (1038)_mask.png,,valid,Normal,Normal,Normal,True,False,512,512,RGB,,,True,0.0,False
valid/Normal/Normal (1039).png,valid_masks/Normal/Normal (1039)_mask.png,,valid,Normal,Normal,Normal,True,False,512,512,RGB,,,True,0.0,False
valid/Normal/Normal (104).png,valid_masks/Normal/Normal (104)_mask.png,,valid,Normal,Normal,Normal,True,False,512,512,RGB,,,True,0.0,False
valid/Normal/Normal (1040).png,valid_masks/Normal/Normal (1040)_mask.png,,valid,Normal,Normal,Normal,True,False,512,512,RGB,,,True,0.0,False
valid/Normal/Normal (1041).png,valid_masks/Normal/Normal (1041)_mask.png,,valid,Normal,Normal,Normal,True,False,512,512,RGB,,,True,0.0,False
valid/Normal/Normal (1042).png,valid_masks/Normal/Normal (1042)_mask.png,,valid,Normal,Normal,Normal,True,False,512,512,RGB,,,True,0.0,False
valid/Normal/Normal (1043).png,valid_masks/Normal/Normal (1043)_mask.png,,valid,Normal,Normal,Normal,True,False,512,512,RGB,,,True,0.0,False
valid/Normal/Normal (1044).png,valid_masks/Normal/Normal (1044)_mask.png,,valid,Normal,Normal,Normal,True,False,512,512,RGB,,,True,0.0,False
valid/Normal/Normal (1045).png,valid_masks/Normal/Normal (1045)_mask.png,,valid,Normal,Normal,Normal,True,False,512,512,RGB,,,True,0.0,False
valid/Normal/Normal (1046).png,valid_masks/Normal/Normal (1046)_mask.png,,valid,Normal,Normal,Normal,True,False,512,512,RGB,,,True,0.0,False
valid/Normal/Normal (1047).png,valid_masks/Normal/Normal (1047)_mask.png,,valid,Normal,Normal,Normal,True,False,512,512,RGB,,,True,0.0,False
valid/Normal/Normal (1048).png,valid_masks/Normal/Normal (1048)_mask.png,,valid,Normal,Normal,Normal,True,False,512,512,RGB,,,True,0.0,False
valid/Normal/Normal (1049).png,valid_masks/Normal/Normal (1049)_mask.png,,valid,Normal,Normal,Normal,True,False,512,512,RGB,,,True,0.0,False
valid/Normal/Normal (105).png,valid_masks/Normal/Normal (105)_mask.png,,valid,Normal,Normal,Normal,True,False,512,512,RGB,,,True,0.0,False
valid/Normal/Normal (1050).png,valid_masks/Normal/Normal (1050)_mask.png,,valid,Normal,Normal,Normal,True,False,512,512,RGB,,,True,0.0,False
valid/Normal/Normal (1051).png,valid_masks/Normal/Normal (1051)_mask.png,,valid,Normal,Normal,Normal,True,False,512,512,RGB,,,True,0.0,False
valid/Normal/Normal (1052).png,valid_masks/Normal/Normal (1052)_mask.png,,valid,Normal,Normal,Normal,True,False,512,512,RGB,,,True,0.0,False
valid/Normal/Normal (1053).png,valid_masks/Normal/Normal (1053)_mask.png,,valid,Normal,Normal,Normal,True,False,512,512,RGB,,,True,0.0,False
valid/Normal/Normal (1054).png,valid_masks/Normal/Normal (1054)_mask.png,,valid,Normal,Normal,Normal,True,False,512,512,RGB,,,True,0.0,False
valid/Normal/Normal (1055).png,valid_masks/Normal/Normal (1055)_mask.png,,valid,Normal,Normal,Normal,True,False,512,512,RGB,,,True,0.0,False
valid/Normal/Normal (1056).png,valid_masks/Normal/Normal (1056)_mask.png,,valid,Normal,Normal,Normal,True,False,512,512,RGB,,,True,0.0,False
valid/Normal/Normal (1057).png,valid_masks/Normal/Normal (1057)_mask.png,,valid,Normal,Normal,Normal,True,False,512,512,RGB,,,True,0.0,False
valid/Normal/Normal (1058).png,valid_masks/Normal/Normal (1058)_mask.png,,valid,Normal,Normal,Normal,True,False,512,512,RGB,,,True,0.0,False
valid/Normal/Normal (1059).png,valid_masks/Normal/Normal (1059)_mask.png,,valid,Normal,Normal,Normal,True,False,512,512,RGB,,,True,0.0,False
valid/Normal/Normal (106).png,valid_masks/Normal/Normal (106)_mask.png,,valid,Normal,Normal,Normal,True,False,512,512,RGB,,,True,0.0,False
valid/Normal/Normal (1060).png,valid_masks/Normal/Normal (1060)_mask.png,,valid,Normal,Normal,Normal,True,False,512,512,RGB,,,True,0.0,False
valid/Normal/Normal (1061).png,valid_masks/Normal/Normal (1061)_mask.png,,valid,Normal,Normal,Normal,True,False,512,512,RGB,,,True,0.0,False
valid/Normal/Normal (1062).png,valid_masks/Normal/Normal (1062)_mask.png,,valid,Normal,Normal,Normal,True,False,512,512,RGB,,,True,0.0,False
valid/Normal/Normal (1063).png,valid_masks/Normal/Normal (1063)_mask.png,,valid,Normal,Normal,Normal,True,False,512,512,RGB,,,True,0.0,False
valid/Normal/Normal (1064).png,valid_masks/Normal/Normal (1064)_mask.png,,valid,Normal,Normal,Normal,True,False,512,512,RGB,,,True,0.0,False
valid/Normal/Normal (1065).png,valid_masks/Normal/Normal (1065)_mask.png,,valid,Normal,Normal,Normal,True,False,512,512,RGB,,,True,0.0,False
valid/Normal/Normal (1066).png,valid_masks/Normal/Normal (1066)_mask.png,,valid,Normal,Normal,Normal,True,False,512,512,RGB,,,True,0.0,False
valid/Normal/Normal (1067).png,valid_masks/Normal/Normal (1067)_mask.png,,valid,Normal,Normal,Normal,True,False,512,512,RGB,,,True,0.0,False
valid/Normal/Normal (1068).png,valid_masks/Normal/Normal (1068)_mask.png,,valid,Normal,Normal,Normal,True,False,512,512,RGB,,,True,0.0,False
valid/Normal/Normal (1069).png,valid_masks/Normal/Normal (1069)_mask.png,,valid,Normal,Normal,Normal,True,False,512,512,RGB,,,True,0.0,False
valid/Normal/Normal (107).png,valid_masks/Normal/Normal (107)_mask.png,,valid,Normal,Normal,Normal,True,False,512,512,RGB,,,True,0.0,False
valid/Normal/Normal (1070).png,valid_masks/Normal/Normal (1070)_mask.png,,valid,Normal,Normal,Normal,True,False,512,512,RGB,,,True,0.0,False
valid/Normal/Normal (1071).png,valid_masks/Normal/Normal (1071)_mask.png,,valid,Normal,Normal,Normal,True,False,512,512,RGB,,,True,0.0,False
valid/Normal/Normal (1072).png,valid_masks/Normal/Normal (1072)_mask.png,,valid,Normal,Normal,Normal,True,False,512,512,RGB,,,True,0.0,False
valid/Normal/Normal (1073).png,valid_masks/Normal/Normal (1073)_mask.png,,valid,Normal,Normal,Normal,True,False,512,512,RGB,,,True,0.0,False
valid/Normal/Normal (1074).png,valid_masks/Normal/Normal (1074)_mask.png,,valid,Normal,Normal,Normal,True,False,512,512,RGB,,,True,0.0,False
valid/Normal/Normal (1075).png,valid_masks/Normal/Normal (1075)_mask.png,,valid,Normal,Normal,Normal,True,False,512,512,RGB,,,True,0.0,False
valid/Normal/Normal (1076).png,valid_masks/Normal/Normal (1076)_mask.png,,valid,Normal,Normal,Normal,True,False,512,512,RGB,,,True,0.0,False
valid/Normal/Normal (1077).png,valid_masks/Normal/Normal (1077)_mask.png,,valid,Normal,Normal,Normal,True,False,512,512,RGB,,,True,0.0,False
valid/Normal/Normal (1078).png,valid_masks/Normal/Normal (1078)_mask.png,,valid,Normal,Normal,Normal,True,False,512,512,RGB,,,True,0.0,False
valid/Normal/Normal (1079).png,valid_masks/Normal/Normal (1079)_mask.png,,valid,Normal,Normal,Normal,True,False,512,512,RGB,,,True,0.0,False
valid/Normal/Normal (108).png,valid_masks/Normal/Normal (108)_mask.png,,valid,Normal,Normal,Normal,True,False,512,512,RGB,,,True,0.0,False
valid/Normal/Normal (1080).png,valid_masks/Normal/Normal (1080)_mask.png,,valid,Normal,Normal,Normal,True,False,512,512,RGB,,,True,0.0,False
valid/Normal/Normal (1081).png,valid_masks/Normal/Normal (1081)_mask.png,,valid,Normal,Normal,Normal,True,False,512,512,RGB,,,True,0.0,False
valid/Normal/Normal (1082).png,valid_masks/Normal/Normal (1082)_mask.png,,valid,Normal,Normal,Normal,True,False,512,512,RGB,,,True,0.0,False
valid/Normal/Normal (1083).png,valid_masks/Normal/Normal (1083)_mask.png,,valid,Normal,Normal,Normal,True,False,512,512,RGB,,,True,0.0,False
valid/Normal/Normal (1084).png,valid_masks/Normal/Normal (1084)_mask.png,,valid,Normal,Normal,Normal,True,False,512,512,RGB,,,True,0.0,False
valid/Normal/Normal (1085).png,valid_masks/Normal/Normal (1085)_mask.png,,valid,Normal,Normal,Normal,True,False,512,512,RGB,,,True,0.0,False
valid/Normal/Normal (1086).png,valid_masks/Normal/Normal (1086)_mask.png,,valid,Normal,Normal,Normal,True,False,512,512,RGB,,,True,0.0,False
valid/Normal/Normal (1087).png,valid_masks/Normal/Normal (1087)_mask.png,,valid,Normal,Normal,Normal,True,False,512,512,RGB,,,True,0.0,False
valid/Normal/Normal (1088).png,valid_masks/Normal/Normal (1088)_mask.png,,valid,Normal,Normal,Normal,True,False,512,512,RGB,,,True,0.0,False
valid/Normal/Normal (1089).png,valid_masks/Normal/Normal (1089)_mask.png,,valid,Normal,Normal,Normal,True,False,512,512,RGB,,,True,0.0,False
valid/Normal/Normal (109).png,valid_masks/Normal/Normal (109)_mask.png,,valid,Normal,Normal,Normal,True,False,512,512,RGB,,,True,0.0,False
valid/Normal/Normal (1090).png,valid_masks/Normal/Normal (1090)_mask.png,,valid,Normal,Normal,Normal,True,False,512,512,RGB,,,True,0.0,False
valid/Normal/Normal (1091).png,valid_masks/Normal/Normal (1091)_mask.png,,valid,Normal,Normal,Normal,True,False,512,512,RGB,,,True,0.0,False
valid/Normal/Normal (1092).png,valid_masks/Normal/Normal (1092)_mask.png,,valid,Normal,Normal,Normal,True,False,512,512,RGB,,,True,0.0,False
valid/Normal/Normal (1093).png,valid_masks/Normal/Normal (1093)_mask.png,,valid,Normal,Normal,Normal,True,False,512,512,RGB,,,True,0.0,False
valid/Normal/Normal (1094).png,valid_masks/Normal/Normal (1094)_mask.png,,valid,Normal,Normal,Normal,True,False,512,512,RGB,,,True,0.0,False
valid/Normal/Normal (1095).png,valid_masks/Normal/Normal (1095)_mask.png,,valid,Normal,Normal,Normal,True,False,512,512,RGB,,,True,0.0,False
valid/Normal/Normal (1096).png,valid_masks/Normal/Normal (1096)_mask.png,,valid,Normal,Normal,Normal,True,False,512,512,RGB,,,True,0.0,False
valid/Normal/Normal (1097).png,valid_masks/Normal/Normal (1097)_mask.png,,valid,Normal,Normal,Normal,True,False,512,512,RGB,,,True,0.0,False
valid/Normal/Normal (1098).png,valid_masks/Normal/Normal (1098)_mask.png,,valid,Normal,Normal,Normal,True,False,512,512,RGB,,,True,0.0,False
valid/Normal/Normal (1099).png,valid_masks/Normal/Normal (1099)_mask.png,,valid,Normal,Normal,Normal,True,False,512,512,RGB,,,True,0.0,False
valid/Normal/Normal (11).png,valid_masks/Normal/Normal (11)_mask.png,,valid,Normal,Normal,Normal,True,False,512,512,RGB,,,True,0.0,False
valid/Normal/Normal (110).png,valid_masks/Normal/Normal (110)_mask.png,,valid,Normal,Normal,Normal,True,False,512,512,RGB,,,True,0.0,False
valid/Normal/Normal (1100).png,valid_masks/Normal/Normal (1100)_mask.png,,valid,Normal,Normal,Normal,True,False,512,512,RGB,,,True,0.0,False
valid/Normal/Normal (1101).png,valid_masks/Normal/Normal (1101)_mask.png,,valid,Normal,Normal,Normal,True,False,512,512,RGB,,,True,0.0,False
valid/Normal/Normal (1102).png,valid_masks/Normal/Normal (1102)_mask.png,,valid,Normal,Normal,Normal,True,False,512,512,RGB,,,True,0.0,False
valid/Normal/Normal (1103).png,valid_masks/Normal/Normal (1103)_mask.png,,valid,Normal,Normal,Normal,True,False,512,512,RGB,,,True,0.0,False
valid/Normal/Normal (1104).png,valid_masks/Normal/Normal (1104)_mask.png,,valid,Normal,Normal,Normal,True,False,512,512,RGB,,,True,0.0,False
valid/Normal/Normal (1105).png,valid_masks/Normal/Normal (1105)_mask.png,,valid,Normal,Normal,Normal,True,False,512,512,RGB,,,True,0.0,False
valid/Normal/Normal (1106).png,valid_masks/Normal/Normal (1106)_mask.png,,valid,Normal,Normal,Normal,True,False,512,512,RGB,,,True,0.0,False
valid/Normal/Normal (1107).png,valid_masks/Normal/Normal (1107)_mask.png,,valid,Normal,Normal,Normal,True,False,512,512,RGB,,,True,0.0,False
valid/Normal/Normal (1108).png,valid_masks/Normal/Normal (1108)_mask.png,,valid,Normal,Normal,Normal,True,False,512,512,RGB,,,True,0.0,False
valid/Normal/Normal (1109).png,valid_masks/Normal/Normal (1109)_mask.png,,valid,Normal,Normal,Normal,True,False,512,512,RGB,,,True,0.0,False
valid/Normal/Normal (111).png,valid_masks/Normal/Normal (111)_mask.png,,valid,Normal,Normal,Normal,True,False,512,512,RGB,,,True,0.0,False
valid/Normal/Normal (1110).png,valid_masks/Normal/Normal (1110)_mask.png,,valid,Normal,Normal,Normal,True,False,512,512,RGB,,,True,0.0,False
valid/Normal/Normal (1111).png,valid_masks/Normal/Normal (1111)_mask.png,,valid,Normal,Normal,Normal,True,False,512,512,RGB,,,True,0.0,False
valid/Normal/Normal (1112).png,valid_masks/Normal/Normal (1112)_mask.png,,valid,Normal,Normal,Normal,True,False,512,512,RGB,,,True,0.0,False
valid/Normal/Normal (1113).png,valid_masks/Normal/Normal (1113)_mask.png,,valid,Normal,Normal,Normal,True,False,512,512,RGB,,,True,0.0,False
valid/Normal/Normal (1114).png,valid_masks/Normal/Normal (1114)_mask.png,,valid,Normal,Normal,Normal,True,False,512,512,RGB,,,True,0.0,False
valid/Normal/Normal (1115).png,valid_masks/Normal/Normal (1115)_mask.png,,valid,Normal,Normal,Normal,True,False,512,512,RGB,,,True,0.0,False
valid/Normal/Normal (1116).png,valid_masks/Normal/Normal (1116)_mask.png,,valid,Normal,Normal,Normal,True,False,512,512,RGB,,,True,0.0,False
valid/Normal/Normal (1117).png,valid_masks/Normal/Normal (1117)_mask.png,,valid,Normal,Normal,Normal,True,False,512,512,RGB,,,True,0.0,False
valid/Normal/Normal (1118).png,valid_masks/Normal/Normal (1118)_mask.png,,valid,Normal,Normal,Normal,True,False,512,512,RGB,,,True,0.0,False
valid/Normal/Normal (1119).png,valid_masks/Normal/Normal (1119)_mask.png,,valid,Normal,Normal,Normal,True,False,512,512,RGB,,,True,0.0,False
valid/Normal/Normal (112).png,valid_masks/Normal/Normal (112)_mask.png,,valid,Normal,Normal,Normal,True,False,512,512,RGB,,,True,0.0,False
valid/Normal/Normal (1120).png,valid_masks/Normal/Normal (1120)_mask.png,,valid,Normal,Normal,Normal,True,False,512,512,RGB,,,True,0.0,False
valid/Normal/Normal (1121).png,valid_masks/Normal/Normal (1121)_mask.png,,valid,Normal,Normal,Normal,True,False,512,512,RGB,,,True,0.0,False
valid/Normal/Normal (1122).png,valid_masks/Normal/Normal (1122)_mask.png,,valid,Normal,Normal,Normal,True,False,512,512,RGB,,,True,0.0,False
valid/Normal/Normal (1123).png,valid_masks/Normal/Normal (1123)_mask.png,,valid,Normal,Normal,Normal,True,False,512,512,RGB,,,True,0.0,False
valid/Normal/Normal (1124).png,valid_masks/Normal/Normal (1124)_mask.png,,valid,Normal,Normal,Normal,True,False,512,512,RGB,,,True,0.0,False
valid/Normal/Normal (1125).png,valid_masks/Normal/Normal (1125)_mask.png,,valid,Normal,Normal,Normal,True,False,512,512,RGB,,,True,0.0,False
valid/Normal/Normal (1126).png,valid_masks/Normal/Normal (1126)_mask.png,,valid,Normal,Normal,Normal,True,False,512,512,RGB,,,True,0.0,False
valid/Normal/Normal (1127).png,valid_masks/Normal/Normal (1127)_mask.png,,valid,Normal,Normal,Normal,True,False,512,512,RGB,,,True,0.0,False
valid/Normal/Normal (1128).png,valid_masks/Normal/Normal (1128)_mask.png,,valid,Normal,Normal,Normal,True,False,512,512,RGB,,,True,0.0,False
valid/Normal/Normal (1129).png,valid_masks/Normal/Normal (1129)_mask.png,,valid,Normal,Normal,Normal,True,False,512,512,RGB,,,True,0.0,False
valid/Normal/Normal (113).png,valid_masks/Normal/Normal (113)_mask.png,,valid,Normal,Normal,Normal,True,False,512,512,RGB,,,True,0.0,False
valid/Normal/Normal (1130).png,valid_masks/Normal/Normal (1130)_mask.png,,valid,Normal,Normal,Normal,True,False,512,512,RGB,,,True,0.0,False
valid/Normal/Normal (1131).png,valid_masks/Normal/Normal (1131)_mask.png,,valid,Normal,Normal,Normal,True,False,512,512,RGB,,,True,0.0,False
valid/Normal/Normal (1132).png,valid_masks/Normal/Normal (1132)_mask.png,,valid,Normal,Normal,Normal,True,False,512,512,RGB,,,True,0.0,False
valid/Normal/Normal (1133).png,valid_masks/Normal/Normal (1133)_mask.png,,valid,Normal,Normal,Normal,True,False,512,512,RGB,,,True,0.0,False
valid/Normal/Normal (1134).png,valid_masks/Normal/Normal (1134)_mask.png,,valid,Normal,Normal,Normal,True,False,512,512,RGB,,,True,0.0,False
valid/Normal/Normal (1135).png,valid_masks/Normal/Normal (1135)_mask.png,,valid,Normal,Normal,Normal,True,False,512,512,RGB,,,True,0.0,False
valid/Normal/Normal (1136).png,valid_masks/Normal/Normal (1136)_mask.png,,valid,Normal,Normal,Normal,True,False,512,512,RGB,,,True,0.0,False
valid/Normal/Normal (1137).png,valid_masks/Normal/Normal (1137)_mask.png,,valid,Normal,Normal,Normal,True,False,512,512,RGB,,,True,0.0,False
valid/Normal/Normal (1138).png,valid_masks/Normal/Normal (1138)_mask.png,,valid,Normal,Normal,Normal,True,False,512,512,RGB,,,True,0.0,False
valid/Normal/Normal (1139).png,valid_masks/Normal/Normal (1139)_mask.png,,valid,Normal,Normal,Normal,True,False,512,512,RGB,,,True,0.0,False
valid/Normal/Normal (114).png,valid_masks/Normal/Normal (114)_mask.png,,valid,Normal,Normal,Normal,True,False,512,512,RGB,,,True,0.0,False
valid/Normal/Normal (1140).png,valid_masks/Normal/Normal (1140)_mask.png,,valid,Normal,Normal,Normal,True,False,512,512,RGB,,,True,0.0,False
valid/Normal/Normal (1141).png,valid_masks/Normal/Normal (1141)_mask.png,,valid,Normal,Normal,Normal,True,False,512,512,RGB,,,True,0.0,False
valid/Normal/Normal (1142).png,valid_masks/Normal/Normal (1142)_mask.png,,valid,Normal,Normal,Normal,True,False,512,512,RGB,,,True,0.0,False
valid/Normal/Normal (1143).png,valid_masks/Normal/Normal (1143)_mask.png,,valid,Normal,Normal,Normal,True,False,512,512,RGB,,,True,0.0,False
valid/Normal/Normal (1144).png,valid_masks/Normal/Normal (1144)_mask.png,,valid,Normal,Normal,Normal,True,False,512,512,RGB,,,True,0.0,False
valid/Normal/Normal (1145).png,valid_masks/Normal/Normal (1145)_mask.png,,valid,Normal,Normal,Normal,True,False,512,512,RGB,,,True,0.0,False
valid/Normal/Normal (1146).png,valid_masks/Normal/Normal (1146)_mask.png,,valid,Normal,Normal,Normal,True,False,512,512,RGB,,,True,0.0,False
valid/Normal/Normal (1147).png,valid_masks/Normal/Normal (1147)_mask.png,,valid,Normal,Normal,Normal,True,False,512,512,RGB,,,True,0.0,False
valid/Normal/Normal (1148).png,valid_masks/Normal/Normal (1148)_mask.png,,valid,Normal,Normal,Normal,True,False,512,512,RGB,,,True,0.0,False
valid/Normal/Normal (1149).png,valid_masks/Normal/Normal (1149)_mask.png,,valid,Normal,Normal,Normal,True,False,512,512,RGB,,,True,0.0,False
valid/Normal/Normal (115).png,valid_masks/Normal/Normal (115)_mask.png,,valid,Normal,Normal,Normal,True,False,512,512,RGB,,,True,0.0,False
valid/Normal/Normal (1150).png,valid_masks/Normal/Normal (1150)_mask.png,,valid,Normal,Normal,Normal,True,False,512,512,RGB,,,True,0.0,False
valid/Normal/Normal (1151).png,valid_masks/Normal/Normal (1151)_mask.png,,valid,Normal,Normal,Normal,True,False,512,512,RGB,,,True,0.0,False
valid/Normal/Normal (1152).png,valid_masks/Normal/Normal (1152)_mask.png,,valid,Normal,Normal,Normal,True,False,512,512,RGB,,,True,0.0,False
valid/Normal/Normal (1153).png,valid_masks/Normal/Normal (1153)_mask.png,,valid,Normal,Normal,Normal,True,False,512,512,RGB,,,True,0.0,False
valid/Normal/Normal (1154).png,valid_masks/Normal/Normal (1154)_mask.png,,valid,Normal,Normal,Normal,True,False,512,512,RGB,,,True,0.0,False
valid/Normal/Normal (1155).png,valid_masks/Normal/Normal (1155)_mask.png,,valid,Normal,Normal,Normal,True,False,512,512,RGB,,,True,0.0,False
valid/Normal/Normal (1156).png,valid_masks/Normal/Normal (1156)_mask.png,,valid,Normal,Normal,Normal,True,False,512,512,RGB,,,True,0.0,False
valid/Normal/Normal (1157).png,valid_masks/Normal/Normal (1157)_mask.png,,valid,Normal,Normal,Normal,True,False,512,512,RGB,,,True,0.0,False
valid/Normal/Normal (1158).png,valid_masks/Normal/Normal (1158)_mask.png,,valid,Normal,Normal,Normal,True,False,512,512,RGB,,,True,0.0,False
valid/Normal/Normal (1159).png,valid_masks/Normal/Normal (1159)_mask.png,,valid,Normal,Normal,Normal,True,False,512,512,RGB,,,True,0.0,False
valid/Normal/Normal (116).png,valid_masks/Normal/Normal (116)_mask.png,,valid,Normal,Normal,Normal,True,False,512,512,RGB,,,True,0.0,False
valid/Normal/Normal (1160).png,valid_masks/Normal/Normal (1160)_mask.png,,valid,Normal,Normal,Normal,True,False,512,512,RGB,,,True,0.0,False
valid/Normal/Normal (1161).png,valid_masks/Normal/Normal (1161)_mask.png,,valid,Normal,Normal,Normal,True,False,512,512,RGB,,,True,0.0,False
valid/Normal/Normal (1162).png,valid_masks/Normal/Normal (1162)_mask.png,,valid,Normal,Normal,Normal,True,False,512,512,RGB,,,True,0.0,False
valid/Normal/Normal (1163).png,valid_masks/Normal/Normal (1163)_mask.png,,valid,Normal,Normal,Normal,True,False,512,512,RGB,,,True,0.0,False
valid/Normal/Normal (1164).png,valid_masks/Normal/Normal (1164)_mask.png,,valid,Normal,Normal,Normal,True,False,512,512,RGB,,,True,0.0,False
valid/Normal/Normal (1165).png,valid_masks/Normal/Normal (1165)_mask.png,,valid,Normal,Normal,Normal,True,False,512,512,RGB,,,True,0.0,False
valid/Normal/Normal (1166).png,valid_masks/Normal/Normal (1166)_mask.png,,valid,Normal,Normal,Normal,True,False,512,512,RGB,,,True,0.0,False
valid/Normal/Normal (1167).png,valid_masks/Normal/Normal (1167)_mask.png,,valid,Normal,Normal,Normal,True,False,512,512,RGB,,,True,0.0,False
valid/Normal/Normal (1168).png,valid_masks/Normal/Normal (1168)_mask.png,,valid,Normal,Normal,Normal,True,False,512,512,RGB,,,True,0.0,False
valid/Normal/Normal (1169).png,valid_masks/Normal/Normal (1169)_mask.png,,valid,Normal,Normal,Normal,True,False,512,512,RGB,,,True,0.0,False
valid/Normal/Normal (117).png,valid_masks/Normal/Normal (117)_mask.png,,valid,Normal,Normal,Normal,True,False,512,512,RGB,,,True,0.0,False
valid/Normal/Normal (1170).png,valid_masks/Normal/Normal (1170)_mask.png,,valid,Normal,Normal,Normal,True,False,512,512,RGB,,,True,0.0,False
valid/Normal/Normal (1171).png,valid_masks/Normal/Normal (1171)_mask.png,,valid,Normal,Normal,Normal,True,False,512,512,RGB,,,True,0.0,False
valid/Normal/Normal (1172).png,valid_masks/Normal/Normal (1172)_mask.png,,valid,Normal,Normal,Normal,True,False,512,512,RGB,,,True,0.0,False
valid/Normal/Normal (1173).png,valid_masks/Normal/Normal (1173)_mask.png,,valid,Normal,Normal,Normal,True,False,512,512,RGB,,,True,0.0,False
valid/Normal/Normal (1174).png,valid_masks/Normal/Normal (1174)_mask.png,,valid,Normal,Normal,Normal,True,False,512,512,RGB,,,True,0.0,False
valid/Normal/Normal (1175).png,valid_masks/Normal/Normal (1175)_mask.png,,valid,Normal,Normal,Normal,True,False,512,512,RGB,,,True,0.0,False
valid/Normal/Normal (1176).png,valid_masks/Normal/Normal (1176)_mask.png,,valid,Normal,Normal,Normal,True,False,512,512,RGB,,,True,0.0,False
valid/Normal/Normal (1177).png,valid_masks/Normal/Normal (1177)_mask.png,,valid,Normal,Normal,Normal,True,False,512,512,RGB,,,True,0.0,False
valid/Normal/Normal (1178).png,valid_masks/Normal/Normal (1178)_mask.png,,valid,Normal,Normal,Normal,True,False,512,512,RGB,,,True,0.0,False
valid/Normal/Normal (1179).png,valid_masks/Normal/Normal (1179)_mask.png,,valid,Normal,Normal,Normal,True,False,512,512,RGB,,,True,0.0,False
valid/Normal/Normal (118).png,valid_masks/Normal/Normal (118)_mask.png,,valid,Normal,Normal,Normal,True,False,512,512,RGB,,,True,0.0,False
valid/Normal/Normal (1180).png,valid_masks/Normal/Normal (1180)_mask.png,,valid,Normal,Normal,Normal,True,False,512,512,RGB,,,True,0.0,False
valid/Normal/Normal (1181).png,valid_masks/Normal/Normal (1181)_mask.png,,valid,Normal,Normal,Normal,True,False,512,512,RGB,,,True,0.0,False
valid/Normal/Normal (1182).png,valid_masks/Normal/Normal (1182)_mask.png,,valid,Normal,Normal,Normal,True,False,512,512,RGB,,,True,0.0,False
valid/Normal/Normal (1183).png,valid_masks/Normal/Normal (1183)_mask.png,,valid,Normal,Normal,Normal,True,False,512,512,RGB,,,True,0.0,False
valid/Normal/Normal (1184).png,valid_masks/Normal/Normal (1184)_mask.png,,valid,Normal,Normal,Normal,True,False,512,512,RGB,,,True,0.0,False
valid/Normal/Normal (1185).png,valid_masks/Normal/Normal (1185)_mask.png,,valid,Normal,Normal,Normal,True,False,512,512,RGB,,,True,0.0,False
valid/Normal/Normal (1186).png,valid_masks/Normal/Normal (1186)_mask.png,,valid,Normal,Normal,Normal,True,False,512,512,RGB,,,True,0.0,False
valid/Normal/Normal (1187).png,valid_masks/Normal/Normal (1187)_mask.png,,valid,Normal,Normal,Normal,True,False,512,512,RGB,,,True,0.0,False
valid/Normal/Normal (1188).png,valid_masks/Normal/Normal (1188)_mask.png,,valid,Normal,Normal,Normal,True,False,512,512,RGB,,,True,0.0,False
valid/Normal/Normal (1189).png,valid_masks/Normal/Normal (1189)_mask.png,,valid,Normal,Normal,Normal,True,False,512,512,RGB,,,True,0.0,False
valid/Normal/Normal (119).png,valid_masks/Normal/Normal (119)_mask.png,,valid,Normal,Normal,Normal,True,False,512,512,RGB,,,True,0.0,False
valid/Normal/Normal (1190).png,valid_masks/Normal/Normal (1190)_mask.png,,valid,Normal,Normal,Normal,True,False,512,512,RGB,,,True,0.0,False
valid/Normal/Normal (1191).png,valid_masks/Normal/Normal (1191)_mask.png,,valid,Normal,Normal,Normal,True,False,512,512,RGB,,,True,0.0,False
valid/Normal/Normal (1192).png,valid_masks/Normal/Normal (1192)_mask.png,,valid,Normal,Normal,Normal,True,False,512,512,RGB,,,True,0.0,False
valid/Normal/Normal (1193).png,valid_masks/Normal/Normal (1193)_mask.png,,valid,Normal,Normal,Normal,True,False,512,512,RGB,,,True,0.0,False
valid/Normal/Normal (1194).png,valid_masks/Normal/Normal (1194)_mask.png,,valid,Normal,Normal,Normal,True,False,512,512,RGB,,,True,0.0,False
valid/Normal/Normal (1195).png,valid_masks/Normal/Normal (1195)_mask.png,,valid,Normal,Normal,Normal,True,False,512,512,RGB,,,True,0.0,False
valid/Normal/Normal (1196).png,valid_masks/Normal/Normal (1196)_mask.png,,valid,Normal,Normal,Normal,True,False,512,512,RGB,,,True,0.0,False
valid/Normal/Normal (1197).png,valid_masks/Normal/Normal (1197)_mask.png,,valid,Normal,Normal,Normal,True,False,512,512,RGB,,,True,0.0,False
valid/Normal/Normal (1198).png,valid_masks/Normal/Normal (1198)_mask.png,,valid,Normal,Normal,Normal,True,False,512,512,RGB,,,True,0.0,False
valid/Normal/Normal (1199).png,valid_masks/Normal/Normal (1199)_mask.png,,valid,Normal,Normal,Normal,True,False,512,512,RGB,,,True,0.0,False
valid/Normal/Normal (12).png,valid_masks/Normal/Normal (12)_mask.png,,valid,Normal,Normal,Normal,True,False,512,512,RGB,,,True,0.0,False
valid/Normal/Normal (120).png,valid_masks/Normal/Normal (120)_mask.png,,valid,Normal,Normal,Normal,True,False,512,512,RGB,,,True,0.0,False
valid/Normal/Normal (1200).png,valid_masks/Normal/Normal (1200)_mask.png,,valid,Normal,Normal,Normal,True,False,512,512,RGB,,,True,0.0,False
valid/Normal/Normal (1201).png,valid_masks/Normal/Normal (1201)_mask.png,,valid,Normal,Normal,Normal,True,False,512,512,RGB,,,True,0.0,False
valid/Normal/Normal (1202).png,valid_masks/Normal/Normal (1202)_mask.png,,valid,Normal,Normal,Normal,True,False,512,512,RGB,,,True,0.0,False
valid/Normal/Normal (1203).png,valid_masks/Normal/Normal (1203)_mask.png,,valid,Normal,Normal,Normal,True,False,512,512,RGB,,,True,0.0,False
valid/Normal/Normal (1204).png,valid_masks/Normal/Normal (1204)_mask.png,,valid,Normal,Normal,Normal,True,False,512,512,RGB,,,True,0.0,False
valid/Normal/Normal (121).png,valid_masks/Normal/Normal (121)_mask.png,,valid,Normal,Normal,Normal,True,False,512,512,RGB,,,True,0.0,False
valid/Normal/Normal (122).png,valid_masks/Normal/Normal (122)_mask.png,,valid,Normal,Normal,Normal,True,False,512,512,RGB,,,True,0.0,False
valid/Normal/Normal (123).png,valid_masks/Normal/Normal (123)_mask.png,,valid,Normal,Normal,Normal,True,False,512,512,RGB,,,True,0.0,False
valid/Normal/Normal (124).png,valid_masks/Normal/Normal (124)_mask.png,,valid,Normal,Normal,Normal,True,False,512,512,RGB,,,True,0.0,False
valid/Normal/Normal (125).png,valid_masks/Normal/Normal (125)_mask.png,,valid,Normal,Normal,Normal,True,False,512,512,RGB,,,True,0.0,False
valid/Normal/Normal (126).png,valid_masks/Normal/Normal (126)_mask.png,,valid,Normal,Normal,Normal,True,False,512,512,RGB,,,True,0.0,False
valid/Normal/Normal (127).png,valid_masks/Normal/Normal (127)_mask.png,,valid,Normal,Normal,Normal,True,False,512,512,RGB,,,True,0.0,False
valid/Normal/Normal (128).png,valid_masks/Normal/Normal (128)_mask.png,,valid,Normal,Normal,Normal,True,False,512,512,RGB,,,True,0.0,False
valid/Normal/Normal (129).png,valid_masks/Normal/Normal (129)_mask.png,,valid,Normal,Normal,Normal,True,False,512,512,RGB,,,True,0.0,False
valid/Normal/Normal (13).png,valid_masks/Normal/Normal (13)_mask.png,,valid,Normal,Normal,Normal,True,False,512,512,RGB,,,True,0.0,False
valid/Normal/Normal (130).png,valid_masks/Normal/Normal (130)_mask.png,,valid,Normal,Normal,Normal,True,False,512,512,RGB,,,True,0.0,False
valid/Normal/Normal (131).png,valid_masks/Normal/Normal (131)_mask.png,,valid,Normal,Normal,Normal,True,False,512,512,RGB,,,True,0.0,False
valid/Normal/Normal (132).png,valid_masks/Normal/Normal (132)_mask.png,,valid,Normal,Normal,Normal,True,False,512,512,RGB,,,True,0.0,False
valid/Normal/Normal (133).png,valid_masks/Normal/Normal (133)_mask.png,,valid,Normal,Normal,Normal,True,False,512,512,RGB,,,True,0.0,False
valid/Normal/Normal (134).png,valid_masks/Normal/Normal (134)_mask.png,,valid,Normal,Normal,Normal,True,False,512,512,RGB,,,True,0.0,False
valid/Normal/Normal (135).png,valid_masks/Normal/Normal (135)_mask.png,,valid,Normal,Normal,Normal,True,False,512,512,RGB,,,True,0.0,False
valid/Normal/Normal (136).png,valid_masks/Normal/Normal (136)_mask.png,,valid,Normal,Normal,Normal,True,False,512,512,RGB,,,True,0.0,False
valid/Normal/Normal (137).png,valid_masks/Normal/Normal (137)_mask.png,,valid,Normal,Normal,Normal,True,False,512,512,RGB,,,True,0.0,False
valid/Normal/Normal (138).png,valid_masks/Normal/Normal (138)_mask.png,,valid,Normal,Normal,Normal,True,False,512,512,RGB,,,True,0.0,False
valid/Normal/Normal (139).png,valid_masks/Normal/Normal (139)_mask.png,,valid,Normal,Normal,Normal,True,False,512,512,RGB,,,True,0.0,False
valid/Normal/Normal (14).png,valid_masks/Normal/Normal (14)_mask.png,,valid,Normal,Normal,Normal,True,False,512,512,RGB,,,True,0.0,False
valid/Normal/Normal (140).png,valid_masks/Normal/Normal (140)_mask.png,,valid,Normal,Normal,Normal,True,False,512,512,RGB,,,True,0.0,False
valid/Normal/Normal (141).png,valid_masks/Normal/Normal (141)_mask.png,,valid,Normal,Normal,Normal,True,False,512,512,RGB,,,True,0.0,False
valid/Normal/Normal (142).png,valid_masks/Normal/Normal (142)_mask.png,,valid,Normal,Normal,Normal,True,False,512,512,RGB,,,True,0.0,False
valid/Normal/Normal (143).png,valid_masks/Normal/Normal (143)_mask.png,,valid,Normal,Normal,Normal,True,False,512,512,RGB,,,True,0.0,False
valid/Normal/Normal (144).png,valid_masks/Normal/Normal (144)_mask.png,,valid,Normal,Normal,Normal,True,False,512,512,RGB,,,True,0.0,False
valid/Normal/Normal (145).png,valid_masks/Normal/Normal (145)_mask.png,,valid,Normal,Normal,Normal,True,False,512,512,RGB,,,True,0.0,False
valid/Normal/Normal (146).png,valid_masks/Normal/Normal (146)_mask.png,,valid,Normal,Normal,Normal,True,False,512,512,RGB,,,True,0.0,False
valid/Normal/Normal (147).png,valid_masks/Normal/Normal (147)_mask.png,,valid,Normal,Normal,Normal,True,False,512,512,RGB,,,True,0.0,False
valid/Normal/Normal (148).png,valid_masks/Normal/Normal (148)_mask.png,,valid,Normal,Normal,Normal,True,False,512,512,RGB,,,True,0.0,False
valid/Normal/Normal (149).png,valid_masks/Normal/Normal (149)_mask.png,,valid,Normal,Normal,Normal,True,False,512,512,RGB,,,True,0.0,False
valid/Normal/Normal (15).png,valid_masks/Normal/Normal (15)_mask.png,,valid,Normal,Normal,Normal,True,False,512,512,RGB,,,True,0.0,False
valid/Normal/Normal (150).png,valid_masks/Normal/Normal (150)_mask.png,,valid,Normal,Normal,Normal,True,False,512,512,RGB,,,True,0.0,False
valid/Normal/Normal (151).png,valid_masks/Normal/Normal (151)_mask.png,,valid,Normal,Normal,Normal,True,False,512,512,RGB,,,True,0.0,False
valid/Normal/Normal (152).png,valid_masks/Normal/Normal (152)_mask.png,,valid,Normal,Normal,Normal,True,False,512,512,RGB,,,True,0.0,False
valid/Normal/Normal (153).png,valid_masks/Normal/Normal (153)_mask.png,,valid,Normal,Normal,Normal,True,False,512,512,RGB,,,True,0.0,False
valid/Normal/Normal (154).png,valid_masks/Normal/Normal (154)_mask.png,,valid,Normal,Normal,Normal,True,False,512,512,RGB,,,True,0.0,False
valid/Normal/Normal (155).png,valid_masks/Normal/Normal (155)_mask.png,,valid,Normal,Normal,Normal,True,False,512,512,RGB,,,True,0.0,False
valid/Normal/Normal (156).png,valid_masks/Normal/Normal (156)_mask.png,,valid,Normal,Normal,Normal,True,False,512,512,RGB,,,True,0.0,False
valid/Normal/Normal (157).png,valid_masks/Normal/Normal (157)_mask.png,,valid,Normal,Normal,Normal,True,False,512,512,RGB,,,True,0.0,False
valid/Normal/Normal (158).png,valid_masks/Normal/Normal (158)_mask.png,,valid,Normal,Normal,Normal,True,False,512,512,RGB,,,True,0.0,False
valid/Normal/Normal (159).png,valid_masks/Normal/Normal (159)_mask.png,,valid,Normal,Normal,Normal,True,False,512,512,RGB,,,True,0.0,False
valid/Normal/Normal (16).png,valid_masks/Normal/Normal (16)_mask.png,,valid,Normal,Normal,Normal,True,False,512,512,RGB,,,True,0.0,False
valid/Normal/Normal (160).png,valid_masks/Normal/Normal (160)_mask.png,,valid,Normal,Normal,Normal,True,False,512,512,RGB,,,True,0.0,False
valid/Normal/Normal (161).png,valid_masks/Normal/Normal (161)_mask.png,,valid,Normal,Normal,Normal,True,False,512,512,RGB,,,True,0.0,False
valid/Normal/Normal (162).png,valid_masks/Normal/Normal (162)_mask.png,,valid,Normal,Normal,Normal,True,False,512,512,RGB,,,True,0.0,False
valid/Normal/Normal (163).png,valid_masks/Normal/Normal (163)_mask.png,,valid,Normal,Normal,Normal,True,False,512,512,RGB,,,True,0.0,False
valid/Normal/Normal (164).png,valid_masks/Normal/Normal (164)_mask.png,,valid,Normal,Normal,Normal,True,False,512,512,RGB,,,True,0.0,False
valid/Normal/Normal (165).png,valid_masks/Normal/Normal (165)_mask.png,,valid,Normal,Normal,Normal,True,False,512,512,RGB,,,True,0.0,False
valid/Normal/Normal (166).png,valid_masks/Normal/Normal (166)_mask.png,,valid,Normal,Normal,Normal,True,False,512,512,RGB,,,True,0.0,False
valid/Normal/Normal (167).png,valid_masks/Normal/Normal (167)_mask.png,,valid,Normal,Normal,Normal,True,False,512,512,RGB,,,True,0.0,False
valid/Normal/Normal (168).png,valid_masks/Normal/Normal (168)_mask.png,,valid,Normal,Normal,Normal,True,False,512,512,RGB,,,True,0.0,False
valid/Normal/Normal (169).png,valid_masks/Normal/Normal (169)_mask.png,,valid,Normal,Normal,Normal,True,False,512,512,RGB,,,True,0.0,False
valid/Normal/Normal (17).png,valid_masks/Normal/Normal (17)_mask.png,,valid,Normal,Normal,Normal,True,False,512,512,RGB,,,True,0.0,False
valid/Normal/Normal (170).png,valid_masks/Normal/Normal (170)_mask.png,,valid,Normal,Normal,Normal,True,False,512,512,RGB,,,True,0.0,False
valid/Normal/Normal (171).png,valid_masks/Normal/Normal (171)_mask.png,,valid,Normal,Normal,Normal,True,False,512,512,RGB,,,True,0.0,False
valid/P1-Ruqayya/12bdb7c.png,valid_masks/P1-Ruqayya/12bdb7c_mask.png,valid/P1-Ruqayya/12bdb7c.json,valid,P1-Ruqayya,P1-Ruqayya,Tumor,True,True,512,512,L,1.0,Tumor,True,0.00208282470703125,False
valid/P1-Ruqayya/12bde1f.png,valid_masks/P1-Ruqayya/12bde1f_mask.png,valid/P1-Ruqayya/12bde1f.json,valid,P1-Ruqayya,P1-Ruqayya,Tumor,True,True,512,512,L,1.0,Tumor,True,0.00244903564453125,False
valid/P1-Ruqayya/12bde21.png,valid_masks/P1-Ruqayya/12bde21_mask.png,valid/P1-Ruqayya/12bde21.json,valid,P1-Ruqayya,P1-Ruqayya,Tumor,True,True,512,512,L,1.0,Tumor,True,0.002964019775390625,False
valid/P1-Ruqayya/12bde23.png,valid_masks/P1-Ruqayya/12bde23_mask.png,valid/P1-Ruqayya/12bde23.json,valid,P1-Ruqayya,P1-Ruqayya,Tumor,True,True,512,512,L,1.0,Tumor,True,0.00302886962890625,False
valid/P1-Ruqayya/12bde25.png,valid_masks/P1-Ruqayya/12bde25_mask.png,valid/P1-Ruqayya/12bde25.json,valid,P1-Ruqayya,P1-Ruqayya,Tumor,True,True,512,512,L,1.0,Tumor,True,0.0033721923828125,False
valid/P1-Ruqayya/12bde27.png,valid_masks/P1-Ruqayya/12bde27_mask.png,valid/P1-Ruqayya/12bde27.json,valid,P1-Ruqayya,P1-Ruqayya,Tumor,True,True,512,512,L,1.0,Tumor,True,0.003299713134765625,False
valid/P1-Ruqayya/12bde28.png,valid_masks/P1-Ruqayya/12bde28_mask.png,valid/P1-Ruqayya/12bde28.json,valid,P1-Ruqayya,P1-Ruqayya,Tumor,True,True,512,512,L,1.0,Tumor,True,0.003627777099609375,False
valid/P1-Ruqayya/12bde40.png,valid_masks/P1-Ruqayya/12bde40_mask.png,valid/P1-Ruqayya/12bde40.json,valid,P1-Ruqayya,P1-Ruqayya,Tumor,True,True,512,512,L,1.0,Tumor,True,0.004276275634765625,False
valid/P1-Ruqayya/12bde42.png,valid_masks/P1-Ruqayya/12bde42_mask.png,valid/P1-Ruqayya/12bde42.json,valid,P1-Ruqayya,P1-Ruqayya,Tumor,True,True,512,512,L,1.0,Tumor,True,0.004913330078125,False
valid/P1-Ruqayya/12bde44.png,valid_masks/P1-Ruqayya/12bde44_mask.png,valid/P1-Ruqayya/12bde44.json,valid,P1-Ruqayya,P1-Ruqayya,Tumor,True,True,512,512,L,1.0,Tumor,True,0.005496978759765625,False
valid/P1-Ruqayya/33a23593.png,valid_masks/P1-Ruqayya/33a23593_mask.png,valid/P1-Ruqayya/33a23593.json,valid,P1-Ruqayya,P1-Ruqayya,Tumor,True,True,512,512,L,1.0,Tumor,True,0.0047149658203125,False
valid/P1-Ruqayya/33a23596.png,valid_masks/P1-Ruqayya/33a23596_mask.png,valid/P1-Ruqayya/33a23596.json,valid,P1-Ruqayya,P1-Ruqayya,Tumor,True,True,512,512,L,1.0,Tumor,True,0.005306243896484375,False
valid/P1-Ruqayya/33a23597.png,valid_masks/P1-Ruqayya/33a23597_mask.png,valid/P1-Ruqayya/33a23597.json,valid,P1-Ruqayya,P1-Ruqayya,Tumor,True,True,512,512,L,1.0,Tumor,True,0.005596160888671875,False
valid/P1-Ruqayya/33a23599.png,valid_masks/P1-Ruqayya/33a23599_mask.png,valid/P1-Ruqayya/33a23599.json,valid,P1-Ruqayya,P1-Ruqayya,Tumor,True,True,512,512,L,1.0,Tumor,True,0.008594512939453125,False
valid/P1-Ruqayya/33a235b0.png,valid_masks/P1-Ruqayya/33a235b0_mask.png,valid/P1-Ruqayya/33a235b0.json,valid,P1-Ruqayya,P1-Ruqayya,Tumor,True,True,512,512,L,1.0,Tumor,True,0.002838134765625,False
valid/P1-Ruqayya/33a235b2.png,valid_masks/P1-Ruqayya/33a235b2_mask.png,valid/P1-Ruqayya/33a235b2.json,valid,P1-Ruqayya,P1-Ruqayya,Tumor,True,True,512,512,L,1.0,Tumor,True,0.001995086669921875,False
valid/P1-Ruqayya/33a235b4.png,valid_masks/P1-Ruqayya/33a235b4_mask.png,valid/P1-Ruqayya/33a235b4.json,valid,P1-Ruqayya,P1-Ruqayya,Tumor,True,True,512,512,L,1.0,Tumor,True,0.001544952392578125,False
valid/P1-Ruqayya/67b7a5ff.png,valid_masks/P1-Ruqayya/67b7a5ff_mask.png,valid/P1-Ruqayya/67b7a5ff.json,valid,P1-Ruqayya,P1-Ruqayya,Tumor,True,True,512,512,L,1.0,Tumor,True,0.00403594970703125,False
valid/P1-Ruqayya/67b7a602.png,valid_masks/P1-Ruqayya/67b7a602_mask.png,valid/P1-Ruqayya/67b7a602.json,valid,P1-Ruqayya,P1-Ruqayya,Tumor,True,True,512,512,L,1.0,Tumor,True,0.0033416748046875,False
valid/P1-Ruqayya/67b7a619.png,valid_masks/P1-Ruqayya/67b7a619_mask.png,valid/P1-Ruqayya/67b7a619.json,valid,P1-Ruqayya,P1-Ruqayya,Tumor,True,True,512,512,L,1.0,Tumor,True,0.003238677978515625,False
valid/P1-Ruqayya/67b7a61b.png,valid_masks/P1-Ruqayya/67b7a61b_mask.png,valid/P1-Ruqayya/67b7a61b.json,valid,P1-Ruqayya,P1-Ruqayya,Tumor,True,True,512,512,L,1.0,Tumor,True,0.0030517578125,False
valid/P1-Ruqayya/67b7a61d.png,valid_masks/P1-Ruqayya/67b7a61d_mask.png,valid/P1-Ruqayya/67b7a61d.json,valid,P1-Ruqayya,P1-Ruqayya,Tumor,True,True,512,512,L,1.0,Tumor,True,0.002960205078125,False
valid/P1-Ruqayya/67b7a61f.png,valid_masks/P1-Ruqayya/67b7a61f_mask.png,valid/P1-Ruqayya/67b7a61f.json,valid,P1-Ruqayya,P1-Ruqayya,Tumor,True,True,512,512,L,1.0,Tumor,True,0.002475738525390625,False
valid/P1-Ruqayya/6c820f20.png,valid_masks/P1-Ruqayya/6c820f20_mask.png,valid/P1-Ruqayya/6c820f20.json,valid,P1-Ruqayya,P1-Ruqayya,Tumor,True,True,512,512,L,1.0,Tumor,True,0.00588226318359375,False
valid/P1-Ruqayya/6c820f38.png,valid_masks/P1-Ruqayya/6c820f38_mask.png,valid/P1-Ruqayya/6c820f38.json,valid,P1-Ruqayya,P1-Ruqayya,Tumor,True,True,512,512,L,1.0,Tumor,True,0.00616455078125,False
valid/P1-Ruqayya/6c820f3a.png,valid_masks/P1-Ruqayya/6c820f3a_mask.png,valid/P1-Ruqayya/6c820f3a.json,valid,P1-Ruqayya,P1-Ruqayya,Tumor,True,True,512,512,L,1.0,Tumor,True,0.006565093994140625,False
valid/P1-Ruqayya/6c820f3c.png,valid_masks/P1-Ruqayya/6c820f3c_mask.png,valid/P1-Ruqayya/6c820f3c.json,valid,P1-Ruqayya,P1-Ruqayya,Tumor,True,True,512,512,L,1.0,Tumor,True,0.005931854248046875,False
valid/P1-Ruqayya/6c820f3e.png,valid_masks/P1-Ruqayya/6c820f3e_mask.png,valid/P1-Ruqayya/6c820f3e.json,valid,P1-Ruqayya,P1-Ruqayya,Tumor,True,True,512,512,L,1.0,Tumor,True,0.006061553955078125,False
valid/P1-Ruqayya/6c820f40.png,valid_masks/P1-Ruqayya/6c820f40_mask.png,valid/P1-Ruqayya/6c820f40.json,valid,P1-Ruqayya,P1-Ruqayya,Tumor,True,True,512,512,L,1.0,Tumor,True,0.00615692138671875,False
valid/P1-Ruqayya/6c820f41.png,valid_masks/P1-Ruqayya/6c820f41_mask.png,valid/P1-Ruqayya/6c820f41.json,valid,P1-Ruqayya,P1-Ruqayya,Tumor,True,True,512,512,L,1.0,Tumor,True,0.0065765380859375,False
valid/P1-Ruqayya/6c820f58.png,valid_masks/P1-Ruqayya/6c820f58_mask.png,valid/P1-Ruqayya/6c820f58.json,valid,P1-Ruqayya,P1-Ruqayya,Tumor,True,True,512,512,L,1.0,Tumor,True,0.005901336669921875,False
valid/P1-Ruqayya/6c820f5b.png,valid_masks/P1-Ruqayya/6c820f5b_mask.png,valid/P1-Ruqayya/6c820f5b.json,valid,P1-Ruqayya,P1-Ruqayya,Tumor,True,True,512,512,L,1.0,Tumor,True,0.00601959228515625,False
valid/P1-Ruqayya/6c820f5d.png,valid_masks/P1-Ruqayya/6c820f5d_mask.png,valid/P1-Ruqayya/6c820f5d.json,valid,P1-Ruqayya,P1-Ruqayya,Tumor,True,True,512,512,L,1.0,Tumor,True,0.0062255859375,False
valid/P1-Ruqayya/6cae237d.png,valid_masks/P1-Ruqayya/6cae237d_mask.png,valid/P1-Ruqayya/6cae237d.json,valid,P1-Ruqayya,P1-Ruqayya,Tumor,True,True,512,512,L,1.0,Tumor,True,0.005859375,False
valid/P1-Ruqayya/6cae237f.png,valid_masks/P1-Ruqayya/6cae237f_mask.png,valid/P1-Ruqayya/6cae237f.json,valid,P1-Ruqayya,P1-Ruqayya,Tumor,True,True,512,512,L,1.0,Tumor,True,0.0058441162109375,False
valid/P1-Ruqayya/6cae2396.png,valid_masks/P1-Ruqayya/6cae2396_mask.png,valid/P1-Ruqayya/6cae2396.json,valid,P1-Ruqayya,P1-Ruqayya,Tumor,True,True,512,512,L,1.0,Tumor,True,0.00579071044921875,False
valid/P1-Ruqayya/6cae2398.png,valid_masks/P1-Ruqayya/6cae2398_mask.png,valid/P1-Ruqayya/6cae2398.json,valid,P1-Ruqayya,P1-Ruqayya,Tumor,True,True,512,512,L,1.0,Tumor,True,0.005825042724609375,False
valid/P1-Ruqayya/6cae239a.png,valid_masks/P1-Ruqayya/6cae239a_mask.png,valid/P1-Ruqayya/6cae239a.json,valid,P1-Ruqayya,P1-Ruqayya,Tumor,True,True,512,512,L,1.0,Tumor,True,0.00543975830078125,False
valid/P1-Ruqayya/6cae239c.png,valid_masks/P1-Ruqayya/6cae239c_mask.png,valid/P1-Ruqayya/6cae239c.json,valid,P1-Ruqayya,P1-Ruqayya,Tumor,True,True,512,512,L,1.0,Tumor,True,0.005260467529296875,False
valid/P1-Ruqayya/6cae239e.png,valid_masks/P1-Ruqayya/6cae239e_mask.png,valid/P1-Ruqayya/6cae239e.json,valid,P1-Ruqayya,P1-Ruqayya,Tumor,True,True,512,512,L,1.0,Tumor,True,0.004756927490234375,False
valid/P1-Ruqayya/6cae263f.png,valid_masks/P1-Ruqayya/6cae263f_mask.png,valid/P1-Ruqayya/6cae263f.json,valid,P1-Ruqayya,P1-Ruqayya,Tumor,True,True,512,512,L,1.0,Tumor,True,0.004611968994140625,False
valid/P1-Ruqayya/6cae2641.png,valid_masks/P1-Ruqayya/6cae2641_mask.png,valid/P1-Ruqayya/6cae2641.json,valid,P1-Ruqayya,P1-Ruqayya,Tumor,True,True,512,512,L,1.0,Tumor,True,0.003787994384765625,False
valid/P1-Ruqayya/6cae2643.png,valid_masks/P1-Ruqayya/6cae2643_mask.png,valid/P1-Ruqayya/6cae2643.json,valid,P1-Ruqayya,P1-Ruqayya,Tumor,True,True,512,512,L,1.0,Tumor,True,0.00411224365234375,False
valid/P1-Ruqayya/8cd2e6d9.png,valid_masks/P1-Ruqayya/8cd2e6d9_mask.png,valid/P1-Ruqayya/8cd2e6d9.json,valid,P1-Ruqayya,P1-Ruqayya,Tumor,True,True,512,512,L,1.0,Tumor,True,0.006031036376953125,False
valid/P1-Ruqayya/8cd2e6dc.png,valid_masks/P1-Ruqayya/8cd2e6dc_mask.png,valid/P1-Ruqayya/8cd2e6dc.json,valid,P1-Ruqayya,P1-Ruqayya,Tumor,True,True,512,512,L,1.0,Tumor,True,0.00605010986328125,False
valid/P1-Ruqayya/8cd2e6de.png,valid_masks/P1-Ruqayya/8cd2e6de_mask.png,valid/P1-Ruqayya/8cd2e6de.json,valid,P1-Ruqayya,P1-Ruqayya,Tumor,True,True,512,512,L,1.0,Tumor,True,0.00585174560546875,False
valid/P1-Ruqayya/8cd2e6f5.png,valid_masks/P1-Ruqayya/8cd2e6f5_mask.png,valid/P1-Ruqayya/8cd2e6f5.json,valid,P1-Ruqayya,P1-Ruqayya,Tumor,True,True,512,512,L,1.0,Tumor,True,0.005695343017578125,False
valid/P1-Ruqayya/8cd2e6f7.png,valid_masks/P1-Ruqayya/8cd2e6f7_mask.png,valid/P1-Ruqayya/8cd2e6f7.json,valid,P1-Ruqayya,P1-Ruqayya,Tumor,True,True,512,512,L,1.0,Tumor,True,0.0052337646484375,False
valid/P1-Ruqayya/8cd2e6f8.png,valid_masks/P1-Ruqayya/8cd2e6f8_mask.png,valid/P1-Ruqayya/8cd2e6f8.json,valid,P1-Ruqayya,P1-Ruqayya,Tumor,True,True,512,512,L,1.0,Tumor,True,0.005218505859375,False
valid/P1-Ruqayya/8cd2e6fa.png,valid_masks/P1-Ruqayya/8cd2e6fa_mask.png,valid/P1-Ruqayya/8cd2e6fa.json,valid,P1-Ruqayya,P1-Ruqayya,Tumor,True,True,512,512,L,1.0,Tumor,True,0.0052032470703125,False
valid/P1-Ruqayya/8cd2e6fc.png,valid_masks/P1-Ruqayya/8cd2e6fc_mask.png,valid/P1-Ruqayya/8cd2e6fc.json,valid,P1-Ruqayya,P1-Ruqayya,Tumor,True,True,512,512,L,1.0,Tumor,True,0.00408172607421875,False
valid/P1-Ruqayya/8cd2e713.png,valid_masks/P1-Ruqayya/8cd2e713_mask.png,valid/P1-Ruqayya/8cd2e713.json,valid,P1-Ruqayya,P1-Ruqayya,Tumor,True,True,512,512,L,1.0,Tumor,True,0.0038299560546875,False
valid/P1-Ruqayya/8cd2e714.png,valid_masks/P1-Ruqayya/8cd2e714_mask.png,valid/P1-Ruqayya/8cd2e714.json,valid,P1-Ruqayya,P1-Ruqayya,Tumor,True,True,512,512,L,1.0,Tumor,True,0.003757476806640625,False
valid/P1-Ruqayya/942c2862.png,valid_masks/P1-Ruqayya/942c2862_mask.png,valid/P1-Ruqayya/942c2862.json,valid,P1-Ruqayya,P1-Ruqayya,Tumor,True,True,512,512,L,1.0,Tumor,True,0.000640869140625,False
valid/P1-Ruqayya/942c2864.png,valid_masks/P1-Ruqayya/942c2864_mask.png,valid/P1-Ruqayya/942c2864.json,valid,P1-Ruqayya,P1-Ruqayya,Tumor,True,True,512,512,L,1.0,Tumor,True,0.001285552978515625,False
valid/P1-Ruqayya/c9d7f161.png,valid_masks/P1-Ruqayya/c9d7f161_mask.png,valid/P1-Ruqayya/c9d7f161.json,valid,P1-Ruqayya,P1-Ruqayya,Tumor,True,True,512,512,L,1.0,Tumor,True,0.0005950927734375,False
valid/P1-Ruqayya/c9d7f162.png,valid_masks/P1-Ruqayya/c9d7f162_mask.png,valid/P1-Ruqayya/c9d7f162.json,valid,P1-Ruqayya,P1-Ruqayya,Tumor,True,True,512,512,L,1.0,Tumor,True,0.001239776611328125,False
valid/P1-Ruqayya/c9d7f164.png,valid_masks/P1-Ruqayya/c9d7f164_mask.png,valid/P1-Ruqayya/c9d7f164.json,valid,P1-Ruqayya,P1-Ruqayya,Tumor,True,True,512,512,L,1.0,Tumor,True,0.002208709716796875,False
valid/P1-Ruqayya/cf3b83cd.png,valid_masks/P1-Ruqayya/cf3b83cd_mask.png,valid/P1-Ruqayya/cf3b83cd.json,valid,P1-Ruqayya,P1-Ruqayya,Tumor,True,True,512,512,L,1.0,Tumor,True,0.002620697021484375,False
valid/P1-Ruqayya/cf3b83d0.png,valid_masks/P1-Ruqayya/cf3b83d0_mask.png,valid/P1-Ruqayya/cf3b83d0.json,valid,P1-Ruqayya,P1-Ruqayya,Tumor,True,True,512,512,L,1.0,Tumor,True,0.003116607666015625,False
valid/P1-Ruqayya/cf3b83d2.png,valid_masks/P1-Ruqayya/cf3b83d2_mask.png,valid/P1-Ruqayya/cf3b83d2.json,valid,P1-Ruqayya,P1-Ruqayya,Tumor,True,True,512,512,L,1.0,Tumor,True,0.003269195556640625,False
valid/P1-Ruqayya/cf3b83e9.png,valid_masks/P1-Ruqayya/cf3b83e9_mask.png,valid/P1-Ruqayya/cf3b83e9.json,valid,P1-Ruqayya,P1-Ruqayya,Tumor,True,True,512,512,L,1.0,Tumor,True,0.00395965576171875,False
valid/P1-Ruqayya/cf3b83eb.png,valid_masks/P1-Ruqayya/cf3b83eb_mask.png,valid/P1-Ruqayya/cf3b83eb.json,valid,P1-Ruqayya,P1-Ruqayya,Tumor,True,True,512,512,L,1.0,Tumor,True,0.003902435302734375,False
valid/P1-Ruqayya/cf3b83ec.png,valid_masks/P1-Ruqayya/cf3b83ec_mask.png,valid/P1-Ruqayya/cf3b83ec.json,valid,P1-Ruqayya,P1-Ruqayya,Tumor,True,True,512,512,L,1.0,Tumor,True,0.00441741943359375,False
valid/P1-Ruqayya/cf3b83ee.png,valid_masks/P1-Ruqayya/cf3b83ee_mask.png,valid/P1-Ruqayya/cf3b83ee.json,valid,P1-Ruqayya,P1-Ruqayya,Tumor,True,True,512,512,L,1.0,Tumor,True,0.00498199462890625,False
valid/P1-Ruqayya/cf3b83f0.png,valid_masks/P1-Ruqayya/cf3b83f0_mask.png,valid/P1-Ruqayya/cf3b83f0.json,valid,P1-Ruqayya,P1-Ruqayya,Tumor,True,True,512,512,L,1.0,Tumor,True,0.0051727294921875,False
valid/P1-Ruqayya/cf3b8407.png,valid_masks/P1-Ruqayya/cf3b8407_mask.png,valid/P1-Ruqayya/cf3b8407.json,valid,P1-Ruqayya,P1-Ruqayya,Tumor,True,True,512,512,L,1.0,Tumor,True,0.005374908447265625,False
valid/P1-Ruqayya/cf3b8409.png,valid_masks/P1-Ruqayya/cf3b8409_mask.png,valid/P1-Ruqayya/cf3b8409.json,valid,P1-Ruqayya,P1-Ruqayya,Tumor,True,True,512,512,L,1.0,Tumor,True,0.005771636962890625,False
valid/P1-Ruqayya/d08ffafa.png,valid_masks/P1-Ruqayya/d08ffafa_mask.png,valid/P1-Ruqayya/d08ffafa.json,valid,P1-Ruqayya,P1-Ruqayya,Tumor,True,True,512,512,L,1.0,Tumor,True,0.00603485107421875,False
valid/P1-Ruqayya/d08ffd9d.png,valid_masks/P1-Ruqayya/d08ffd9d_mask.png,valid/P1-Ruqayya/d08ffd9d.json,valid,P1-Ruqayya,P1-Ruqayya,Tumor,True,True,512,512,L,1.0,Tumor,True,0.00589752197265625,False
valid/P1-Ruqayya/d08ffd9f.png,valid_masks/P1-Ruqayya/d08ffd9f_mask.png,valid/P1-Ruqayya/d08ffd9f.json,valid,P1-Ruqayya,P1-Ruqayya,Tumor,True,True,512,512,L,1.0,Tumor,True,0.005863189697265625,False
valid/P1-Ruqayya/d08ffda0.png,valid_masks/P1-Ruqayya/d08ffda0_mask.png,valid/P1-Ruqayya/d08ffda0.json,valid,P1-Ruqayya,P1-Ruqayya,Tumor,True,True,512,512,L,1.0,Tumor,True,0.005992889404296875,False
valid/P1-Ruqayya/d08ffda2.png,valid_masks/P1-Ruqayya/d08ffda2_mask.png,valid/P1-Ruqayya/d08ffda2.json,valid,P1-Ruqayya,P1-Ruqayya,Tumor,True,True,512,512,L,1.0,Tumor,True,0.005889892578125,False
valid/P1-Ruqayya/d08ffda4.png,valid_masks/P1-Ruqayya/d08ffda4_mask.png,valid/P1-Ruqayya/d08ffda4.json,valid,P1-Ruqayya,P1-Ruqayya,Tumor,True,True,512,512,L,1.0,Tumor,True,0.00565338134765625,False
valid/P1-Ruqayya/d08ffda6.png,valid_masks/P1-Ruqayya/d08ffda6_mask.png,valid/P1-Ruqayya/d08ffda6.json,valid,P1-Ruqayya,P1-Ruqayya,Tumor,True,True,512,512,L,1.0,Tumor,True,0.00595855712890625,False
valid/P1-Ruqayya/d08ffdbd.png,valid_masks/P1-Ruqayya/d08ffdbd_mask.png,valid/P1-Ruqayya/d08ffdbd.json,valid,P1-Ruqayya,P1-Ruqayya,Tumor,True,True,512,512,L,1.0,Tumor,True,0.006084442138671875,False
valid/P1-Ruqayya/d08ffdbe.png,valid_masks/P1-Ruqayya/d08ffdbe_mask.png,valid/P1-Ruqayya/d08ffdbe.json,valid,P1-Ruqayya,P1-Ruqayya,Tumor,True,True,512,512,L,1.0,Tumor,True,0.005603790283203125,False
valid/P1-Ruqayya/d08ffdc0.png,valid_masks/P1-Ruqayya/d08ffdc0_mask.png,valid/P1-Ruqayya/d08ffdc0.json,valid,P1-Ruqayya,P1-Ruqayya,Tumor,True,True,512,512,L,1.0,Tumor,True,0.005706787109375,False
valid/P3-Rabia-S4/23b1f9c1.png,valid_masks/P3-Rabia-S4/23b1f9c1_mask.png,valid/P3-Rabia-S4/23b1f9c1.json,valid,P3-Rabia-S4,P3-Rabia-S4,Tumor,True,True,512,512,L,1.0,Tumor,True,0.018100738525390625,False
valid/P3-Rabia-S4/23b1f9c2.png,valid_masks/P3-Rabia-S4/23b1f9c2_mask.png,valid/P3-Rabia-S4/23b1f9c2.json,valid,P3-Rabia-S4,P3-Rabia-S4,Tumor,True,True,512,512,L,1.0,Tumor,True,0.015895843505859375,False
valid/P3-Rabia-S4/23b1f9c3.png,valid_masks/P3-Rabia-S4/23b1f9c3_mask.png,valid/P3-Rabia-S4/23b1f9c3.json,valid,P3-Rabia-S4,P3-Rabia-S4,Tumor,True,True,512,512,L,1.0,Tumor,True,0.016353607177734375,False
valid/P3-Rabia-S4/23b1f9c4.png,valid_masks/P3-Rabia-S4/23b1f9c4_mask.png,valid/P3-Rabia-S4/23b1f9c4.json,valid,P3-Rabia-S4,P3-Rabia-S4,Tumor,True,True,512,512,L,1.0,Tumor,True,0.014080047607421875,False
valid/P3-Rabia-S4/23b1f9c5.png,valid_masks/P3-Rabia-S4/23b1f9c5_mask.png,valid/P3-Rabia-S4/23b1f9c5.json,valid,P3-Rabia-S4,P3-Rabia-S4,Tumor,True,True,512,512,L,1.0,Tumor,True,0.017475128173828125,False
valid/P3-Rabia-S4/23b1f9c6.png,valid_masks/P3-Rabia-S4/23b1f9c6_mask.png,valid/P3-Rabia-S4/23b1f9c6.json,valid,P3-Rabia-S4,P3-Rabia-S4,Tumor,True,True,512,512,L,1.0,Tumor,True,0.016094207763671875,False
valid/P3-Rabia-S4/23b1f9c7.png,valid_masks/P3-Rabia-S4/23b1f9c7_mask.png,valid/P3-Rabia-S4/23b1f9c7.json,valid,P3-Rabia-S4,P3-Rabia-S4,Tumor,True,True,512,512,L,1.0,Tumor,True,0.014919281005859375,False
valid/P3-Rabia-S4/23b1f9c8.png,valid_masks/P3-Rabia-S4/23b1f9c8_mask.png,valid/P3-Rabia-S4/23b1f9c8.json,valid,P3-Rabia-S4,P3-Rabia-S4,Tumor,True,True,512,512,L,1.0,Tumor,True,0.01515960693359375,False
valid/P3-Rabia-S4/23b1f9de.png,valid_masks/P3-Rabia-S4/23b1f9de_mask.png,valid/P3-Rabia-S4/23b1f9de.json,valid,P3-Rabia-S4,P3-Rabia-S4,Tumor,True,True,512,512,L,1.0,Tumor,True,0.01488494873046875,False
valid/P3-Rabia-S4/23b1f9df.png,valid_masks/P3-Rabia-S4/23b1f9df_mask.png,valid/P3-Rabia-S4/23b1f9df.json,valid,P3-Rabia-S4,P3-Rabia-S4,Tumor,True,True,512,512,L,1.0,Tumor,True,0.015720367431640625,False
valid/P3-Rabia-S4/23b1f9e0.png,valid_masks/P3-Rabia-S4/23b1f9e0_mask.png,valid/P3-Rabia-S4/23b1f9e0.json,valid,P3-Rabia-S4,P3-Rabia-S4,Tumor,True,True,512,512,L,1.0,Tumor,True,0.014308929443359375,False
valid/P3-Rabia-S4/23b1f9e1.png,valid_masks/P3-Rabia-S4/23b1f9e1_mask.png,valid/P3-Rabia-S4/23b1f9e1.json,valid,P3-Rabia-S4,P3-Rabia-S4,Tumor,True,True,512,512,L,1.0,Tumor,True,0.013751983642578125,False
valid/P3-Rabia-S4/23b1f9e2.png,valid_masks/P3-Rabia-S4/23b1f9e2_mask.png,valid/P3-Rabia-S4/23b1f9e2.json,valid,P3-Rabia-S4,P3-Rabia-S4,Tumor,True,True,512,512,L,1.0,Tumor,True,0.014423370361328125,False
valid/P3-Rabia-S4/23b1f9e3.png,valid_masks/P3-Rabia-S4/23b1f9e3_mask.png,valid/P3-Rabia-S4/23b1f9e3.json,valid,P3-Rabia-S4,P3-Rabia-S4,Tumor,True,True,512,512,L,1.0,Tumor,True,0.012912750244140625,False
valid/P3-Rabia-S4/23b1f9e4.png,valid_masks/P3-Rabia-S4/23b1f9e4_mask.png,valid/P3-Rabia-S4/23b1f9e4.json,valid,P3-Rabia-S4,P3-Rabia-S4,Tumor,True,True,512,512,L,1.0,Tumor,True,0.012676239013671875,False
valid/P3-Rabia-S4/23b1f9e5.png,valid_masks/P3-Rabia-S4/23b1f9e5_mask.png,valid/P3-Rabia-S4/23b1f9e5.json,valid,P3-Rabia-S4,P3-Rabia-S4,Tumor,True,True,512,512,L,1.0,Tumor,True,0.013797760009765625,False
valid/P3-Rabia-S4/23b1f9e6.png,valid_masks/P3-Rabia-S4/23b1f9e6_mask.png,valid/P3-Rabia-S4/23b1f9e6.json,valid,P3-Rabia-S4,P3-Rabia-S4,Tumor,True,True,512,512,L,1.0,Tumor,True,0.01544952392578125,False
valid/P3-Rabia-S4/23b1f9e7.png,valid_masks/P3-Rabia-S4/23b1f9e7_mask.png,valid/P3-Rabia-S4/23b1f9e7.json,valid,P3-Rabia-S4,P3-Rabia-S4,Tumor,True,True,512,512,L,1.0,Tumor,True,0.015316009521484375,False
valid/P3-Rabia-S4/23b1f9fd.png,valid_masks/P3-Rabia-S4/23b1f9fd_mask.png,valid/P3-Rabia-S4/23b1f9fd.json,valid,P3-Rabia-S4,P3-Rabia-S4,Tumor,True,True,512,512,L,1.0,Tumor,True,0.01576995849609375,False
valid/P3-Rabia-S4/23b1f9fe.png,valid_masks/P3-Rabia-S4/23b1f9fe_mask.png,valid/P3-Rabia-S4/23b1f9fe.json,valid,P3-Rabia-S4,P3-Rabia-S4,Tumor,True,True,512,512,L,1.0,Tumor,True,0.015346527099609375,False
valid/P3-Rabia-S4/24e7fe24.png,valid_masks/P3-Rabia-S4/24e7fe24_mask.png,valid/P3-Rabia-S4/24e7fe24.json,valid,P3-Rabia-S4,P3-Rabia-S4,Tumor,True,True,512,512,L,1.0,Tumor,True,0.00135040283203125,False
valid/P3-Rabia-S4/24e7fe3a.png,valid_masks/P3-Rabia-S4/24e7fe3a_mask.png,valid/P3-Rabia-S4/24e7fe3a.json,valid,P3-Rabia-S4,P3-Rabia-S4,Tumor,True,True,512,512,L,1.0,Tumor,True,0.001735687255859375,False
valid/P3-Rabia-S4/24e7fe3b.png,valid_masks/P3-Rabia-S4/24e7fe3b_mask.png,valid/P3-Rabia-S4/24e7fe3b.json,valid,P3-Rabia-S4,P3-Rabia-S4,Tumor,True,True,512,512,L,1.0,Tumor,True,0.002239227294921875,False
valid/P3-Rabia-S4/24e7fe3c.png,valid_masks/P3-Rabia-S4/24e7fe3c_mask.png,valid/P3-Rabia-S4/24e7fe3c.json,valid,P3-Rabia-S4,P3-Rabia-S4,Tumor,True,True,512,512,L,1.0,Tumor,True,0.00215911865234375,False
valid/P3-Rabia-S4/24e7fe3d.png,valid_masks/P3-Rabia-S4/24e7fe3d_mask.png,valid/P3-Rabia-S4/24e7fe3d.json,valid,P3-Rabia-S4,P3-Rabia-S4,Tumor,True,True,512,512,L,1.0,Tumor,True,0.002166748046875,False
valid/P3-Rabia-S4/24e7fe3e.png,valid_masks/P3-Rabia-S4/24e7fe3e_mask.png,valid/P3-Rabia-S4/24e7fe3e.json,valid,P3-Rabia-S4,P3-Rabia-S4,Tumor,True,True,512,512,L,1.0,Tumor,True,0.002056121826171875,False
valid/P3-Rabia-S4/24e7fe3f.png,valid_masks/P3-Rabia-S4/24e7fe3f_mask.png,valid/P3-Rabia-S4/24e7fe3f.json,valid,P3-Rabia-S4,P3-Rabia-S4,Tumor,True,True,512,512,L,1.0,Tumor,True,0.001697540283203125,False
valid/P3-Rabia-S4/24e7fe40.png,valid_masks/P3-Rabia-S4/24e7fe40_mask.png,valid/P3-Rabia-S4/24e7fe40.json,valid,P3-Rabia-S4,P3-Rabia-S4,Tumor,True,True,512,512,L,1.0,Tumor,True,0.0015869140625,False
valid/P3-Rabia-S4/24e7fe41.png,valid_masks/P3-Rabia-S4/24e7fe41_mask.png,valid/P3-Rabia-S4/24e7fe41.json,valid,P3-Rabia-S4,P3-Rabia-S4,Tumor,True,True,512,512,L,1.0,Tumor,True,0.001712799072265625,False
valid/P3-Rabia-S4/24e7fe42.png,valid_masks/P3-Rabia-S4/24e7fe42_mask.png,valid/P3-Rabia-S4/24e7fe42.json,valid,P3-Rabia-S4,P3-Rabia-S4,Tumor,True,True,512,512,L,1.0,Tumor,True,0.001743316650390625,False
valid/P3-Rabia-S4/24e7fe43.png,valid_masks/P3-Rabia-S4/24e7fe43_mask.png,valid/P3-Rabia-S4/24e7fe43.json,valid,P3-Rabia-S4,P3-Rabia-S4,Tumor,True,True,512,512,L,1.0,Tumor,True,0.002162933349609375,False
valid/P3-Rabia-S4/24e7fe59.png,valid_masks/P3-Rabia-S4/24e7fe59_mask.png,valid/P3-Rabia-S4/24e7fe59.json,valid,P3-Rabia-S4,P3-Rabia-S4,Tumor,True,True,512,512,L,1.0,Tumor,True,0.002223968505859375,False
valid/P3-Rabia-S4/24e7fe5a.png,valid_masks/P3-Rabia-S4/24e7fe5a_mask.png,valid/P3-Rabia-S4/24e7fe5a.json,valid,P3-Rabia-S4,P3-Rabia-S4,Tumor,True,True,512,512,L,1.0,Tumor,True,0.00344085693359375,False
valid/P3-Rabia-S4/24e7fe5b.png,valid_masks/P3-Rabia-S4/24e7fe5b_mask.png,valid/P3-Rabia-S4/24e7fe5b.json,valid,P3-Rabia-S4,P3-Rabia-S4,Tumor,True,True,512,512,L,1.0,Tumor,True,0.0033111572265625,False
valid/P3-Rabia-S4/24e7fe5c.png,valid_masks/P3-Rabia-S4/24e7fe5c_mask.png,valid/P3-Rabia-S4/24e7fe5c.json,valid,P3-Rabia-S4,P3-Rabia-S4,Tumor,True,True,512,512,L,1.0,Tumor,True,0.00353240966796875,False
valid/P3-Rabia-S4/24e7fe5d.png,valid_masks/P3-Rabia-S4/24e7fe5d_mask.png,valid/P3-Rabia-S4/24e7fe5d.json,valid,P3-Rabia-S4,P3-Rabia-S4,Tumor,True,True,512,512,L,1.0,Tumor,True,0.004459381103515625,False
valid/P3-Rabia-S4/24e7fe5e.png,valid_masks/P3-Rabia-S4/24e7fe5e_mask.png,valid/P3-Rabia-S4/24e7fe5e.json,valid,P3-Rabia-S4,P3-Rabia-S4,Tumor,True,True,512,512,L,1.0,Tumor,True,0.00421905517578125,False
valid/P3-Rabia-S4/24e7fe5f.png,valid_masks/P3-Rabia-S4/24e7fe5f_mask.png,valid/P3-Rabia-S4/24e7fe5f.json,valid,P3-Rabia-S4,P3-Rabia-S4,Tumor,True,True,512,512,L,1.0,Tumor,True,0.005199432373046875,False
valid/P3-Rabia-S4/24e7fe60.png,valid_masks/P3-Rabia-S4/24e7fe60_mask.png,valid/P3-Rabia-S4/24e7fe60.json,valid,P3-Rabia-S4,P3-Rabia-S4,Tumor,True,True,512,512,L,1.0,Tumor,True,0.003997802734375,False
valid/P3-Rabia-S4/24e7fe61.png,valid_masks/P3-Rabia-S4/24e7fe61_mask.png,valid/P3-Rabia-S4/24e7fe61.json,valid,P3-Rabia-S4,P3-Rabia-S4,Tumor,True,True,512,512,L,1.0,Tumor,True,0.005218505859375,False
valid/P3-Rabia-S4/24e7fe62.png,valid_masks/P3-Rabia-S4/24e7fe62_mask.png,valid/P3-Rabia-S4/24e7fe62.json,valid,P3-Rabia-S4,P3-Rabia-S4,Tumor,True,True,512,512,L,1.0,Tumor,True,0.0055694580078125,False
valid/P3-Rabia-S4/24e7fe78.png,valid_masks/P3-Rabia-S4/24e7fe78_mask.png,valid/P3-Rabia-S4/24e7fe78.json,valid,P3-Rabia-S4,P3-Rabia-S4,Tumor,True,True,512,512,L,1.0,Tumor,True,0.0050506591796875,False
valid/P3-Rabia-S4/24e7fe79.png,valid_masks/P3-Rabia-S4/24e7fe79_mask.png,valid/P3-Rabia-S4/24e7fe79.json,valid,P3-Rabia-S4,P3-Rabia-S4,Tumor,True,True,512,512,L,1.0,Tumor,True,0.0038299560546875,False
valid/P3-Rabia-S4/24e7fe7a.png,valid_masks/P3-Rabia-S4/24e7fe7a_mask.png,valid/P3-Rabia-S4/24e7fe7a.json,valid,P3-Rabia-S4,P3-Rabia-S4,Tumor,True,True,512,512,L,1.0,Tumor,True,0.005451202392578125,False
valid/P3-Rabia-S4/24e7fe7b.png,valid_masks/P3-Rabia-S4/24e7fe7b_mask.png,valid/P3-Rabia-S4/24e7fe7b.json,valid,P3-Rabia-S4,P3-Rabia-S4,Tumor,True,True,512,512,L,1.0,Tumor,True,0.004268646240234375,False
valid/P3-Rabia-S4/24e7fe7c.png,valid_masks/P3-Rabia-S4/24e7fe7c_mask.png,valid/P3-Rabia-S4/24e7fe7c.json,valid,P3-Rabia-S4,P3-Rabia-S4,Tumor,True,True,512,512,L,1.0,Tumor,True,0.004673004150390625,False
valid/P3-Rabia-S4/24e7fe7d.png,valid_masks/P3-Rabia-S4/24e7fe7d_mask.png,valid/P3-Rabia-S4/24e7fe7d.json,valid,P3-Rabia-S4,P3-Rabia-S4,Tumor,True,True,512,512,L,1.0,Tumor,True,0.005214691162109375,False
valid/P3-Rabia-S4/24e7fe7e.png,valid_masks/P3-Rabia-S4/24e7fe7e_mask.png,valid/P3-Rabia-S4/24e7fe7e.json,valid,P3-Rabia-S4,P3-Rabia-S4,Tumor,True,True,512,512,L,1.0,Tumor,True,0.0051727294921875,False
valid/P3-Rabia-S4/24e7fe7f.png,valid_masks/P3-Rabia-S4/24e7fe7f_mask.png,valid/P3-Rabia-S4/24e7fe7f.json,valid,P3-Rabia-S4,P3-Rabia-S4,Tumor,True,True,512,512,L,1.0,Tumor,True,0.005756378173828125,False
valid/P3-Rabia-S4/24e7fe80.png,valid_masks/P3-Rabia-S4/24e7fe80_mask.png,valid/P3-Rabia-S4/24e7fe80.json,valid,P3-Rabia-S4,P3-Rabia-S4,Tumor,True,True,512,512,L,1.0,Tumor,True,0.006351470947265625,False
valid/P3-Rabia-S4/24e7fe81.png,valid_masks/P3-Rabia-S4/24e7fe81_mask.png,valid/P3-Rabia-S4/24e7fe81.json,valid,P3-Rabia-S4,P3-Rabia-S4,Tumor,True,True,512,512,L,1.0,Tumor,True,0.007152557373046875,False
valid/P3-Rabia-S4/24e7fe97.png,valid_masks/P3-Rabia-S4/24e7fe97_mask.png,valid/P3-Rabia-S4/24e7fe97.json,valid,P3-Rabia-S4,P3-Rabia-S4,Tumor,True,True,512,512,L,1.0,Tumor,True,0.00748443603515625,False
valid/P3-Rabia-S4/24e7fe98.png,valid_masks/P3-Rabia-S4/24e7fe98_mask.png,valid/P3-Rabia-S4/24e7fe98.json,valid,P3-Rabia-S4,P3-Rabia-S4,Tumor,True,True,512,512,L,1.0,Tumor,True,0.007549285888671875,False
valid/P3-Rabia-S4/24e7fe99.png,valid_masks/P3-Rabia-S4/24e7fe99_mask.png,valid/P3-Rabia-S4/24e7fe99.json,valid,P3-Rabia-S4,P3-Rabia-S4,Tumor,True,True,512,512,L,1.0,Tumor,True,0.007373809814453125,False
valid/P3-Rabia-S4/24e7fe9a.png,valid_masks/P3-Rabia-S4/24e7fe9a_mask.png,valid/P3-Rabia-S4/24e7fe9a.json,valid,P3-Rabia-S4,P3-Rabia-S4,Tumor,True,True,512,512,L,1.0,Tumor,True,0.007678985595703125,False
valid/P3-Rabia-S4/24e7fe9b.png,valid_masks/P3-Rabia-S4/24e7fe9b_mask.png,valid/P3-Rabia-S4/24e7fe9b.json,valid,P3-Rabia-S4,P3-Rabia-S4,Tumor,True,True,512,512,L,1.0,Tumor,True,0.008087158203125,False
valid/P3-Rabia-S4/24e7fe9c.png,valid_masks/P3-Rabia-S4/24e7fe9c_mask.png,valid/P3-Rabia-S4/24e7fe9c.json,valid,P3-Rabia-S4,P3-Rabia-S4,Tumor,True,True,512,512,L,1.0,Tumor,True,0.008167266845703125,False
valid/P3-Rabia-S4/24e7fe9d.png,valid_masks/P3-Rabia-S4/24e7fe9d_mask.png,valid/P3-Rabia-S4/24e7fe9d.json,valid,P3-Rabia-S4,P3-Rabia-S4,Tumor,True,True,512,512,L,1.0,Tumor,True,0.00984954833984375,False
valid/P3-Rabia-S4/24e7fe9e.png,valid_masks/P3-Rabia-S4/24e7fe9e_mask.png,valid/P3-Rabia-S4/24e7fe9e.json,valid,P3-Rabia-S4,P3-Rabia-S4,Tumor,True,True,512,512,L,1.0,Tumor,True,0.011203765869140625,False
valid/P3-Rabia-S4/24e7fe9f.png,valid_masks/P3-Rabia-S4/24e7fe9f_mask.png,valid/P3-Rabia-S4/24e7fe9f.json,valid,P3-Rabia-S4,P3-Rabia-S4,Tumor,True,True,512,512,L,1.0,Tumor,True,0.011623382568359375,False
valid/P3-Rabia-S4/24e7fea0.png,valid_masks/P3-Rabia-S4/24e7fea0_mask.png,valid/P3-Rabia-S4/24e7fea0.json,valid,P3-Rabia-S4,P3-Rabia-S4,Tumor,True,True,512,512,L,1.0,Tumor,True,0.0121002197265625,False
valid/P3-Rabia-S4/24e7feb6.png,valid_masks/P3-Rabia-S4/24e7feb6_mask.png,valid/P3-Rabia-S4/24e7feb6.json,valid,P3-Rabia-S4,P3-Rabia-S4,Tumor,True,True,512,512,L,1.0,Tumor,True,0.011730194091796875,False
valid/P3-Rabia-S4/24e7feb7.png,valid_masks/P3-Rabia-S4/24e7feb7_mask.png,valid/P3-Rabia-S4/24e7feb7.json,valid,P3-Rabia-S4,P3-Rabia-S4,Tumor,True,True,512,512,L,1.0,Tumor,True,0.012187957763671875,False
valid/P3-Rabia-S4/24e7feb8.png,valid_masks/P3-Rabia-S4/24e7feb8_mask.png,valid/P3-Rabia-S4/24e7feb8.json,valid,P3-Rabia-S4,P3-Rabia-S4,Tumor,True,True,512,512,L,1.0,Tumor,True,0.01297760009765625,False
valid/P3-Rabia-S4/24e7feb9.png,valid_masks/P3-Rabia-S4/24e7feb9_mask.png,valid/P3-Rabia-S4/24e7feb9.json,valid,P3-Rabia-S4,P3-Rabia-S4,Tumor,True,True,512,512,L,1.0,Tumor,True,0.013988494873046875,False
valid/P3-Rabia-S4/24e7feba.png,valid_masks/P3-Rabia-S4/24e7feba_mask.png,valid/P3-Rabia-S4/24e7feba.json,valid,P3-Rabia-S4,P3-Rabia-S4,Tumor,True,True,512,512,L,1.0,Tumor,True,0.0136566162109375,False
valid/P3-Rabia-S4/24e7febb.png,valid_masks/P3-Rabia-S4/24e7febb_mask.png,valid/P3-Rabia-S4/24e7febb.json,valid,P3-Rabia-S4,P3-Rabia-S4,Tumor,True,True,512,512,L,1.0,Tumor,True,0.014133453369140625,False
valid/P3-Rabia-S4/24e7febc.png,valid_masks/P3-Rabia-S4/24e7febc_mask.png,valid/P3-Rabia-S4/24e7febc.json,valid,P3-Rabia-S4,P3-Rabia-S4,Tumor,True,True,512,512,L,1.0,Tumor,True,0.014423370361328125,False
valid/P3-Rabia-S4/24e7febd.png,valid_masks/P3-Rabia-S4/24e7febd_mask.png,valid/P3-Rabia-S4/24e7febd.json,valid,P3-Rabia-S4,P3-Rabia-S4,Tumor,True,True,512,512,L,1.0,Tumor,True,0.01500701904296875,False
valid/P3-Rabia-S4/24e7febe.png,valid_masks/P3-Rabia-S4/24e7febe_mask.png,valid/P3-Rabia-S4/24e7febe.json,valid,P3-Rabia-S4,P3-Rabia-S4,Tumor,True,True,512,512,L,1.0,Tumor,True,0.014995574951171875,False
valid/P3-Rabia-S4/24e7febf.png,valid_masks/P3-Rabia-S4/24e7febf_mask.png,valid/P3-Rabia-S4/24e7febf.json,valid,P3-Rabia-S4,P3-Rabia-S4,Tumor,True,True,512,512,L,1.0,Tumor,True,0.0171356201171875,False
valid/P3-Rabia-S4/24e7fed5.png,valid_masks/P3-Rabia-S4/24e7fed5_mask.png,valid/P3-Rabia-S4/24e7fed5.json,valid,P3-Rabia-S4,P3-Rabia-S4,Tumor,True,True,512,512,L,1.0,Tumor,True,0.017223358154296875,False
valid/P3-Rabia-S4/24e7fed6.png,valid_masks/P3-Rabia-S4/24e7fed6_mask.png,valid/P3-Rabia-S4/24e7fed6.json,valid,P3-Rabia-S4,P3-Rabia-S4,Tumor,True,True,512,512,L,1.0,Tumor,True,0.016204833984375,False
valid/P3-Rabia-S4/24e7fed7.png,valid_masks/P3-Rabia-S4/24e7fed7_mask.png,valid/P3-Rabia-S4/24e7fed7.json,valid,P3-Rabia-S4,P3-Rabia-S4,Tumor,True,True,512,512,L,1.0,Tumor,True,0.015102386474609375,False
valid/P3-Rabia-S4/24e7fed8.png,valid_masks/P3-Rabia-S4/24e7fed8_mask.png,valid/P3-Rabia-S4/24e7fed8.json,valid,P3-Rabia-S4,P3-Rabia-S4,Tumor,True,True,512,512,L,1.0,Tumor,True,0.014301300048828125,False
valid/P3-Rabia-S4/24e7fed9.png,valid_masks/P3-Rabia-S4/24e7fed9_mask.png,valid/P3-Rabia-S4/24e7fed9.json,valid,P3-Rabia-S4,P3-Rabia-S4,Tumor,True,True,512,512,L,1.0,Tumor,True,0.01605987548828125,False
valid/P3-Rabia-S4/24e7feda.png,valid_masks/P3-Rabia-S4/24e7feda_mask.png,valid/P3-Rabia-S4/24e7feda.json,valid,P3-Rabia-S4,P3-Rabia-S4,Tumor,True,True,512,512,L,1.0,Tumor,True,0.013584136962890625,False
valid/P3-Rabia-S4/24e7fedb.png,valid_masks/P3-Rabia-S4/24e7fedb_mask.png,valid/P3-Rabia-S4/24e7fedb.json,valid,P3-Rabia-S4,P3-Rabia-S4,Tumor,True,True,512,512,L,1.0,Tumor,True,0.01354217529296875,False
valid/P3-Rabia-S4/24e7fedc.png,valid_masks/P3-Rabia-S4/24e7fedc_mask.png,valid/P3-Rabia-S4/24e7fedc.json,valid,P3-Rabia-S4,P3-Rabia-S4,Tumor,True,True,512,512,L,1.0,Tumor,True,0.01526641845703125,False
valid/P3-Rabia-S4/24e7fedd.png,valid_masks/P3-Rabia-S4/24e7fedd_mask.png,valid/P3-Rabia-S4/24e7fedd.json,valid,P3-Rabia-S4,P3-Rabia-S4,Tumor,True,True,512,512,L,1.0,Tumor,True,0.014324188232421875,False
valid/P3-Rabia-S4/24e7fede.png,valid_masks/P3-Rabia-S4/24e7fede_mask.png,valid/P3-Rabia-S4/24e7fede.json,valid,P3-Rabia-S4,P3-Rabia-S4,Tumor,True,True,512,512,L,1.0,Tumor,True,0.01500701904296875,False
valid/P3-Rabia-S4/24e7fef4.png,valid_masks/P3-Rabia-S4/24e7fef4_mask.png,valid/P3-Rabia-S4/24e7fef4.json,valid,P3-Rabia-S4,P3-Rabia-S4,Tumor,True,True,512,512,L,1.0,Tumor,True,0.01537322998046875,False
valid/P3-Rabia-S4/24e7fef5.png,valid_masks/P3-Rabia-S4/24e7fef5_mask.png,valid/P3-Rabia-S4/24e7fef5.json,valid,P3-Rabia-S4,P3-Rabia-S4,Tumor,True,True,512,512,L,1.0,Tumor,True,0.014965057373046875,False
valid/P3-Rabia-S4/24e7fef6.png,valid_masks/P3-Rabia-S4/24e7fef6_mask.png,valid/P3-Rabia-S4/24e7fef6.json,valid,P3-Rabia-S4,P3-Rabia-S4,Tumor,True,True,512,512,L,1.0,Tumor,True,0.012783050537109375,False
valid/P3-Rabia-S4/24e7fef7.png,valid_masks/P3-Rabia-S4/24e7fef7_mask.png,valid/P3-Rabia-S4/24e7fef7.json,valid,P3-Rabia-S4,P3-Rabia-S4,Tumor,True,True,512,512,L,1.0,Tumor,True,0.01397705078125,False
valid/P3-Rabia-S4/24e7fef8.png,valid_masks/P3-Rabia-S4/24e7fef8_mask.png,valid/P3-Rabia-S4/24e7fef8.json,valid,P3-Rabia-S4,P3-Rabia-S4,Tumor,True,True,512,512,L,1.0,Tumor,True,0.015045166015625,False
valid/P3-Rabia-S4/24e7fef9.png,valid_masks/P3-Rabia-S4/24e7fef9_mask.png,valid/P3-Rabia-S4/24e7fef9.json,valid,P3-Rabia-S4,P3-Rabia-S4,Tumor,True,True,512,512,L,1.0,Tumor,True,0.015651702880859375,False
valid/P3-Rabia-S4/24e7fefa.png,valid_masks/P3-Rabia-S4/24e7fefa_mask.png,valid/P3-Rabia-S4/24e7fefa.json,valid,P3-Rabia-S4,P3-Rabia-S4,Tumor,True,True,512,512,L,1.0,Tumor,True,0.015323638916015625,False
valid/P3-Rabia-S4/24e7fefb.png,valid_masks/P3-Rabia-S4/24e7fefb_mask.png,valid/P3-Rabia-S4/24e7fefb.json,valid,P3-Rabia-S4,P3-Rabia-S4,Tumor,True,True,512,512,L,1.0,Tumor,True,0.016693115234375,False
valid/P3-Rabia-S4/24e7fefc.png,valid_masks/P3-Rabia-S4/24e7fefc_mask.png,valid/P3-Rabia-S4/24e7fefc.json,valid,P3-Rabia-S4,P3-Rabia-S4,Tumor,True,True,512,512,L,1.0,Tumor,True,0.01692962646484375,False
valid/P3-Rabia-S4/24e7fefd.png,valid_masks/P3-Rabia-S4/24e7fefd_mask.png,valid/P3-Rabia-S4/24e7fefd.json,valid,P3-Rabia-S4,P3-Rabia-S4,Tumor,True,True,512,512,L,1.0,Tumor,True,0.01587677001953125,False
valid/P3-Rabia-S4/24e7ff13.png,valid_masks/P3-Rabia-S4/24e7ff13_mask.png,valid/P3-Rabia-S4/24e7ff13.json,valid,P3-Rabia-S4,P3-Rabia-S4,Tumor,True,True,512,512,L,1.0,Tumor,True,0.01560211181640625,False
valid/P3-Rabia-S4/24e7ff14.png,valid_masks/P3-Rabia-S4/24e7ff14_mask.png,valid/P3-Rabia-S4/24e7ff14.json,valid,P3-Rabia-S4,P3-Rabia-S4,Tumor,True,True,512,512,L,1.0,Tumor,True,0.01612091064453125,False
valid/P3-Rabia-S4/24e7ff15.png,valid_masks/P3-Rabia-S4/24e7ff15_mask.png,valid/P3-Rabia-S4/24e7ff15.json,valid,P3-Rabia-S4,P3-Rabia-S4,Tumor,True,True,512,512,L,1.0,Tumor,True,0.0150604248046875,False
valid/P3-Rabia-S4/24e7ff16.png,valid_masks/P3-Rabia-S4/24e7ff16_mask.png,valid/P3-Rabia-S4/24e7ff16.json,valid,P3-Rabia-S4,P3-Rabia-S4,Tumor,True,True,512,512,L,1.0,Tumor,True,0.015964508056640625,False
valid/P3-Rabia-S4/24e7ff17.png,valid_masks/P3-Rabia-S4/24e7ff17_mask.png,valid/P3-Rabia-S4/24e7ff17.json,valid,P3-Rabia-S4,P3-Rabia-S4,Tumor,True,True,512,512,L,1.0,Tumor,True,0.01659393310546875,False
valid/P3-Rabia-S4/24e7ff18.png,valid_masks/P3-Rabia-S4/24e7ff18_mask.png,valid/P3-Rabia-S4/24e7ff18.json,valid,P3-Rabia-S4,P3-Rabia-S4,Tumor,True,True,512,512,L,1.0,Tumor,True,0.015583038330078125,False
valid/P3-Rabia-S4/24e7ff19.png,valid_masks/P3-Rabia-S4/24e7ff19_mask.png,valid/P3-Rabia-S4/24e7ff19.json,valid,P3-Rabia-S4,P3-Rabia-S4,Tumor,True,True,512,512,L,1.0,Tumor,True,0.013881683349609375,False
valid/P3-Rabia-S4/24e7ff1a.png,valid_masks/P3-Rabia-S4/24e7ff1a_mask.png,valid/P3-Rabia-S4/24e7ff1a.json,valid,P3-Rabia-S4,P3-Rabia-S4,Tumor,True,True,512,512,L,1.0,Tumor,True,0.01385498046875,False
valid/P3-Rabia-S4/24e7ff1b.png,valid_masks/P3-Rabia-S4/24e7ff1b_mask.png,valid/P3-Rabia-S4/24e7ff1b.json,valid,P3-Rabia-S4,P3-Rabia-S4,Tumor,True,True,512,512,L,1.0,Tumor,True,0.013721466064453125,False
valid/P3-Rabia-S4/24e7ff1c.png,valid_masks/P3-Rabia-S4/24e7ff1c_mask.png,valid/P3-Rabia-S4/24e7ff1c.json,valid,P3-Rabia-S4,P3-Rabia-S4,Tumor,True,True,512,512,L,1.0,Tumor,True,0.013721466064453125,False
valid/P3-Rabia-S4/24e7ff32.png,valid_masks/P3-Rabia-S4/24e7ff32_mask.png,valid/P3-Rabia-S4/24e7ff32.json,valid,P3-Rabia-S4,P3-Rabia-S4,Tumor,True,True,512,512,L,1.0,Tumor,True,0.012767791748046875,False
valid/P3-Rabia-S4/2883e1ef.png,valid_masks/P3-Rabia-S4/2883e1ef_mask.png,valid/P3-Rabia-S4/2883e1ef.json,valid,P3-Rabia-S4,P3-Rabia-S4,Tumor,True,True,512,512,L,1.0,Tumor,True,0.002376556396484375,False
valid/P3-Rabia-S4/2883e1f0.png,valid_masks/P3-Rabia-S4/2883e1f0_mask.png,valid/P3-Rabia-S4/2883e1f0.json,valid,P3-Rabia-S4,P3-Rabia-S4,Tumor,True,True,512,512,L,1.0,Tumor,True,0.00345611572265625,False
valid/P3-Rabia-S4/2883e1f1.png,valid_masks/P3-Rabia-S4/2883e1f1_mask.png,valid/P3-Rabia-S4/2883e1f1.json,valid,P3-Rabia-S4,P3-Rabia-S4,Tumor,True,True,512,512,L,1.0,Tumor,True,0.004749298095703125,False
valid/P3-Rabia-S4/2883e207.png,valid_masks/P3-Rabia-S4/2883e207_mask.png,valid/P3-Rabia-S4/2883e207.json,valid,P3-Rabia-S4,P3-Rabia-S4,Tumor,True,True,512,512,L,1.0,Tumor,True,0.007099151611328125,False
valid/P3-Rabia-S4/2883e208.png,valid_masks/P3-Rabia-S4/2883e208_mask.png,valid/P3-Rabia-S4/2883e208.json,valid,P3-Rabia-S4,P3-Rabia-S4,Tumor,True,True,512,512,L,1.0,Tumor,True,0.008228302001953125,False
valid/P3-Rabia-S4/2883e209.png,valid_masks/P3-Rabia-S4/2883e209_mask.png,valid/P3-Rabia-S4/2883e209.json,valid,P3-Rabia-S4,P3-Rabia-S4,Tumor,True,True,512,512,L,1.0,Tumor,True,0.01064300537109375,False
valid/P3-Rabia-S4/2883e20a.png,valid_masks/P3-Rabia-S4/2883e20a_mask.png,valid/P3-Rabia-S4/2883e20a.json,valid,P3-Rabia-S4,P3-Rabia-S4,Tumor,True,True,512,512,L,1.0,Tumor,True,0.014194488525390625,False
valid/P3-Rabia-S4/2883e20b.png,valid_masks/P3-Rabia-S4/2883e20b_mask.png,valid/P3-Rabia-S4/2883e20b.json,valid,P3-Rabia-S4,P3-Rabia-S4,Tumor,True,True,512,512,L,1.0,Tumor,True,0.015483856201171875,False
valid/P3-Rabia-S4/2883e20c.png,valid_masks/P3-Rabia-S4/2883e20c_mask.png,valid/P3-Rabia-S4/2883e20c.json,valid,P3-Rabia-S4,P3-Rabia-S4,Tumor,True,True,512,512,L,1.0,Tumor,True,0.010784149169921875,False
valid/P3-Rabia-S4/2883e20d.png,valid_masks/P3-Rabia-S4/2883e20d_mask.png,valid/P3-Rabia-S4/2883e20d.json,valid,P3-Rabia-S4,P3-Rabia-S4,Tumor,True,True,512,512,L,1.0,Tumor,True,0.013362884521484375,False
valid/P3-Rabia-S4/2883e20e.png,valid_masks/P3-Rabia-S4/2883e20e_mask.png,valid/P3-Rabia-S4/2883e20e.json,valid,P3-Rabia-S4,P3-Rabia-S4,Tumor,True,True,512,512,L,1.0,Tumor,True,0.01451873779296875,False
valid/P3-Rabia-S4/2a0d8b4c.png,valid_masks/P3-Rabia-S4/2a0d8b4c_mask.png,valid/P3-Rabia-S4/2a0d8b4c.json,valid,P3-Rabia-S4,P3-Rabia-S4,Tumor,True,True,512,512,L,1.0,Tumor,True,0.002689361572265625,False
valid/P3-Rabia-S4/2a0d8b4d.png,valid_masks/P3-Rabia-S4/2a0d8b4d_mask.png,valid/P3-Rabia-S4/2a0d8b4d.json,valid,P3-Rabia-S4,P3-Rabia-S4,Tumor,True,True,512,512,L,1.0,Tumor,True,0.00146484375,False
valid/P3-Rabia-S4/2a0d8b4e.png,valid_masks/P3-Rabia-S4/2a0d8b4e_mask.png,valid/P3-Rabia-S4/2a0d8b4e.json,valid,P3-Rabia-S4,P3-Rabia-S4,Tumor,True,True,512,512,L,1.0,Tumor,True,0.0015106201171875,False
valid/P3-Rabia-S4/2a0d8b4f.png,valid_masks/P3-Rabia-S4/2a0d8b4f_mask.png,valid/P3-Rabia-S4/2a0d8b4f.json,valid,P3-Rabia-S4,P3-Rabia-S4,Tumor,True,True,512,512,L,1.0,Tumor,True,0.00388336181640625,False
valid/P3-Rabia-S4/2a0d8b65.png,valid_masks/P3-Rabia-S4/2a0d8b65_mask.png,valid/P3-Rabia-S4/2a0d8b65.json,valid,P3-Rabia-S4,P3-Rabia-S4,Tumor,True,True,512,512,L,1.0,Tumor,True,0.006439208984375,False
valid/P3-Rabia-S4/2a0d8b66.png,valid_masks/P3-Rabia-S4/2a0d8b66_mask.png,valid/P3-Rabia-S4/2a0d8b66.json,valid,P3-Rabia-S4,P3-Rabia-S4,Tumor,True,True,512,512,L,1.0,Tumor,True,0.007190704345703125,False
valid/P3-Rabia-S4/2a0d8b67.png,valid_masks/P3-Rabia-S4/2a0d8b67_mask.png,valid/P3-Rabia-S4/2a0d8b67.json,valid,P3-Rabia-S4,P3-Rabia-S4,Tumor,True,True,512,512,L,1.0,Tumor,True,0.01055908203125,False
valid/P3-Rabia-S4/2a0d8b68.png,valid_masks/P3-Rabia-S4/2a0d8b68_mask.png,valid/P3-Rabia-S4/2a0d8b68.json,valid,P3-Rabia-S4,P3-Rabia-S4,Tumor,True,True,512,512,L,1.0,Tumor,True,0.01384735107421875,False
valid/P3-Rabia-S4/2a0d8b69.png,valid_masks/P3-Rabia-S4/2a0d8b69_mask.png,valid/P3-Rabia-S4/2a0d8b69.json,valid,P3-Rabia-S4,P3-Rabia-S4,Tumor,True,True,512,512,L,1.0,Tumor,True,0.01432037353515625,False
valid/P3-Rabia-S4/2a0d8b6a.png,valid_masks/P3-Rabia-S4/2a0d8b6a_mask.png,valid/P3-Rabia-S4/2a0d8b6a.json,valid,P3-Rabia-S4,P3-Rabia-S4,Tumor,True,True,512,512,L,1.0,Tumor,True,0.01029205322265625,False
valid/P3-Rabia-S4/2a0d8b6b.png,valid_masks/P3-Rabia-S4/2a0d8b6b_mask.png,valid/P3-Rabia-S4/2a0d8b6b.json,valid,P3-Rabia-S4,P3-Rabia-S4,Tumor,True,True,512,512,L,1.0,Tumor,True,0.011363983154296875,False
valid/P3-Rabia-S4/2a0d8b6c.png,valid_masks/P3-Rabia-S4/2a0d8b6c_mask.png,valid/P3-Rabia-S4/2a0d8b6c.json,valid,P3-Rabia-S4,P3-Rabia-S4,Tumor,True,True,512,512,L,1.0,Tumor,True,0.011333465576171875,False
valid/P3-Rabia-S4/30f7a2a8.png,valid_masks/P3-Rabia-S4/30f7a2a8_mask.png,valid/P3-Rabia-S4/30f7a2a8.json,valid,P3-Rabia-S4,P3-Rabia-S4,Tumor,True,True,512,512,L,1.0,Tumor,True,0.006195068359375,False
valid/P3-Rabia-S4/607f06d7.png,valid_masks/P3-Rabia-S4/607f06d7_mask.png,valid/P3-Rabia-S4/607f06d7.json,valid,P3-Rabia-S4,P3-Rabia-S4,Tumor,True,True,512,512,L,1.0,Tumor,True,0.06769180297851562,False
valid/P3-Rabia-S4/607f06d8.png,valid_masks/P3-Rabia-S4/607f06d8_mask.png,valid/P3-Rabia-S4/607f06d8.json,valid,P3-Rabia-S4,P3-Rabia-S4,Tumor,True,True,512,512,L,1.0,Tumor,True,0.03165435791015625,False
valid/P3-Rabia-S4/e7ce1547.png,valid_masks/P3-Rabia-S4/e7ce1547_mask.png,valid/P3-Rabia-S4/e7ce1547.json,valid,P3-Rabia-S4,P3-Rabia-S4,Tumor,True,True,512,512,L,1.0,Tumor,True,0.01141357421875,False
valid/P3-Rabia-S4/e7ce1548.png,valid_masks/P3-Rabia-S4/e7ce1548_mask.png,valid/P3-Rabia-S4/e7ce1548.json,valid,P3-Rabia-S4,P3-Rabia-S4,Tumor,True,True,512,512,L,1.0,Tumor,True,0.011302947998046875,False
valid/P3-Rabia-S4/e7ce1549.png,valid_masks/P3-Rabia-S4/e7ce1549_mask.png,valid/P3-Rabia-S4/e7ce1549.json,valid,P3-Rabia-S4,P3-Rabia-S4,Tumor,True,True,512,512,L,1.0,Tumor,True,0.011142730712890625,False
valid/P3-Rabia-S4/e7ce154a.png,valid_masks/P3-Rabia-S4/e7ce154a_mask.png,valid/P3-Rabia-S4/e7ce154a.json,valid,P3-Rabia-S4,P3-Rabia-S4,Tumor,True,True,512,512,L,1.0,Tumor,True,0.01116943359375,False
valid/P3-Rabia-S4/e7ce1560.png,valid_masks/P3-Rabia-S4/e7ce1560_mask.png,valid/P3-Rabia-S4/e7ce1560.json,valid,P3-Rabia-S4,P3-Rabia-S4,Tumor,True,True,512,512,L,1.0,Tumor,True,0.011745452880859375,False
valid/P3-Rabia-S4/e7ce1561.png,valid_masks/P3-Rabia-S4/e7ce1561_mask.png,valid/P3-Rabia-S4/e7ce1561.json,valid,P3-Rabia-S4,P3-Rabia-S4,Tumor,True,True,512,512,L,1.0,Tumor,True,0.012481689453125,False
valid/P3-Rabia-S4/e7ce1562.png,valid_masks/P3-Rabia-S4/e7ce1562_mask.png,valid/P3-Rabia-S4/e7ce1562.json,valid,P3-Rabia-S4,P3-Rabia-S4,Tumor,True,True,512,512,L,1.0,Tumor,True,0.01319122314453125,False
valid/P3-Rabia-S4/e7ce1563.png,valid_masks/P3-Rabia-S4/e7ce1563_mask.png,valid/P3-Rabia-S4/e7ce1563.json,valid,P3-Rabia-S4,P3-Rabia-S4,Tumor,True,True,512,512,L,1.0,Tumor,True,0.013675689697265625,False
valid/P3-Rabia-S4/e7ce1564.png,valid_masks/P3-Rabia-S4/e7ce1564_mask.png,valid/P3-Rabia-S4/e7ce1564.json,valid,P3-Rabia-S4,P3-Rabia-S4,Tumor,True,True,512,512,L,1.0,Tumor,True,0.013767242431640625,False
valid/P3-Rabia-S4/e7ce1565.png,valid_masks/P3-Rabia-S4/e7ce1565_mask.png,valid/P3-Rabia-S4/e7ce1565.json,valid,P3-Rabia-S4,P3-Rabia-S4,Tumor,True,True,512,512,L,1.0,Tumor,True,0.0147552490234375,False
valid/P3-Rabia-S4/e7ce1566.png,valid_masks/P3-Rabia-S4/e7ce1566_mask.png,valid/P3-Rabia-S4/e7ce1566.json,valid,P3-Rabia-S4,P3-Rabia-S4,Tumor,True,True,512,512,L,1.0,Tumor,True,0.014728546142578125,False
valid/P3-Rabia-S4/e7ce1567.png,valid_masks/P3-Rabia-S4/e7ce1567_mask.png,valid/P3-Rabia-S4/e7ce1567.json,valid,P3-Rabia-S4,P3-Rabia-S4,Tumor,True,True,512,512,L,1.0,Tumor,True,0.0144195556640625,False
valid/P3-Rabia-S4/e7ce1568.png,valid_masks/P3-Rabia-S4/e7ce1568_mask.png,valid/P3-Rabia-S4/e7ce1568.json,valid,P3-Rabia-S4,P3-Rabia-S4,Tumor,True,True,512,512,L,1.0,Tumor,True,0.014984130859375,False
valid/P3-Rabia-S4/e7ce1569.png,valid_masks/P3-Rabia-S4/e7ce1569_mask.png,valid/P3-Rabia-S4/e7ce1569.json,valid,P3-Rabia-S4,P3-Rabia-S4,Tumor,True,True,512,512,L,1.0,Tumor,True,0.014316558837890625,False
valid/P3-Rabia-S4/e7ce157f.png,valid_masks/P3-Rabia-S4/e7ce157f_mask.png,valid/P3-Rabia-S4/e7ce157f.json,valid,P3-Rabia-S4,P3-Rabia-S4,Tumor,True,True,512,512,L,1.0,Tumor,True,0.0157470703125,False
valid/P3-Rabia-S4/e7ce1580.png,valid_masks/P3-Rabia-S4/e7ce1580_mask.png,valid/P3-Rabia-S4/e7ce1580.json,valid,P3-Rabia-S4,P3-Rabia-S4,Tumor,True,True,512,512,L,1.0,Tumor,True,0.010715484619140625,False
valid/P3-Rabia-S4/e7ce1581.png,valid_masks/P3-Rabia-S4/e7ce1581_mask.png,valid/P3-Rabia-S4/e7ce1581.json,valid,P3-Rabia-S4,P3-Rabia-S4,Tumor,True,True,512,512,L,1.0,Tumor,True,0.009479522705078125,False
valid/P3-Rabia-S4/e7ce1582.png,valid_masks/P3-Rabia-S4/e7ce1582_mask.png,valid/P3-Rabia-S4/e7ce1582.json,valid,P3-Rabia-S4,P3-Rabia-S4,Tumor,True,True,512,512,L,1.0,Tumor,True,0.01062774658203125,False
valid/P3-Rabia-S4/e7ce1583.png,valid_masks/P3-Rabia-S4/e7ce1583_mask.png,valid/P3-Rabia-S4/e7ce1583.json,valid,P3-Rabia-S4,P3-Rabia-S4,Tumor,True,True,512,512,L,1.0,Tumor,True,0.01020050048828125,False
valid/P3-Rabia-S4/e7ce1584.png,valid_masks/P3-Rabia-S4/e7ce1584_mask.png,valid/P3-Rabia-S4/e7ce1584.json,valid,P3-Rabia-S4,P3-Rabia-S4,Tumor,True,True,512,512,L,1.0,Tumor,True,0.01288604736328125,False
valid/P3-Rabia-S4/e7ce1585.png,valid_masks/P3-Rabia-S4/e7ce1585_mask.png,valid/P3-Rabia-S4/e7ce1585.json,valid,P3-Rabia-S4,P3-Rabia-S4,Tumor,True,True,512,512,L,1.0,Tumor,True,0.012363433837890625,False
valid/P3-Rabia-S4/e7ce1586.png,valid_masks/P3-Rabia-S4/e7ce1586_mask.png,valid/P3-Rabia-S4/e7ce1586.json,valid,P3-Rabia-S4,P3-Rabia-S4,Tumor,True,True,512,512,L,1.0,Tumor,True,0.012897491455078125,False
valid/P3-Rabia-S4/e7ce1587.png,valid_masks/P3-Rabia-S4/e7ce1587_mask.png,valid/P3-Rabia-S4/e7ce1587.json,valid,P3-Rabia-S4,P3-Rabia-S4,Tumor,True,True,512,512,L,1.0,Tumor,True,0.014118194580078125,False
valid/P3-Rabia-S4/e7ce1588.png,valid_masks/P3-Rabia-S4/e7ce1588_mask.png,valid/P3-Rabia-S4/e7ce1588.json,valid,P3-Rabia-S4,P3-Rabia-S4,Tumor,True,True,512,512,L,1.0,Tumor,True,0.01111602783203125,False
valid/P3-Rabia-S4/e7ce159e.png,valid_masks/P3-Rabia-S4/e7ce159e_mask.png,valid/P3-Rabia-S4/e7ce159e.json,valid,P3-Rabia-S4,P3-Rabia-S4,Tumor,True,True,512,512,L,1.0,Tumor,True,0.009510040283203125,False
valid/P3-Rabia-S4/e7ce159f.png,valid_masks/P3-Rabia-S4/e7ce159f_mask.png,valid/P3-Rabia-S4/e7ce159f.json,valid,P3-Rabia-S4,P3-Rabia-S4,Tumor,True,True,512,512,L,1.0,Tumor,True,0.00942230224609375,False
valid/P3-Rabia-S4/e7ce15a0.png,valid_masks/P3-Rabia-S4/e7ce15a0_mask.png,valid/P3-Rabia-S4/e7ce15a0.json,valid,P3-Rabia-S4,P3-Rabia-S4,Tumor,True,True,512,512,L,1.0,Tumor,True,0.00975799560546875,False
valid/P3-Rabia-S4/e7ce15a1.png,valid_masks/P3-Rabia-S4/e7ce15a1_mask.png,valid/P3-Rabia-S4/e7ce15a1.json,valid,P3-Rabia-S4,P3-Rabia-S4,Tumor,True,True,512,512,L,1.0,Tumor,True,0.00921630859375,False
valid/P3-Rabia-S4/e7ce15a2.png,valid_masks/P3-Rabia-S4/e7ce15a2_mask.png,valid/P3-Rabia-S4/e7ce15a2.json,valid,P3-Rabia-S4,P3-Rabia-S4,Tumor,True,True,512,512,L,1.0,Tumor,True,0.009334564208984375,False
valid/P3-Rabia-S4/e7ce15a3.png,valid_masks/P3-Rabia-S4/e7ce15a3_mask.png,valid/P3-Rabia-S4/e7ce15a3.json,valid,P3-Rabia-S4,P3-Rabia-S4,Tumor,True,True,512,512,L,1.0,Tumor,True,0.010364532470703125,False
valid/P3-Rabia-S4/e7ce15a4.png,valid_masks/P3-Rabia-S4/e7ce15a4_mask.png,valid/P3-Rabia-S4/e7ce15a4.json,valid,P3-Rabia-S4,P3-Rabia-S4,Tumor,True,True,512,512,L,1.0,Tumor,True,0.0111541748046875,False
valid/P3-Rabia-S4/e7ce15a5.png,valid_masks/P3-Rabia-S4/e7ce15a5_mask.png,valid/P3-Rabia-S4/e7ce15a5.json,valid,P3-Rabia-S4,P3-Rabia-S4,Tumor,True,True,512,512,L,1.0,Tumor,True,0.01172637939453125,False
valid/P3-Rabia-S4/e7ce15a6.png,valid_masks/P3-Rabia-S4/e7ce15a6_mask.png,valid/P3-Rabia-S4/e7ce15a6.json,valid,P3-Rabia-S4,P3-Rabia-S4,Tumor,True,True,512,512,L,1.0,Tumor,True,0.011474609375,False
valid/P3-Rabia-S4/e7ce15a7.png,valid_masks/P3-Rabia-S4/e7ce15a7_mask.png,valid/P3-Rabia-S4/e7ce15a7.json,valid,P3-Rabia-S4,P3-Rabia-S4,Tumor,True,True,512,512,L,1.0,Tumor,True,0.01114654541015625,False
valid/P3-Rabia-S4/edfcb190.png,valid_masks/P3-Rabia-S4/edfcb190_mask.png,valid/P3-Rabia-S4/edfcb190.json,valid,P3-Rabia-S4,P3-Rabia-S4,Tumor,True,True,512,512,L,1.0,Tumor,True,0.01059722900390625,False
valid/P3-Rabia-S4/edfcb191.png,valid_masks/P3-Rabia-S4/edfcb191_mask.png,valid/P3-Rabia-S4/edfcb191.json,valid,P3-Rabia-S4,P3-Rabia-S4,Tumor,True,True,512,512,L,1.0,Tumor,True,0.014385223388671875,False
valid/Tumors/Tumor-1-_jpg.rf.8c8a792e5958ba109f1472e097a5ab5a.png,valid_masks/Tumors/Tumor-1-_jpg.rf.8c8a792e5958ba109f1472e097a5ab5a_mask.png,valid/Tumors/Tumor-1-_jpg.rf.8c8a792e5958ba109f1472e097a5ab5a.json,valid,Tumors,Tumors,Tumor,True,True,512,512,RGB,1.0,Tumor,True,0.008358001708984375,False
valid/Tumors/Tumor-10-_jpg.rf.b11b53347d9ec73f68ad51f1281b866c.png,valid_masks/Tumors/Tumor-10-_jpg.rf.b11b53347d9ec73f68ad51f1281b866c_mask.png,valid/Tumors/Tumor-10-_jpg.rf.b11b53347d9ec73f68ad51f1281b866c.json,valid,Tumors,Tumors,Tumor,True,True,512,512,RGB,1.0,Tumor,True,0.01617431640625,False
valid/Tumors/Tumor-100-_jpg.rf.b34b34ffe99b20b2b6709ae64c50ce6a.png,valid_masks/Tumors/Tumor-100-_jpg.rf.b34b34ffe99b20b2b6709ae64c50ce6a_mask.png,valid/Tumors/Tumor-100-_jpg.rf.b34b34ffe99b20b2b6709ae64c50ce6a.json,valid,Tumors,Tumors,Tumor,True,True,512,512,RGB,2.0,Tumor,True,0.058689117431640625,False
valid/Tumors/Tumor-101-_jpg.rf.9f385e9b3797f35459e53fd208a375a6.png,valid_masks/Tumors/Tumor-101-_jpg.rf.9f385e9b3797f35459e53fd208a375a6_mask.png,valid/Tumors/Tumor-101-_jpg.rf.9f385e9b3797f35459e53fd208a375a6.json,valid,Tumors,Tumors,Tumor,True,True,512,512,RGB,2.0,Tumor,True,0.06009674072265625,False
valid/Tumors/Tumor-102-_jpg.rf.5f625e2091ba3dee4c86a68394f238d0.png,valid_masks/Tumors/Tumor-102-_jpg.rf.5f625e2091ba3dee4c86a68394f238d0_mask.png,valid/Tumors/Tumor-102-_jpg.rf.5f625e2091ba3dee4c86a68394f238d0.json,valid,Tumors,Tumors,Tumor,True,True,512,512,RGB,2.0,Tumor,True,0.07365798950195312,False
valid/Tumors/Tumor-103-_jpg.rf.8a5a27d2fa43416c020d1870b4f11abd.png,valid_masks/Tumors/Tumor-103-_jpg.rf.8a5a27d2fa43416c020d1870b4f11abd_mask.png,valid/Tumors/Tumor-103-_jpg.rf.8a5a27d2fa43416c020d1870b4f11abd.json,valid,Tumors,Tumors,Tumor,True,True,512,512,RGB,2.0,Tumor,True,0.07773208618164062,False
valid/Tumors/Tumor-104-_jpg.rf.9bb6143439fc0224838dbc90f70d4ec3.png,valid_masks/Tumors/Tumor-104-_jpg.rf.9bb6143439fc0224838dbc90f70d4ec3_mask.png,valid/Tumors/Tumor-104-_jpg.rf.9bb6143439fc0224838dbc90f70d4ec3.json,valid,Tumors,Tumors,Tumor,True,True,512,512,RGB,2.0,Tumor,True,0.07966232299804688,False
valid/Tumors/Tumor-105-_jpg.rf.8eb82a688f14e12be851555f8c1233d3.png,valid_masks/Tumors/Tumor-105-_jpg.rf.8eb82a688f14e12be851555f8c1233d3_mask.png,valid/Tumors/Tumor-105-_jpg.rf.8eb82a688f14e12be851555f8c1233d3.json,valid,Tumors,Tumors,Tumor,True,True,512,512,RGB,2.0,Tumor,True,0.0820770263671875,False
valid/Tumors/Tumor-106-_jpg.rf.ed0f94a15e23f90cd19b12229b5bb9a4.png,valid_masks/Tumors/Tumor-106-_jpg.rf.ed0f94a15e23f90cd19b12229b5bb9a4_mask.png,valid/Tumors/Tumor-106-_jpg.rf.ed0f94a15e23f90cd19b12229b5bb9a4.json,valid,Tumors,Tumors,Tumor,True,True,512,512,RGB,1.0,Tumor,True,0.07217788696289062,False
valid/Tumors/Tumor-107-_jpg.rf.77d9d782fa2f0ad650a12dc83cf7aef0.png,valid_masks/Tumors/Tumor-107-_jpg.rf.77d9d782fa2f0ad650a12dc83cf7aef0_mask.png,valid/Tumors/Tumor-107-_jpg.rf.77d9d782fa2f0ad650a12dc83cf7aef0.json,valid,Tumors,Tumors,Tumor,True,True,512,512,RGB,1.0,Tumor,True,0.07433319091796875,False
valid/Tumors/Tumor-108-_jpg.rf.31639950ddda47d37ef0c814dab5b094.png,valid_masks/Tumors/Tumor-108-_jpg.rf.31639950ddda47d37ef0c814dab5b094_mask.png,valid/Tumors/Tumor-108-_jpg.rf.31639950ddda47d37ef0c814dab5b094.json,valid,Tumors,Tumors,Tumor,True,True,512,512,RGB,1.0,Tumor,True,0.07075119018554688,False
valid/Tumors/Tumor-109-_jpg.rf.6008d5495610151a045ff9e3e886c489.png,valid_masks/Tumors/Tumor-109-_jpg.rf.6008d5495610151a045ff9e3e886c489_mask.png,valid/Tumors/Tumor-109-_jpg.rf.6008d5495610151a045ff9e3e886c489.json,valid,Tumors,Tumors,Tumor,True,True,512,512,RGB,1.0,Tumor,True,0.07299041748046875,False
valid/Tumors/Tumor-11-_jpg.rf.81e99f2d36ae172d88130adb1d5c11f4.png,valid_masks/Tumors/Tumor-11-_jpg.rf.81e99f2d36ae172d88130adb1d5c11f4_mask.png,valid/Tumors/Tumor-11-_jpg.rf.81e99f2d36ae172d88130adb1d5c11f4.json,valid,Tumors,Tumors,Tumor,True,True,512,512,RGB,1.0,Tumor,True,0.016445159912109375,False
valid/Tumors/Tumor-110-_jpg.rf.d33892fb20fd4223c0c848b9e6f4f39d.png,valid_masks/Tumors/Tumor-110-_jpg.rf.d33892fb20fd4223c0c848b9e6f4f39d_mask.png,valid/Tumors/Tumor-110-_jpg.rf.d33892fb20fd4223c0c848b9e6f4f39d.json,valid,Tumors,Tumors,Tumor,True,True,512,512,RGB,1.0,Tumor,True,0.06753158569335938,False
valid/Tumors/Tumor-111-_jpg.rf.5534c1522c09211483f668c3163d3dba.png,valid_masks/Tumors/Tumor-111-_jpg.rf.5534c1522c09211483f668c3163d3dba_mask.png,valid/Tumors/Tumor-111-_jpg.rf.5534c1522c09211483f668c3163d3dba.json,valid,Tumors,Tumors,Tumor,True,True,512,512,RGB,1.0,Tumor,True,0.07042312622070312,False
valid/Tumors/Tumor-112-_jpg.rf.ca798aa7c44a5c94db4bdaa87441b692.png,valid_masks/Tumors/Tumor-112-_jpg.rf.ca798aa7c44a5c94db4bdaa87441b692_mask.png,valid/Tumors/Tumor-112-_jpg.rf.ca798aa7c44a5c94db4bdaa87441b692.json,valid,Tumors,Tumors,Tumor,True,True,512,512,RGB,2.0,Tumor,True,0.06982421875,False
valid/Tumors/Tumor-113-_jpg.rf.5eb7a2d46d284ef79461632cf381e7c4.png,valid_masks/Tumors/Tumor-113-_jpg.rf.5eb7a2d46d284ef79461632cf381e7c4_mask.png,valid/Tumors/Tumor-113-_jpg.rf.5eb7a2d46d284ef79461632cf381e7c4.json,valid,Tumors,Tumors,Tumor,True,True,512,512,RGB,1.0,Tumor,True,0.07021713256835938,False
valid/Tumors/Tumor-114-_jpg.rf.2b420f92fa5e6adb2305a31447a8cb7f.png,valid_masks/Tumors/Tumor-114-_jpg.rf.2b420f92fa5e6adb2305a31447a8cb7f_mask.png,valid/Tumors/Tumor-114-_jpg.rf.2b420f92fa5e6adb2305a31447a8cb7f.json,valid,Tumors,Tumors,Tumor,True,True,512,512,RGB,1.0,Tumor,True,0.06870651245117188,False
valid/Tumors/Tumor-115-_jpg.rf.26200f59d5a68fb4a452d1454e9c2940.png,valid_masks/Tumors/Tumor-115-_jpg.rf.26200f59d5a68fb4a452d1454e9c2940_mask.png,valid/Tumors/Tumor-115-_jpg.rf.26200f59d5a68fb4a452d1454e9c2940.json,valid,Tumors,Tumors,Tumor,True,True,512,512,RGB,1.0,Tumor,True,0.06663894653320312,False
valid/Tumors/Tumor-116-_jpg.rf.97526d8477547f606f64f07db25188ea.png,valid_masks/Tumors/Tumor-116-_jpg.rf.97526d8477547f606f64f07db25188ea_mask.png,valid/Tumors/Tumor-116-_jpg.rf.97526d8477547f606f64f07db25188ea.json,valid,Tumors,Tumors,Tumor,True,True,512,512,RGB,1.0,Tumor,True,0.06444931030273438,False
valid/Tumors/Tumor-117-_jpg.rf.115ab041a5ddd64cb1a2f5ec8cd6ea4a.png,valid_masks/Tumors/Tumor-117-_jpg.rf.115ab041a5ddd64cb1a2f5ec8cd6ea4a_mask.png,valid/Tumors/Tumor-117-_jpg.rf.115ab041a5ddd64cb1a2f5ec8cd6ea4a.json,valid,Tumors,Tumors,Tumor,True,True,512,512,RGB,2.0,Tumor,True,0.0713043212890625,False
valid/Tumors/Tumor-118-_jpg.rf.a6f11c998aceb5027a5deb03248725b3.png,valid_masks/Tumors/Tumor-118-_jpg.rf.a6f11c998aceb5027a5deb03248725b3_mask.png,valid/Tumors/Tumor-118-_jpg.rf.a6f11c998aceb5027a5deb03248725b3.json,valid,Tumors,Tumors,Tumor,True,True,512,512,RGB,2.0,Tumor,True,0.0621490478515625,False
valid/Tumors/Tumor-119-_jpg.rf.f1cc40c8228753a908d48dd46baaae28.png,valid_masks/Tumors/Tumor-119-_jpg.rf.f1cc40c8228753a908d48dd46baaae28_mask.png,valid/Tumors/Tumor-119-_jpg.rf.f1cc40c8228753a908d48dd46baaae28.json,valid,Tumors,Tumors,Tumor,True,True,512,512,RGB,1.0,Tumor,True,0.048816680908203125,False
valid/Tumors/Tumor-12-_jpg.rf.c53964a6f5df36a4a5554ea388a25b59.png,valid_masks/Tumors/Tumor-12-_jpg.rf.c53964a6f5df36a4a5554ea388a25b59_mask.png,valid/Tumors/Tumor-12-_jpg.rf.c53964a6f5df36a4a5554ea388a25b59.json,valid,Tumors,Tumors,Tumor,True,True,512,512,RGB,1.0,Tumor,True,0.0160369873046875,False
valid/Tumors/Tumor-120-_jpg.rf.ada738c8b6fb5cff215089ad8a3f90b9.png,valid_masks/Tumors/Tumor-120-_jpg.rf.ada738c8b6fb5cff215089ad8a3f90b9_mask.png,valid/Tumors/Tumor-120-_jpg.rf.ada738c8b6fb5cff215089ad8a3f90b9.json,valid,Tumors,Tumors,Tumor,True,True,512,512,RGB,2.0,Tumor,True,0.05789947509765625,False
valid/Tumors/Tumor-121-_jpg.rf.5a641be0ecedc24757a9b496e17e2661.png,valid_masks/Tumors/Tumor-121-_jpg.rf.5a641be0ecedc24757a9b496e17e2661_mask.png,valid/Tumors/Tumor-121-_jpg.rf.5a641be0ecedc24757a9b496e17e2661.json,valid,Tumors,Tumors,Tumor,True,True,512,512,RGB,2.0,Tumor,True,0.06653213500976562,False
valid/Tumors/Tumor-122-_jpg.rf.38f20704d9980cf2a1b3cc701f64a589.png,valid_masks/Tumors/Tumor-122-_jpg.rf.38f20704d9980cf2a1b3cc701f64a589_mask.png,valid/Tumors/Tumor-122-_jpg.rf.38f20704d9980cf2a1b3cc701f64a589.json,valid,Tumors,Tumors,Tumor,True,True,512,512,RGB,1.0,Tumor,True,0.06633758544921875,False
valid/Tumors/Tumor-123-_jpg.rf.05234a3147ace5a00221c5c126171596.png,valid_masks/Tumors/Tumor-123-_jpg.rf.05234a3147ace5a00221c5c126171596_mask.png,valid/Tumors/Tumor-123-_jpg.rf.05234a3147ace5a00221c5c126171596.json,valid,Tumors,Tumors,Tumor,True,True,512,512,RGB,2.0,Tumor,True,0.058116912841796875,False
valid/Tumors/Tumor-124-_jpg.rf.52673c1c54b23cf3dfce2119dafe6eac.png,valid_masks/Tumors/Tumor-124-_jpg.rf.52673c1c54b23cf3dfce2119dafe6eac_mask.png,valid/Tumors/Tumor-124-_jpg.rf.52673c1c54b23cf3dfce2119dafe6eac.json,valid,Tumors,Tumors,Tumor,True,True,512,512,RGB,2.0,Tumor,True,0.058956146240234375,False
valid/Tumors/Tumor-125-_jpg.rf.8983f6db601cf1d27c13ce4da2521880.png,valid_masks/Tumors/Tumor-125-_jpg.rf.8983f6db601cf1d27c13ce4da2521880_mask.png,valid/Tumors/Tumor-125-_jpg.rf.8983f6db601cf1d27c13ce4da2521880.json,valid,Tumors,Tumors,Tumor,True,True,512,512,RGB,2.0,Tumor,True,0.056537628173828125,False
valid/Tumors/Tumor-126-_jpg.rf.99ac35d3a16d3f0bdcf8c653c2ac6c04.png,valid_masks/Tumors/Tumor-126-_jpg.rf.99ac35d3a16d3f0bdcf8c653c2ac6c04_mask.png,valid/Tumors/Tumor-126-_jpg.rf.99ac35d3a16d3f0bdcf8c653c2ac6c04.json,valid,Tumors,Tumors,Tumor,True,True,512,512,RGB,2.0,Tumor,True,0.057079315185546875,False
valid/Tumors/Tumor-127-_jpg.rf.67ed490b615c4a1fc51b4e19b41ce502.png,valid_masks/Tumors/Tumor-127-_jpg.rf.67ed490b615c4a1fc51b4e19b41ce502_mask.png,valid/Tumors/Tumor-127-_jpg.rf.67ed490b615c4a1fc51b4e19b41ce502.json,valid,Tumors,Tumors,Tumor,True,True,512,512,RGB,2.0,Tumor,True,0.060749053955078125,False
valid/Tumors/Tumor-128-_jpg.rf.9d38c8c2081b9102893c4b15d731a887.png,valid_masks/Tumors/Tumor-128-_jpg.rf.9d38c8c2081b9102893c4b15d731a887_mask.png,valid/Tumors/Tumor-128-_jpg.rf.9d38c8c2081b9102893c4b15d731a887.json,valid,Tumors,Tumors,Tumor,True,True,512,512,RGB,1.0,Tumor,True,0.06572341918945312,False
valid/Tumors/Tumor-129-_jpg.rf.b7710e199719ae6944788ddc94245320.png,valid_masks/Tumors/Tumor-129-_jpg.rf.b7710e199719ae6944788ddc94245320_mask.png,valid/Tumors/Tumor-129-_jpg.rf.b7710e199719ae6944788ddc94245320.json,valid,Tumors,Tumors,Tumor,True,True,512,512,RGB,1.0,Tumor,True,0.04656982421875,False
valid/Tumors/Tumor-13-_jpg.rf.42efa6a98092e2394ee60a98e6c431e0.png,valid_masks/Tumors/Tumor-13-_jpg.rf.42efa6a98092e2394ee60a98e6c431e0_mask.png,valid/Tumors/Tumor-13-_jpg.rf.42efa6a98092e2394ee60a98e6c431e0.json,valid,Tumors,Tumors,Tumor,True,True,512,512,RGB,1.0,Tumor,True,0.01953125,False
valid/Tumors/Tumor-130-_jpg.rf.7a28a3b86aff07799bed10a447ea3359.png,valid_masks/Tumors/Tumor-130-_jpg.rf.7a28a3b86aff07799bed10a447ea3359_mask.png,valid/Tumors/Tumor-130-_jpg.rf.7a28a3b86aff07799bed10a447ea3359.json,valid,Tumors,Tumors,Tumor,True,True,512,512,RGB,2.0,Tumor,True,0.053951263427734375,False
valid/Tumors/Tumor-131-_jpg.rf.3acf7ddf59294b7c304820e310abda4b.png,valid_masks/Tumors/Tumor-131-_jpg.rf.3acf7ddf59294b7c304820e310abda4b_mask.png,valid/Tumors/Tumor-131-_jpg.rf.3acf7ddf59294b7c304820e310abda4b.json,valid,Tumors,Tumors,Tumor,True,True,512,512,RGB,2.0,Tumor,True,0.0490264892578125,False
valid/Tumors/Tumor-132-_jpg.rf.49e7107181ca93bbb8c7d470f9f10a99.png,valid_masks/Tumors/Tumor-132-_jpg.rf.49e7107181ca93bbb8c7d470f9f10a99_mask.png,valid/Tumors/Tumor-132-_jpg.rf.49e7107181ca93bbb8c7d470f9f10a99.json,valid,Tumors,Tumors,Tumor,True,True,512,512,RGB,2.0,Tumor,True,0.051517486572265625,False
valid/Tumors/Tumor-133-_jpg.rf.da45f90c37ce91c0c0895e3fe9a9dc2a.png,valid_masks/Tumors/Tumor-133-_jpg.rf.da45f90c37ce91c0c0895e3fe9a9dc2a_mask.png,valid/Tumors/Tumor-133-_jpg.rf.da45f90c37ce91c0c0895e3fe9a9dc2a.json,valid,Tumors,Tumors,Tumor,True,True,512,512,RGB,2.0,Tumor,True,0.05523681640625,False
valid/Tumors/Tumor-134-_jpg.rf.381c88bb49bf2bbeffe4a00db039db93.png,valid_masks/Tumors/Tumor-134-_jpg.rf.381c88bb49bf2bbeffe4a00db039db93_mask.png,valid/Tumors/Tumor-134-_jpg.rf.381c88bb49bf2bbeffe4a00db039db93.json,valid,Tumors,Tumors,Tumor,True,True,512,512,RGB,2.0,Tumor,True,0.051624298095703125,False
valid/Tumors/Tumor-135-_jpg.rf.520dd3a14b9a230ae3428c4483832df4.png,valid_masks/Tumors/Tumor-135-_jpg.rf.520dd3a14b9a230ae3428c4483832df4_mask.png,valid/Tumors/Tumor-135-_jpg.rf.520dd3a14b9a230ae3428c4483832df4.json,valid,Tumors,Tumors,Tumor,True,True,512,512,RGB,2.0,Tumor,True,0.02133941650390625,False
valid/Tumors/Tumor-136-_jpg.rf.2d6324229873701be202a3d9ebf7ff26.png,valid_masks/Tumors/Tumor-136-_jpg.rf.2d6324229873701be202a3d9ebf7ff26_mask.png,valid/Tumors/Tumor-136-_jpg.rf.2d6324229873701be202a3d9ebf7ff26.json,valid,Tumors,Tumors,Tumor,True,True,512,512,RGB,2.0,Tumor,True,0.022548675537109375,False
valid/Tumors/Tumor-137-_jpg.rf.c11af65ea78cb3055dced752f5a473f4.png,valid_masks/Tumors/Tumor-137-_jpg.rf.c11af65ea78cb3055dced752f5a473f4_mask.png,valid/Tumors/Tumor-137-_jpg.rf.c11af65ea78cb3055dced752f5a473f4.json,valid,Tumors,Tumors,Tumor,True,True,512,512,RGB,2.0,Tumor,True,0.022571563720703125,False
valid/Tumors/Tumor-138-_jpg.rf.17a5c4494298264272cc2c8949496a46.png,valid_masks/Tumors/Tumor-138-_jpg.rf.17a5c4494298264272cc2c8949496a46_mask.png,valid/Tumors/Tumor-138-_jpg.rf.17a5c4494298264272cc2c8949496a46.json,valid,Tumors,Tumors,Tumor,True,True,512,512,RGB,2.0,Tumor,True,0.02095794677734375,False
valid/Tumors/Tumor-139-_jpg.rf.ebb645e576e00c4447e71b754df609de.png,valid_masks/Tumors/Tumor-139-_jpg.rf.ebb645e576e00c4447e71b754df609de_mask.png,valid/Tumors/Tumor-139-_jpg.rf.ebb645e576e00c4447e71b754df609de.json,valid,Tumors,Tumors,Tumor,True,True,512,512,RGB,2.0,Tumor,True,0.08831405639648438,False
valid/Tumors/Tumor-14-_jpg.rf.e47241ae4fb0db7afbeb4b8381e90ac8.png,valid_masks/Tumors/Tumor-14-_jpg.rf.e47241ae4fb0db7afbeb4b8381e90ac8_mask.png,valid/Tumors/Tumor-14-_jpg.rf.e47241ae4fb0db7afbeb4b8381e90ac8.json,valid,Tumors,Tumors,Tumor,True,True,512,512,RGB,1.0,Tumor,True,0.023075103759765625,False
valid/Tumors/Tumor-140-_jpg.rf.e56953e99d71e1af785b7f0ef1813832.png,valid_masks/Tumors/Tumor-140-_jpg.rf.e56953e99d71e1af785b7f0ef1813832_mask.png,valid/Tumors/Tumor-140-_jpg.rf.e56953e99d71e1af785b7f0ef1813832.json,valid,Tumors,Tumors,Tumor,True,True,512,512,RGB,2.0,Tumor,True,0.01970672607421875,False
valid/Tumors/Tumor-141-_jpg.rf.01ae9d1542569455876bf5d3b42687d9.png,valid_masks/Tumors/Tumor-141-_jpg.rf.01ae9d1542569455876bf5d3b42687d9_mask.png,valid/Tumors/Tumor-141-_jpg.rf.01ae9d1542569455876bf5d3b42687d9.json,valid,Tumors,Tumors,Tumor,True,True,512,512,RGB,2.0,Tumor,True,0.07836532592773438,False
valid/Tumors/Tumor-142-_jpg.rf.ac42543cdb8d231a0396c5e30684fb21.png,valid_masks/Tumors/Tumor-142-_jpg.rf.ac42543cdb8d231a0396c5e30684fb21_mask.png,valid/Tumors/Tumor-142-_jpg.rf.ac42543cdb8d231a0396c5e30684fb21.json,valid,Tumors,Tumors,Tumor,True,True,512,512,RGB,2.0,Tumor,True,0.019931793212890625,False
valid/Tumors/Tumor-143-_jpg.rf.ea20d1735f43952d153d11fab5455566.png,valid_masks/Tumors/Tumor-143-_jpg.rf.ea20d1735f43952d153d11fab5455566_mask.png,valid/Tumors/Tumor-143-_jpg.rf.ea20d1735f43952d153d11fab5455566.json,valid,Tumors,Tumors,Tumor,True,True,512,512,RGB,2.0,Tumor,True,0.019969940185546875,False
valid/Tumors/Tumor-144-_jpg.rf.1a612f459e3db9bbed69ab942d297667.png,valid_masks/Tumors/Tumor-144-_jpg.rf.1a612f459e3db9bbed69ab942d297667_mask.png,valid/Tumors/Tumor-144-_jpg.rf.1a612f459e3db9bbed69ab942d297667.json,valid,Tumors,Tumors,Tumor,True,True,512,512,RGB,1.0,Tumor,True,0.017333984375,False
valid/Tumors/Tumor-145-_jpg.rf.7c4a9984835a1e056fca3464221d1ce8.png,valid_masks/Tumors/Tumor-145-_jpg.rf.7c4a9984835a1e056fca3464221d1ce8_mask.png,valid/Tumors/Tumor-145-_jpg.rf.7c4a9984835a1e056fca3464221d1ce8.json,valid,Tumors,Tumors,Tumor,True,True,512,512,RGB,1.0,Tumor,True,0.0167694091796875,False
valid/Tumors/Tumor-146-_jpg.rf.93ed2e4983c136fafb1cefbbb23c1957.png,valid_masks/Tumors/Tumor-146-_jpg.rf.93ed2e4983c136fafb1cefbbb23c1957_mask.png,valid/Tumors/Tumor-146-_jpg.rf.93ed2e4983c136fafb1cefbbb23c1957.json,valid,Tumors,Tumors,Tumor,True,True,512,512,RGB,1.0,Tumor,True,0.017665863037109375,False
valid/Tumors/Tumor-147-_jpg.rf.2eab7a72a6c6703f8d297762fe72e16a.png,valid_masks/Tumors/Tumor-147-_jpg.rf.2eab7a72a6c6703f8d297762fe72e16a_mask.png,valid/Tumors/Tumor-147-_jpg.rf.2eab7a72a6c6703f8d297762fe72e16a.json,valid,Tumors,Tumors,Tumor,True,True,512,512,RGB,1.0,Tumor,True,0.01758575439453125,False
valid/Tumors/Tumor-148-_jpg.rf.7bd11031702632c8ffdd37c3aaaab004.png,valid_masks/Tumors/Tumor-148-_jpg.rf.7bd11031702632c8ffdd37c3aaaab004_mask.png,valid/Tumors/Tumor-148-_jpg.rf.7bd11031702632c8ffdd37c3aaaab004.json,valid,Tumors,Tumors,Tumor,True,True,512,512,RGB,1.0,Tumor,True,0.01816558837890625,False
valid/Tumors/Tumor-149-_jpg.rf.c455479a9e7dbd71e56b21b73007d948.png,valid_masks/Tumors/Tumor-149-_jpg.rf.c455479a9e7dbd71e56b21b73007d948_mask.png,valid/Tumors/Tumor-149-_jpg.rf.c455479a9e7dbd71e56b21b73007d948.json,valid,Tumors,Tumors,Tumor,True,True,512,512,RGB,1.0,Tumor,True,0.02111053466796875,False
valid/Tumors/Tumor-15-_jpg.rf.8f2c25aaf365afae1b2e85585c8d0605.png,valid_masks/Tumors/Tumor-15-_jpg.rf.8f2c25aaf365afae1b2e85585c8d0605_mask.png,valid/Tumors/Tumor-15-_jpg.rf.8f2c25aaf365afae1b2e85585c8d0605.json,valid,Tumors,Tumors,Tumor,True,True,512,512,RGB,1.0,Tumor,True,0.02657318115234375,False
valid/Tumors/Tumor-150-_jpg.rf.5e6d0321f7ad8c7bf257ea229c8ce888.png,valid_masks/Tumors/Tumor-150-_jpg.rf.5e6d0321f7ad8c7bf257ea229c8ce888_mask.png,valid/Tumors/Tumor-150-_jpg.rf.5e6d0321f7ad8c7bf257ea229c8ce888.json,valid,Tumors,Tumors,Tumor,True,True,512,512,RGB,1.0,Tumor,True,0.02057647705078125,False
valid/Tumors/Tumor-151-_jpg.rf.fa4789f78b76cb3443d9d9e3a3bb3fbc.png,valid_masks/Tumors/Tumor-151-_jpg.rf.fa4789f78b76cb3443d9d9e3a3bb3fbc_mask.png,valid/Tumors/Tumor-151-_jpg.rf.fa4789f78b76cb3443d9d9e3a3bb3fbc.json,valid,Tumors,Tumors,Tumor,True,True,512,512,RGB,1.0,Tumor,True,0.020702362060546875,False
valid/Tumors/Tumor-152-_jpg.rf.a48b4bcadf82c9d31d2c98129c93e4e6.png,valid_masks/Tumors/Tumor-152-_jpg.rf.a48b4bcadf82c9d31d2c98129c93e4e6_mask.png,valid/Tumors/Tumor-152-_jpg.rf.a48b4bcadf82c9d31d2c98129c93e4e6.json,valid,Tumors,Tumors,Tumor,True,True,512,512,RGB,1.0,Tumor,True,0.019012451171875,False
valid/Tumors/Tumor-153-_jpg.rf.6db5b3655680cf3eab68e66d8233410e.png,valid_masks/Tumors/Tumor-153-_jpg.rf.6db5b3655680cf3eab68e66d8233410e_mask.png,valid/Tumors/Tumor-153-_jpg.rf.6db5b3655680cf3eab68e66d8233410e.json,valid,Tumors,Tumors,Tumor,True,True,512,512,RGB,1.0,Tumor,True,0.01922607421875,False
valid/Tumors/Tumor-154-_jpg.rf.f0f52314a1a3c6c9fd0a93d7bc5a63ab.png,valid_masks/Tumors/Tumor-154-_jpg.rf.f0f52314a1a3c6c9fd0a93d7bc5a63ab_mask.png,valid/Tumors/Tumor-154-_jpg.rf.f0f52314a1a3c6c9fd0a93d7bc5a63ab.json,valid,Tumors,Tumors,Tumor,True,True,512,512,RGB,1.0,Tumor,True,0.021038055419921875,False
valid/Tumors/Tumor-155-_jpg.rf.3e1d471275f739329c5a0ef6ac826d89.png,valid_masks/Tumors/Tumor-155-_jpg.rf.3e1d471275f739329c5a0ef6ac826d89_mask.png,valid/Tumors/Tumor-155-_jpg.rf.3e1d471275f739329c5a0ef6ac826d89.json,valid,Tumors,Tumors,Tumor,True,True,512,512,RGB,1.0,Tumor,True,0.01935577392578125,False
valid/Tumors/Tumor-156-_jpg.rf.92388065362e28ea811b908c7364a13e.png,valid_masks/Tumors/Tumor-156-_jpg.rf.92388065362e28ea811b908c7364a13e_mask.png,valid/Tumors/Tumor-156-_jpg.rf.92388065362e28ea811b908c7364a13e.json,valid,Tumors,Tumors,Tumor,True,True,512,512,RGB,1.0,Tumor,True,0.02318572998046875,False
valid/Tumors/Tumor-157-_jpg.rf.d43cbbdf913a5763b8a21b977b6d1d27.png,valid_masks/Tumors/Tumor-157-_jpg.rf.d43cbbdf913a5763b8a21b977b6d1d27_mask.png,valid/Tumors/Tumor-157-_jpg.rf.d43cbbdf913a5763b8a21b977b6d1d27.json,valid,Tumors,Tumors,Tumor,True,True,512,512,RGB,1.0,Tumor,True,0.0231170654296875,False
valid/Tumors/Tumor-158-_jpg.rf.bc07fae5985bbabca1d3fbaa71819ec5.png,valid_masks/Tumors/Tumor-158-_jpg.rf.bc07fae5985bbabca1d3fbaa71819ec5_mask.png,valid/Tumors/Tumor-158-_jpg.rf.bc07fae5985bbabca1d3fbaa71819ec5.json,valid,Tumors,Tumors,Tumor,True,True,512,512,RGB,1.0,Tumor,True,0.02060699462890625,False
valid/Tumors/Tumor-159-_jpg.rf.8ee376130aaa7bfdcba6753326e479dd.png,valid_masks/Tumors/Tumor-159-_jpg.rf.8ee376130aaa7bfdcba6753326e479dd_mask.png,valid/Tumors/Tumor-159-_jpg.rf.8ee376130aaa7bfdcba6753326e479dd.json,valid,Tumors,Tumors,Tumor,True,True,512,512,RGB,1.0,Tumor,True,0.020488739013671875,False
valid/Tumors/Tumor-16-_jpg.rf.42bd242f4c967eb6a0c3f71cbb2b94b5.png,valid_masks/Tumors/Tumor-16-_jpg.rf.42bd242f4c967eb6a0c3f71cbb2b94b5_mask.png,valid/Tumors/Tumor-16-_jpg.rf.42bd242f4c967eb6a0c3f71cbb2b94b5.json,valid,Tumors,Tumors,Tumor,True,True,512,512,RGB,1.0,Tumor,True,0.02440643310546875,False
valid/Tumors/Tumor-160-_jpg.rf.9a8f9c7bb1f0a321ea978b176cee057e.png,valid_masks/Tumors/Tumor-160-_jpg.rf.9a8f9c7bb1f0a321ea978b176cee057e_mask.png,valid/Tumors/Tumor-160-_jpg.rf.9a8f9c7bb1f0a321ea978b176cee057e.json,valid,Tumors,Tumors,Tumor,True,True,512,512,RGB,1.0,Tumor,True,0.0206298828125,False
valid/Tumors/Tumor-161-_jpg.rf.1573bc85e0e7668fe80b35e82820f580.png,valid_masks/Tumors/Tumor-161-_jpg.rf.1573bc85e0e7668fe80b35e82820f580_mask.png,valid/Tumors/Tumor-161-_jpg.rf.1573bc85e0e7668fe80b35e82820f580.json,valid,Tumors,Tumors,Tumor,True,True,512,512,RGB,1.0,Tumor,True,0.018848419189453125,False
valid/Tumors/Tumor-162-_jpg.rf.32e6cd578b09e1b113371dc43581aa09.png,valid_masks/Tumors/Tumor-162-_jpg.rf.32e6cd578b09e1b113371dc43581aa09_mask.png,valid/Tumors/Tumor-162-_jpg.rf.32e6cd578b09e1b113371dc43581aa09.json,valid,Tumors,Tumors,Tumor,True,True,512,512,RGB,1.0,Tumor,True,0.020465850830078125,False
valid/Tumors/Tumor-163-_jpg.rf.5ca28339f1b61490947e721b04da2680.png,valid_masks/Tumors/Tumor-163-_jpg.rf.5ca28339f1b61490947e721b04da2680_mask.png,valid/Tumors/Tumor-163-_jpg.rf.5ca28339f1b61490947e721b04da2680.json,valid,Tumors,Tumors,Tumor,True,True,512,512,RGB,1.0,Tumor,True,0.019046783447265625,False
valid/Tumors/Tumor-164-_jpg.rf.274e06882cdd39ea0c6c9c371562531c.png,valid_masks/Tumors/Tumor-164-_jpg.rf.274e06882cdd39ea0c6c9c371562531c_mask.png,valid/Tumors/Tumor-164-_jpg.rf.274e06882cdd39ea0c6c9c371562531c.json,valid,Tumors,Tumors,Tumor,True,True,512,512,RGB,1.0,Tumor,True,0.01720428466796875,False
valid/Tumors/Tumor-165-_jpg.rf.d2c069a1272133ab7d46b78be487dedf.png,valid_masks/Tumors/Tumor-165-_jpg.rf.d2c069a1272133ab7d46b78be487dedf_mask.png,valid/Tumors/Tumor-165-_jpg.rf.d2c069a1272133ab7d46b78be487dedf.json,valid,Tumors,Tumors,Tumor,True,True,512,512,RGB,1.0,Tumor,True,0.015239715576171875,False
valid/Tumors/Tumor-166-_jpg.rf.a79e17f699c954a9edb2661eca0b4bb5.png,valid_masks/Tumors/Tumor-166-_jpg.rf.a79e17f699c954a9edb2661eca0b4bb5_mask.png,valid/Tumors/Tumor-166-_jpg.rf.a79e17f699c954a9edb2661eca0b4bb5.json,valid,Tumors,Tumors,Tumor,True,True,512,512,RGB,1.0,Tumor,True,0.0179901123046875,False
valid/Tumors/Tumor-167-_jpg.rf.30a6ff285162f2ba5c062f06456d0a63.png,valid_masks/Tumors/Tumor-167-_jpg.rf.30a6ff285162f2ba5c062f06456d0a63_mask.png,valid/Tumors/Tumor-167-_jpg.rf.30a6ff285162f2ba5c062f06456d0a63.json,valid,Tumors,Tumors,Tumor,True,True,512,512,RGB,1.0,Tumor,True,0.017795562744140625,False
valid/Tumors/Tumor-168-_jpg.rf.fc2b7e47d43b1824f42b87df0c3864d7.png,valid_masks/Tumors/Tumor-168-_jpg.rf.fc2b7e47d43b1824f42b87df0c3864d7_mask.png,valid/Tumors/Tumor-168-_jpg.rf.fc2b7e47d43b1824f42b87df0c3864d7.json,valid,Tumors,Tumors,Tumor,True,True,512,512,RGB,1.0,Tumor,True,0.01897430419921875,False
valid/Tumors/Tumor-17-_jpg.rf.a7ab02cdf226f78c259be7e534f54e09.png,valid_masks/Tumors/Tumor-17-_jpg.rf.a7ab02cdf226f78c259be7e534f54e09_mask.png,valid/Tumors/Tumor-17-_jpg.rf.a7ab02cdf226f78c259be7e534f54e09.json,valid,Tumors,Tumors,Tumor,True,True,512,512,RGB,1.0,Tumor,True,0.02051544189453125,False
valid/Tumors/Tumor-18-_jpg.rf.9972d0d9485535305c3c5d691212a579.png,valid_masks/Tumors/Tumor-18-_jpg.rf.9972d0d9485535305c3c5d691212a579_mask.png,valid/Tumors/Tumor-18-_jpg.rf.9972d0d9485535305c3c5d691212a579.json,valid,Tumors,Tumors,Tumor,True,True,512,512,RGB,1.0,Tumor,True,0.0202789306640625,False
valid/Tumors/Tumor-19-_jpg.rf.7f16e641df7eb237ee26d970df5e6c13.png,valid_masks/Tumors/Tumor-19-_jpg.rf.7f16e641df7eb237ee26d970df5e6c13_mask.png,valid/Tumors/Tumor-19-_jpg.rf.7f16e641df7eb237ee26d970df5e6c13.json,valid,Tumors,Tumors,Tumor,True,True,512,512,RGB,1.0,Tumor,True,0.020114898681640625,False
valid/Tumors/Tumor-2-_jpg.rf.d27bad566d77bb3bd16cd8aaf1f96d62.png,valid_masks/Tumors/Tumor-2-_jpg.rf.d27bad566d77bb3bd16cd8aaf1f96d62_mask.png,valid/Tumors/Tumor-2-_jpg.rf.d27bad566d77bb3bd16cd8aaf1f96d62.json,valid,Tumors,Tumors,Tumor,True,True,512,512,RGB,1.0,Tumor,True,0.00627899169921875,False
valid/Tumors/Tumor-20-_jpg.rf.fc331c99193eeb46882bbcf87603599b.png,valid_masks/Tumors/Tumor-20-_jpg.rf.fc331c99193eeb46882bbcf87603599b_mask.png,valid/Tumors/Tumor-20-_jpg.rf.fc331c99193eeb46882bbcf87603599b.json,valid,Tumors,Tumors,Tumor,True,True,512,512,RGB,1.0,Tumor,True,0.021636962890625,False
valid/Tumors/Tumor-21-_jpg.rf.ce28ee22dec5c3be7f88280dd064e050.png,valid_masks/Tumors/Tumor-21-_jpg.rf.ce28ee22dec5c3be7f88280dd064e050_mask.png,valid/Tumors/Tumor-21-_jpg.rf.ce28ee22dec5c3be7f88280dd064e050.json,valid,Tumors,Tumors,Tumor,True,True,512,512,RGB,1.0,Tumor,True,0.0240478515625,False
valid/Tumors/Tumor-22-_jpg.rf.65421391cdad3d6aab6662e10070121e.png,valid_masks/Tumors/Tumor-22-_jpg.rf.65421391cdad3d6aab6662e10070121e_mask.png,valid/Tumors/Tumor-22-_jpg.rf.65421391cdad3d6aab6662e10070121e.json,valid,Tumors,Tumors,Tumor,True,True,512,512,RGB,1.0,Tumor,True,0.025676727294921875,False
valid/Tumors/Tumor-23-_jpg.rf.f7132108b1200584751b6fa9e8b07c6b.png,valid_masks/Tumors/Tumor-23-_jpg.rf.f7132108b1200584751b6fa9e8b07c6b_mask.png,valid/Tumors/Tumor-23-_jpg.rf.f7132108b1200584751b6fa9e8b07c6b.json,valid,Tumors,Tumors,Tumor,True,True,512,512,RGB,1.0,Tumor,True,0.02756500244140625,False
valid/Tumors/Tumor-24-_jpg.rf.a8b3c5b1addb9cc3c1fcdfdf6768a2a4.png,valid_masks/Tumors/Tumor-24-_jpg.rf.a8b3c5b1addb9cc3c1fcdfdf6768a2a4_mask.png,valid/Tumors/Tumor-24-_jpg.rf.a8b3c5b1addb9cc3c1fcdfdf6768a2a4.json,valid,Tumors,Tumors,Tumor,True,True,512,512,RGB,1.0,Tumor,True,0.03142547607421875,False
valid/Tumors/Tumor-25-_jpg.rf.618005b710151812d159ed5ef6bcfbc5.png,valid_masks/Tumors/Tumor-25-_jpg.rf.618005b710151812d159ed5ef6bcfbc5_mask.png,valid/Tumors/Tumor-25-_jpg.rf.618005b710151812d159ed5ef6bcfbc5.json,valid,Tumors,Tumors,Tumor,True,True,512,512,RGB,1.0,Tumor,True,0.02508544921875,False
valid/Tumors/Tumor-26-_jpg.rf.a6b56b2524e50757bee1566e97ff647f.png,valid_masks/Tumors/Tumor-26-_jpg.rf.a6b56b2524e50757bee1566e97ff647f_mask.png,valid/Tumors/Tumor-26-_jpg.rf.a6b56b2524e50757bee1566e97ff647f.json,valid,Tumors,Tumors,Tumor,True,True,512,512,RGB,2.0,Tumor,True,0.07735061645507812,False
valid/Tumors/Tumor-27-_jpg.rf.86cee70a77ecde0fe2b4bbe3ccb2e892.png,valid_masks/Tumors/Tumor-27-_jpg.rf.86cee70a77ecde0fe2b4bbe3ccb2e892_mask.png,valid/Tumors/Tumor-27-_jpg.rf.86cee70a77ecde0fe2b4bbe3ccb2e892.json,valid,Tumors,Tumors,Tumor,True,True,512,512,RGB,2.0,Tumor,True,0.0825347900390625,False
valid/Tumors/Tumor-28-_jpg.rf.47caa899fb78ac854dcbfeb8b90dd8d4.png,valid_masks/Tumors/Tumor-28-_jpg.rf.47caa899fb78ac854dcbfeb8b90dd8d4_mask.png,valid/Tumors/Tumor-28-_jpg.rf.47caa899fb78ac854dcbfeb8b90dd8d4.json,valid,Tumors,Tumors,Tumor,True,True,512,512,RGB,2.0,Tumor,True,0.08337783813476562,False
valid/Tumors/Tumor-29-_jpg.rf.c932bc6a7fffc264eeda6717088e8717.png,valid_masks/Tumors/Tumor-29-_jpg.rf.c932bc6a7fffc264eeda6717088e8717_mask.png,valid/Tumors/Tumor-29-_jpg.rf.c932bc6a7fffc264eeda6717088e8717.json,valid,Tumors,Tumors,Tumor,True,True,512,512,RGB,2.0,Tumor,True,0.08951950073242188,False
valid/Tumors/Tumor-3-_jpg.rf.25b2c2230db7395b23c5f98665cc8795.png,valid_masks/Tumors/Tumor-3-_jpg.rf.25b2c2230db7395b23c5f98665cc8795_mask.png,valid/Tumors/Tumor-3-_jpg.rf.25b2c2230db7395b23c5f98665cc8795.json,valid,Tumors,Tumors,Tumor,True,True,512,512,RGB,1.0,Tumor,True,0.0078582763671875,False
valid/Tumors/Tumor-30-_jpg.rf.c9e31fad1143bfccc0daa39d7d33ff60.png,valid_masks/Tumors/Tumor-30-_jpg.rf.c9e31fad1143bfccc0daa39d7d33ff60_mask.png,valid/Tumors/Tumor-30-_jpg.rf.c9e31fad1143bfccc0daa39d7d33ff60.json,valid,Tumors,Tumors,Tumor,True,True,512,512,RGB,2.0,Tumor,True,0.0856170654296875,False
valid/Tumors/Tumor-31-_jpg.rf.61715907f3c3f6b772d7256d6ffafc70.png,valid_masks/Tumors/Tumor-31-_jpg.rf.61715907f3c3f6b772d7256d6ffafc70_mask.png,valid/Tumors/Tumor-31-_jpg.rf.61715907f3c3f6b772d7256d6ffafc70.json,valid,Tumors,Tumors,Tumor,True,True,512,512,RGB,2.0,Tumor,True,0.08563613891601562,False
valid/Tumors/Tumor-32-_jpg.rf.19dcb721281b01bb3435be3154bf0eef.png,valid_masks/Tumors/Tumor-32-_jpg.rf.19dcb721281b01bb3435be3154bf0eef_mask.png,valid/Tumors/Tumor-32-_jpg.rf.19dcb721281b01bb3435be3154bf0eef.json,valid,Tumors,Tumors,Tumor,True,True,512,512,RGB,2.0,Tumor,True,0.08506393432617188,False
valid/Tumors/Tumor-33-_jpg.rf.dfb3442577f29ab9f5a5658c203054b6.png,valid_masks/Tumors/Tumor-33-_jpg.rf.dfb3442577f29ab9f5a5658c203054b6_mask.png,valid/Tumors/Tumor-33-_jpg.rf.dfb3442577f29ab9f5a5658c203054b6.json,valid,Tumors,Tumors,Tumor,True,True,512,512,RGB,2.0,Tumor,True,0.08695220947265625,False
valid/Tumors/Tumor-34-_jpg.rf.dc96f5b03e1d79b31a978259b388a10e.png,valid_masks/Tumors/Tumor-34-_jpg.rf.dc96f5b03e1d79b31a978259b388a10e_mask.png,valid/Tumors/Tumor-34-_jpg.rf.dc96f5b03e1d79b31a978259b388a10e.json,valid,Tumors,Tumors,Tumor,True,True,512,512,RGB,2.0,Tumor,True,0.08685684204101562,False
valid/Tumors/Tumor-35-_jpg.rf.0c04f35af11e407b1616645acf489228.png,valid_masks/Tumors/Tumor-35-_jpg.rf.0c04f35af11e407b1616645acf489228_mask.png,valid/Tumors/Tumor-35-_jpg.rf.0c04f35af11e407b1616645acf489228.json,valid,Tumors,Tumors,Tumor,True,True,512,512,RGB,2.0,Tumor,True,0.08886337280273438,False
valid/Tumors/Tumor-36-_jpg.rf.f10008e7db0404ddea221b8586408647.png,valid_masks/Tumors/Tumor-36-_jpg.rf.f10008e7db0404ddea221b8586408647_mask.png,valid/Tumors/Tumor-36-_jpg.rf.f10008e7db0404ddea221b8586408647.json,valid,Tumors,Tumors,Tumor,True,True,512,512,RGB,2.0,Tumor,True,0.09173202514648438,False
valid/Tumors/Tumor-37-_jpg.rf.f5ac6f7dafad32bf5eb1aacadf66dbc7.png,valid_masks/Tumors/Tumor-37-_jpg.rf.f5ac6f7dafad32bf5eb1aacadf66dbc7_mask.png,valid/Tumors/Tumor-37-_jpg.rf.f5ac6f7dafad32bf5eb1aacadf66dbc7.json,valid,Tumors,Tumors,Tumor,True,True,512,512,RGB,2.0,Tumor,True,0.08510208129882812,False
valid/Tumors/Tumor-38-_jpg.rf.fc67948fed65678f54bad05ef1a2f83c.png,valid_masks/Tumors/Tumor-38-_jpg.rf.fc67948fed65678f54bad05ef1a2f83c_mask.png,valid/Tumors/Tumor-38-_jpg.rf.fc67948fed65678f54bad05ef1a2f83c.json,valid,Tumors,Tumors,Tumor,True,True,512,512,RGB,2.0,Tumor,True,0.08794021606445312,False
valid/Tumors/Tumor-385-_jpg.rf.98fe8afb31167d730eb90a50afc269d3.png,valid_masks/Tumors/Tumor-385-_jpg.rf.98fe8afb31167d730eb90a50afc269d3_mask.png,valid/Tumors/Tumor-385-_jpg.rf.98fe8afb31167d730eb90a50afc269d3.json,valid,Tumors,Tumors,Tumor,True,True,512,512,RGB,2.0,Tumor,True,0.02411651611328125,False
valid/Tumors/Tumor-386-_jpg.rf.94c7b92a50bc7f05f750d98ca6685eea.png,valid_masks/Tumors/Tumor-386-_jpg.rf.94c7b92a50bc7f05f750d98ca6685eea_mask.png,valid/Tumors/Tumor-386-_jpg.rf.94c7b92a50bc7f05f750d98ca6685eea.json,valid,Tumors,Tumors,Tumor,True,True,512,512,RGB,1.0,Tumor,True,0.0269927978515625,False
valid/Tumors/Tumor-387-_jpg.rf.f3037ddfcb41cb2e4c6e00526f099aef.png,valid_masks/Tumors/Tumor-387-_jpg.rf.f3037ddfcb41cb2e4c6e00526f099aef_mask.png,valid/Tumors/Tumor-387-_jpg.rf.f3037ddfcb41cb2e4c6e00526f099aef.json,valid,Tumors,Tumors,Tumor,True,True,512,512,RGB,1.0,Tumor,True,0.02823638916015625,False
valid/Tumors/Tumor-388-_jpg.rf.b6ab5915ea3ad70dee58b1f0c2039d44.png,valid_masks/Tumors/Tumor-388-_jpg.rf.b6ab5915ea3ad70dee58b1f0c2039d44_mask.png,valid/Tumors/Tumor-388-_jpg.rf.b6ab5915ea3ad70dee58b1f0c2039d44.json,valid,Tumors,Tumors,Tumor,True,True,512,512,RGB,2.0,Tumor,True,0.0266876220703125,False
valid/Tumors/Tumor-389-_jpg.rf.6b7d659e0c095b21bd9d3638478f9186.png,valid_masks/Tumors/Tumor-389-_jpg.rf.6b7d659e0c095b21bd9d3638478f9186_mask.png,valid/Tumors/Tumor-389-_jpg.rf.6b7d659e0c095b21bd9d3638478f9186.json,valid,Tumors,Tumors,Tumor,True,True,512,512,RGB,2.0,Tumor,True,0.0293426513671875,False
valid/Tumors/Tumor-39-_jpg.rf.f80f55bd2f7598bcdc615bce9e582eb4.png,valid_masks/Tumors/Tumor-39-_jpg.rf.f80f55bd2f7598bcdc615bce9e582eb4_mask.png,valid/Tumors/Tumor-39-_jpg.rf.f80f55bd2f7598bcdc615bce9e582eb4.json,valid,Tumors,Tumors,Tumor,True,True,512,512,RGB,2.0,Tumor,True,0.08654022216796875,False
valid/Tumors/Tumor-390-_jpg.rf.23874d8f19a1f60451bada2a62b10830.png,valid_masks/Tumors/Tumor-390-_jpg.rf.23874d8f19a1f60451bada2a62b10830_mask.png,valid/Tumors/Tumor-390-_jpg.rf.23874d8f19a1f60451bada2a62b10830.json,valid,Tumors,Tumors,Tumor,True,True,512,512,RGB,2.0,Tumor,True,0.030948638916015625,False
valid/Tumors/Tumor-391-_jpg.rf.7aca28e8e54228b3b3a9bdadc41e752b.png,valid_masks/Tumors/Tumor-391-_jpg.rf.7aca28e8e54228b3b3a9bdadc41e752b_mask.png,valid/Tumors/Tumor-391-_jpg.rf.7aca28e8e54228b3b3a9bdadc41e752b.json,valid,Tumors,Tumors,Tumor,True,True,512,512,RGB,1.0,Tumor,True,0.035472869873046875,False
valid/Tumors/Tumor-392-_jpg.rf.b8c89106662f32d8fb74925ab7717777.png,valid_masks/Tumors/Tumor-392-_jpg.rf.b8c89106662f32d8fb74925ab7717777_mask.png,valid/Tumors/Tumor-392-_jpg.rf.b8c89106662f32d8fb74925ab7717777.json,valid,Tumors,Tumors,Tumor,True,True,512,512,RGB,2.0,Tumor,True,0.031406402587890625,False
valid/Tumors/Tumor-393-_jpg.rf.b36d2083d4184f9fc729bd83498a95a0.png,valid_masks/Tumors/Tumor-393-_jpg.rf.b36d2083d4184f9fc729bd83498a95a0_mask.png,valid/Tumors/Tumor-393-_jpg.rf.b36d2083d4184f9fc729bd83498a95a0.json,valid,Tumors,Tumors,Tumor,True,True,512,512,RGB,2.0,Tumor,True,0.030487060546875,False
valid/Tumors/Tumor-394-_jpg.rf.264a42e1212b55c1d4b049bf46400052.png,valid_masks/Tumors/Tumor-394-_jpg.rf.264a42e1212b55c1d4b049bf46400052_mask.png,valid/Tumors/Tumor-394-_jpg.rf.264a42e1212b55c1d4b049bf46400052.json,valid,Tumors,Tumors,Tumor,True,True,512,512,RGB,2.0,Tumor,True,0.028888702392578125,False
valid/Tumors/Tumor-395-_jpg.rf.8e3bc37cdeb041667f78e4e0aacc9cda.png,valid_masks/Tumors/Tumor-395-_jpg.rf.8e3bc37cdeb041667f78e4e0aacc9cda_mask.png,valid/Tumors/Tumor-395-_jpg.rf.8e3bc37cdeb041667f78e4e0aacc9cda.json,valid,Tumors,Tumors,Tumor,True,True,512,512,RGB,2.0,Tumor,True,0.033023834228515625,False
valid/Tumors/Tumor-396-_jpg.rf.7276d18949c52e69bb40c11bf7e87e17.png,valid_masks/Tumors/Tumor-396-_jpg.rf.7276d18949c52e69bb40c11bf7e87e17_mask.png,valid/Tumors/Tumor-396-_jpg.rf.7276d18949c52e69bb40c11bf7e87e17.json,valid,Tumors,Tumors,Tumor,True,True,512,512,RGB,2.0,Tumor,True,0.0372314453125,False
valid/Tumors/Tumor-397-_jpg.rf.833c544fc9f894ae1c179075cbddeec9.png,valid_masks/Tumors/Tumor-397-_jpg.rf.833c544fc9f894ae1c179075cbddeec9_mask.png,valid/Tumors/Tumor-397-_jpg.rf.833c544fc9f894ae1c179075cbddeec9.json,valid,Tumors,Tumors,Tumor,True,True,512,512,RGB,1.0,Tumor,True,0.038784027099609375,False
valid/Tumors/Tumor-398-_jpg.rf.854183551e8309034b69e7771813e573.png,valid_masks/Tumors/Tumor-398-_jpg.rf.854183551e8309034b69e7771813e573_mask.png,valid/Tumors/Tumor-398-_jpg.rf.854183551e8309034b69e7771813e573.json,valid,Tumors,Tumors,Tumor,True,True,512,512,RGB,2.0,Tumor,True,0.0328216552734375,False
valid/Tumors/Tumor-399-_jpg.rf.7757995741ee72d7dbed2511ff5f8bb1.png,valid_masks/Tumors/Tumor-399-_jpg.rf.7757995741ee72d7dbed2511ff5f8bb1_mask.png,valid/Tumors/Tumor-399-_jpg.rf.7757995741ee72d7dbed2511ff5f8bb1.json,valid,Tumors,Tumors,Tumor,True,True,512,512,RGB,1.0,Tumor,True,0.00341796875,False
valid/Tumors/Tumor-4-_jpg.rf.ecd847489993f5f9cd3be76dc70f54d3.png,valid_masks/Tumors/Tumor-4-_jpg.rf.ecd847489993f5f9cd3be76dc70f54d3_mask.png,valid/Tumors/Tumor-4-_jpg.rf.ecd847489993f5f9cd3be76dc70f54d3.json,valid,Tumors,Tumors,Tumor,True,True,512,512,RGB,1.0,Tumor,True,0.007465362548828125,False
valid/Tumors/Tumor-40-_jpg.rf.1fd1d8246480d8a51cad660834599f0d.png,valid_masks/Tumors/Tumor-40-_jpg.rf.1fd1d8246480d8a51cad660834599f0d_mask.png,valid/Tumors/Tumor-40-_jpg.rf.1fd1d8246480d8a51cad660834599f0d.json,valid,Tumors,Tumors,Tumor,True,True,512,512,RGB,2.0,Tumor,True,0.09098052978515625,False
valid/Tumors/Tumor-400-_jpg.rf.8bc066173cee35afef5e3627d80bccc6.png,valid_masks/Tumors/Tumor-400-_jpg.rf.8bc066173cee35afef5e3627d80bccc6_mask.png,valid/Tumors/Tumor-400-_jpg.rf.8bc066173cee35afef5e3627d80bccc6.json,valid,Tumors,Tumors,Tumor,True,True,512,512,RGB,2.0,Tumor,True,0.029773712158203125,False
valid/Tumors/Tumor-401-_jpg.rf.2c877d915e0a38cb55038fabf1bcf64b.png,valid_masks/Tumors/Tumor-401-_jpg.rf.2c877d915e0a38cb55038fabf1bcf64b_mask.png,valid/Tumors/Tumor-401-_jpg.rf.2c877d915e0a38cb55038fabf1bcf64b.json,valid,Tumors,Tumors,Tumor,True,True,512,512,RGB,1.0,Tumor,True,0.03987884521484375,False
valid/Tumors/Tumor-402-_jpg.rf.ee9549ba25c13ca836797305943954a3.png,valid_masks/Tumors/Tumor-402-_jpg.rf.ee9549ba25c13ca836797305943954a3_mask.png,valid/Tumors/Tumor-402-_jpg.rf.ee9549ba25c13ca836797305943954a3.json,valid,Tumors,Tumors,Tumor,True,True,512,512,RGB,1.0,Tumor,True,0.042816162109375,False
valid/Tumors/Tumor-403-_jpg.rf.afa8e280b7bdcf7f2dc2c81a860109fe.png,valid_masks/Tumors/Tumor-403-_jpg.rf.afa8e280b7bdcf7f2dc2c81a860109fe_mask.png,valid/Tumors/Tumor-403-_jpg.rf.afa8e280b7bdcf7f2dc2c81a860109fe.json,valid,Tumors,Tumors,Tumor,True,True,512,512,RGB,1.0,Tumor,True,0.038417816162109375,False
valid/Tumors/Tumor-404-_jpg.rf.bcfd8c0459cd796e99bf15baf9a3ef45.png,valid_masks/Tumors/Tumor-404-_jpg.rf.bcfd8c0459cd796e99bf15baf9a3ef45_mask.png,valid/Tumors/Tumor-404-_jpg.rf.bcfd8c0459cd796e99bf15baf9a3ef45.json,valid,Tumors,Tumors,Tumor,True,True,512,512,RGB,2.0,Tumor,True,0.034030914306640625,False
valid/Tumors/Tumor-405-_jpg.rf.18c76ede7febbaee493c7999fabe3a9b.png,valid_masks/Tumors/Tumor-405-_jpg.rf.18c76ede7febbaee493c7999fabe3a9b_mask.png,valid/Tumors/Tumor-405-_jpg.rf.18c76ede7febbaee493c7999fabe3a9b.json,valid,Tumors,Tumors,Tumor,True,True,512,512,RGB,1.0,Tumor,True,0.002777099609375,False
valid/Tumors/Tumor-406-_jpg.rf.999b6032f40815962f41eaa63b8f4ff9.png,valid_masks/Tumors/Tumor-406-_jpg.rf.999b6032f40815962f41eaa63b8f4ff9_mask.png,valid/Tumors/Tumor-406-_jpg.rf.999b6032f40815962f41eaa63b8f4ff9.json,valid,Tumors,Tumors,Tumor,True,True,512,512,RGB,1.0,Tumor,True,0.0404052734375,False
valid/Tumors/Tumor-407-_jpg.rf.269c471e8a8947919b4ef19b9d368837.png,valid_masks/Tumors/Tumor-407-_jpg.rf.269c471e8a8947919b4ef19b9d368837_mask.png,valid/Tumors/Tumor-407-_jpg.rf.269c471e8a8947919b4ef19b9d368837.json,valid,Tumors,Tumors,Tumor,True,True,512,512,RGB,1.0,Tumor,True,0.003387451171875,False
valid/Tumors/Tumor-408-_jpg.rf.47fef1516124d1e00afba2afc3fc25da.png,valid_masks/Tumors/Tumor-408-_jpg.rf.47fef1516124d1e00afba2afc3fc25da_mask.png,valid/Tumors/Tumor-408-_jpg.rf.47fef1516124d1e00afba2afc3fc25da.json,valid,Tumors,Tumors,Tumor,True,True,512,512,RGB,1.0,Tumor,True,0.03961181640625,False
valid/Tumors/Tumor-409-_jpg.rf.e1ce4076511b46184b23d26a2125dc04.png,valid_masks/Tumors/Tumor-409-_jpg.rf.e1ce4076511b46184b23d26a2125dc04_mask.png,valid/Tumors/Tumor-409-_jpg.rf.e1ce4076511b46184b23d26a2125dc04.json,valid,Tumors,Tumors,Tumor,True,True,512,512,RGB,1.0,Tumor,True,0.005298614501953125,False
valid/Tumors/Tumor-41-_jpg.rf.7b194a8d3f46ad53f8c2d56c8d21399a.png,valid_masks/Tumors/Tumor-41-_jpg.rf.7b194a8d3f46ad53f8c2d56c8d21399a_mask.png,valid/Tumors/Tumor-41-_jpg.rf.7b194a8d3f46ad53f8c2d56c8d21399a.json,valid,Tumors,Tumors,Tumor,True,True,512,512,RGB,2.0,Tumor,True,0.09883499145507812,False
valid/Tumors/Tumor-410-_jpg.rf.4360c614ae046935f306d46ca903ff67.png,valid_masks/Tumors/Tumor-410-_jpg.rf.4360c614ae046935f306d46ca903ff67_mask.png,valid/Tumors/Tumor-410-_jpg.rf.4360c614ae046935f306d46ca903ff67.json,valid,Tumors,Tumors,Tumor,True,True,512,512,RGB,1.0,Tumor,True,0.04097747802734375,False
valid/Tumors/Tumor-411-_jpg.rf.4a2f01b072a9e6461ab64012a39090ac.png,valid_masks/Tumors/Tumor-411-_jpg.rf.4a2f01b072a9e6461ab64012a39090ac_mask.png,valid/Tumors/Tumor-411-_jpg.rf.4a2f01b072a9e6461ab64012a39090ac.json,valid,Tumors,Tumors,Tumor,True,True,512,512,RGB,1.0,Tumor,True,0.04156494140625,False
valid/Tumors/Tumor-412-_jpg.rf.f2850e74c73bbba80bbdba6143a52b17.png,valid_masks/Tumors/Tumor-412-_jpg.rf.f2850e74c73bbba80bbdba6143a52b17_mask.png,valid/Tumors/Tumor-412-_jpg.rf.f2850e74c73bbba80bbdba6143a52b17.json,valid,Tumors,Tumors,Tumor,True,True,512,512,RGB,2.0,Tumor,True,0.037204742431640625,False
valid/Tumors/Tumor-413-_jpg.rf.d38bef8f707e6603f27760941f883cc0.png,valid_masks/Tumors/Tumor-413-_jpg.rf.d38bef8f707e6603f27760941f883cc0_mask.png,valid/Tumors/Tumor-413-_jpg.rf.d38bef8f707e6603f27760941f883cc0.json,valid,Tumors,Tumors,Tumor,True,True,512,512,RGB,1.0,Tumor,True,0.044864654541015625,False
valid/Tumors/Tumor-414-_jpg.rf.300d717b00088cd390d656101903b603.png,valid_masks/Tumors/Tumor-414-_jpg.rf.300d717b00088cd390d656101903b603_mask.png,valid/Tumors/Tumor-414-_jpg.rf.300d717b00088cd390d656101903b603.json,valid,Tumors,Tumors,Tumor,True,True,512,512,RGB,1.0,Tumor,True,0.041858673095703125,False
valid/Tumors/Tumor-415-_jpg.rf.2ec06df32695dc1d47f0dd012e1c2698.png,valid_masks/Tumors/Tumor-415-_jpg.rf.2ec06df32695dc1d47f0dd012e1c2698_mask.png,valid/Tumors/Tumor-415-_jpg.rf.2ec06df32695dc1d47f0dd012e1c2698.json,valid,Tumors,Tumors,Tumor,True,True,512,512,RGB,1.0,Tumor,True,0.04010009765625,False
valid/Tumors/Tumor-416-_jpg.rf.527fb0b1f1aa096101be966c385e24d1.png,valid_masks/Tumors/Tumor-416-_jpg.rf.527fb0b1f1aa096101be966c385e24d1_mask.png,valid/Tumors/Tumor-416-_jpg.rf.527fb0b1f1aa096101be966c385e24d1.json,valid,Tumors,Tumors,Tumor,True,True,512,512,RGB,1.0,Tumor,True,0.041400909423828125,False
valid/Tumors/Tumor-417-_jpg.rf.a67a4ee9f99ee8c23b516d382c36d61c.png,valid_masks/Tumors/Tumor-417-_jpg.rf.a67a4ee9f99ee8c23b516d382c36d61c_mask.png,valid/Tumors/Tumor-417-_jpg.rf.a67a4ee9f99ee8c23b516d382c36d61c.json,valid,Tumors,Tumors,Tumor,True,True,512,512,RGB,1.0,Tumor,True,0.0411224365234375,False
valid/Tumors/Tumor-418-_jpg.rf.ae329df98740fb85408c192aa93ea054.png,valid_masks/Tumors/Tumor-418-_jpg.rf.ae329df98740fb85408c192aa93ea054_mask.png,valid/Tumors/Tumor-418-_jpg.rf.ae329df98740fb85408c192aa93ea054.json,valid,Tumors,Tumors,Tumor,True,True,512,512,RGB,1.0,Tumor,True,0.04239654541015625,False
valid/Tumors/Tumor-419-_jpg.rf.566f7a18176ca7560244a35e71e2b2ed.png,valid_masks/Tumors/Tumor-419-_jpg.rf.566f7a18176ca7560244a35e71e2b2ed_mask.png,valid/Tumors/Tumor-419-_jpg.rf.566f7a18176ca7560244a35e71e2b2ed.json,valid,Tumors,Tumors,Tumor,True,True,512,512,RGB,1.0,Tumor,True,0.03890228271484375,False
valid/Tumors/Tumor-42-_jpg.rf.8e811ddf3d80b674fb45e588f8068835.png,valid_masks/Tumors/Tumor-42-_jpg.rf.8e811ddf3d80b674fb45e588f8068835_mask.png,valid/Tumors/Tumor-42-_jpg.rf.8e811ddf3d80b674fb45e588f8068835.json,valid,Tumors,Tumors,Tumor,True,True,512,512,RGB,2.0,Tumor,True,0.08680343627929688,False
valid/Tumors/Tumor-420-_jpg.rf.933f3320f0376ddf37ee165c8df3643e.png,valid_masks/Tumors/Tumor-420-_jpg.rf.933f3320f0376ddf37ee165c8df3643e_mask.png,valid/Tumors/Tumor-420-_jpg.rf.933f3320f0376ddf37ee165c8df3643e.json,valid,Tumors,Tumors,Tumor,True,True,512,512,RGB,1.0,Tumor,True,0.037799835205078125,False
valid/Tumors/Tumor-43-_jpg.rf.9b0ee7bc4dd31e861be93766125fcb28.png,valid_masks/Tumors/Tumor-43-_jpg.rf.9b0ee7bc4dd31e861be93766125fcb28_mask.png,valid/Tumors/Tumor-43-_jpg.rf.9b0ee7bc4dd31e861be93766125fcb28.json,valid,Tumors,Tumors,Tumor,True,True,512,512,RGB,2.0,Tumor,True,0.08530807495117188,False
valid/Tumors/Tumor-44-_jpg.rf.99509714a7c3d46110003de882700418.png,valid_masks/Tumors/Tumor-44-_jpg.rf.99509714a7c3d46110003de882700418_mask.png,valid/Tumors/Tumor-44-_jpg.rf.99509714a7c3d46110003de882700418.json,valid,Tumors,Tumors,Tumor,True,True,512,512,RGB,2.0,Tumor,True,0.09173583984375,False
valid/Tumors/Tumor-45-_jpg.rf.0c84ee0ce981ff5e3be3bb182a4fff76.png,valid_masks/Tumors/Tumor-45-_jpg.rf.0c84ee0ce981ff5e3be3bb182a4fff76_mask.png,valid/Tumors/Tumor-45-_jpg.rf.0c84ee0ce981ff5e3be3bb182a4fff76.json,valid,Tumors,Tumors,Tumor,True,True,512,512,RGB,2.0,Tumor,True,0.09419631958007812,False
valid/Tumors/Tumor-46-_jpg.rf.7a1635032c900b89e3debcdf75f2b5d7.png,valid_masks/Tumors/Tumor-46-_jpg.rf.7a1635032c900b89e3debcdf75f2b5d7_mask.png,valid/Tumors/Tumor-46-_jpg.rf.7a1635032c900b89e3debcdf75f2b5d7.json,valid,Tumors,Tumors,Tumor,True,True,512,512,RGB,2.0,Tumor,True,0.09630966186523438,False
valid/Tumors/Tumor-47-_jpg.rf.cd0dc7eddcaf8d0f450d143290e61754.png,valid_masks/Tumors/Tumor-47-_jpg.rf.cd0dc7eddcaf8d0f450d143290e61754_mask.png,valid/Tumors/Tumor-47-_jpg.rf.cd0dc7eddcaf8d0f450d143290e61754.json,valid,Tumors,Tumors,Tumor,True,True,512,512,RGB,2.0,Tumor,True,0.01984405517578125,False
valid/Tumors/Tumor-48-_jpg.rf.d30e0216d1de4bca91b07735bb5df41a.png,valid_masks/Tumors/Tumor-48-_jpg.rf.d30e0216d1de4bca91b07735bb5df41a_mask.png,valid/Tumors/Tumor-48-_jpg.rf.d30e0216d1de4bca91b07735bb5df41a.json,valid,Tumors,Tumors,Tumor,True,True,512,512,RGB,2.0,Tumor,True,0.09502410888671875,False
valid/Tumors/Tumor-49-_jpg.rf.df8511e9a979397568e808ac1c558c25.png,valid_masks/Tumors/Tumor-49-_jpg.rf.df8511e9a979397568e808ac1c558c25_mask.png,valid/Tumors/Tumor-49-_jpg.rf.df8511e9a979397568e808ac1c558c25.json,valid,Tumors,Tumors,Tumor,True,True,512,512,RGB,2.0,Tumor,True,0.10289382934570312,False
valid/Tumors/Tumor-5-_jpg.rf.ef97750f9ca86efc30a66d353badd7b1.png,valid_masks/Tumors/Tumor-5-_jpg.rf.ef97750f9ca86efc30a66d353badd7b1_mask.png,valid/Tumors/Tumor-5-_jpg.rf.ef97750f9ca86efc30a66d353badd7b1.json,valid,Tumors,Tumors,Tumor,True,True,512,512,RGB,1.0,Tumor,True,0.00904083251953125,False
valid/Tumors/Tumor-50-_jpg.rf.5800ba811126a5c0292b545a72ca96aa.png,valid_masks/Tumors/Tumor-50-_jpg.rf.5800ba811126a5c0292b545a72ca96aa_mask.png,valid/Tumors/Tumor-50-_jpg.rf.5800ba811126a5c0292b545a72ca96aa.json,valid,Tumors,Tumors,Tumor,True,True,512,512,RGB,2.0,Tumor,True,0.09318923950195312,False
valid/Tumors/Tumor-51-_jpg.rf.ad5b21ae3ccb41609eaf5bc840088aa6.png,valid_masks/Tumors/Tumor-51-_jpg.rf.ad5b21ae3ccb41609eaf5bc840088aa6_mask.png,valid/Tumors/Tumor-51-_jpg.rf.ad5b21ae3ccb41609eaf5bc840088aa6.json,valid,Tumors,Tumors,Tumor,True,True,512,512,RGB,2.0,Tumor,True,0.08998870849609375,False
valid/Tumors/Tumor-52-_jpg.rf.e99bdcc0f0e9b32be8c3948920ce3900.png,valid_masks/Tumors/Tumor-52-_jpg.rf.e99bdcc0f0e9b32be8c3948920ce3900_mask.png,valid/Tumors/Tumor-52-_jpg.rf.e99bdcc0f0e9b32be8c3948920ce3900.json,valid,Tumors,Tumors,Tumor,True,True,512,512,RGB,2.0,Tumor,True,0.08856964111328125,False
valid/Tumors/Tumor-53-_jpg.rf.233159b7f37e763638e25d4ffff06486.png,valid_masks/Tumors/Tumor-53-_jpg.rf.233159b7f37e763638e25d4ffff06486_mask.png,valid/Tumors/Tumor-53-_jpg.rf.233159b7f37e763638e25d4ffff06486.json,valid,Tumors,Tumors,Tumor,True,True,512,512,RGB,2.0,Tumor,True,0.08675765991210938,False
valid/Tumors/Tumor-54-_jpg.rf.2ff40fa754dc380c3a4a6dcadb5aaf9e.png,valid_masks/Tumors/Tumor-54-_jpg.rf.2ff40fa754dc380c3a4a6dcadb5aaf9e_mask.png,valid/Tumors/Tumor-54-_jpg.rf.2ff40fa754dc380c3a4a6dcadb5aaf9e.json,valid,Tumors,Tumors,Tumor,True,True,512,512,RGB,2.0,Tumor,True,0.09236907958984375,False
valid/Tumors/Tumor-55-_jpg.rf.05ad2adcaf18fa31e991a6f5e2c333dd.png,valid_masks/Tumors/Tumor-55-_jpg.rf.05ad2adcaf18fa31e991a6f5e2c333dd_mask.png,valid/Tumors/Tumor-55-_jpg.rf.05ad2adcaf18fa31e991a6f5e2c333dd.json,valid,Tumors,Tumors,Tumor,True,True,512,512,RGB,2.0,Tumor,True,0.08564376831054688,False
valid/Tumors/Tumor-56-_jpg.rf.b2819100cb70033540de9a3e4aca17a6.png,valid_masks/Tumors/Tumor-56-_jpg.rf.b2819100cb70033540de9a3e4aca17a6_mask.png,valid/Tumors/Tumor-56-_jpg.rf.b2819100cb70033540de9a3e4aca17a6.json,valid,Tumors,Tumors,Tumor,True,True,512,512,RGB,2.0,Tumor,True,0.07484054565429688,False
valid/Tumors/Tumor-565-_jpg.rf.4fbd0ef01b4d223f5977c8112addbee3.png,valid_masks/Tumors/Tumor-565-_jpg.rf.4fbd0ef01b4d223f5977c8112addbee3_mask.png,valid/Tumors/Tumor-565-_jpg.rf.4fbd0ef01b4d223f5977c8112addbee3.json,valid,Tumors,Tumors,Tumor,True,True,512,512,RGB,1.0,Tumor,True,0.00472259521484375,False
valid/Tumors/Tumor-566-_jpg.rf.d3f83e00be352ffd54dfcb74035f528a.png,valid_masks/Tumors/Tumor-566-_jpg.rf.d3f83e00be352ffd54dfcb74035f528a_mask.png,valid/Tumors/Tumor-566-_jpg.rf.d3f83e00be352ffd54dfcb74035f528a.json,valid,Tumors,Tumors,Tumor,True,True,512,512,RGB,1.0,Tumor,True,0.00540924072265625,False
valid/Tumors/Tumor-567-_jpg.rf.8e5ef983d811a5917eb47ef068e11954.png,valid_masks/Tumors/Tumor-567-_jpg.rf.8e5ef983d811a5917eb47ef068e11954_mask.png,valid/Tumors/Tumor-567-_jpg.rf.8e5ef983d811a5917eb47ef068e11954.json,valid,Tumors,Tumors,Tumor,True,True,512,512,RGB,1.0,Tumor,True,0.00555419921875,False
valid/Tumors/Tumor-568-_jpg.rf.e8b6a3d3e286ada86194441e472a4419.png,valid_masks/Tumors/Tumor-568-_jpg.rf.e8b6a3d3e286ada86194441e472a4419_mask.png,valid/Tumors/Tumor-568-_jpg.rf.e8b6a3d3e286ada86194441e472a4419.json,valid,Tumors,Tumors,Tumor,True,True,512,512,RGB,1.0,Tumor,True,0.006076812744140625,False
valid/Tumors/Tumor-569-_jpg.rf.3d6f7d280c8fadd65373b1af496c7bd4.png,valid_masks/Tumors/Tumor-569-_jpg.rf.3d6f7d280c8fadd65373b1af496c7bd4_mask.png,valid/Tumors/Tumor-569-_jpg.rf.3d6f7d280c8fadd65373b1af496c7bd4.json,valid,Tumors,Tumors,Tumor,True,True,512,512,RGB,1.0,Tumor,True,0.006221771240234375,False
valid/Tumors/Tumor-57-_jpg.rf.0469708fe8c8c0e62ddd14d320298239.png,valid_masks/Tumors/Tumor-57-_jpg.rf.0469708fe8c8c0e62ddd14d320298239_mask.png,valid/Tumors/Tumor-57-_jpg.rf.0469708fe8c8c0e62ddd14d320298239.json,valid,Tumors,Tumors,Tumor,True,True,512,512,RGB,2.0,Tumor,True,0.07191848754882812,False
valid/Tumors/Tumor-570-_jpg.rf.0596d00a6875aee78c0415024ab799c1.png,valid_masks/Tumors/Tumor-570-_jpg.rf.0596d00a6875aee78c0415024ab799c1_mask.png,valid/Tumors/Tumor-570-_jpg.rf.0596d00a6875aee78c0415024ab799c1.json,valid,Tumors,Tumors,Tumor,True,True,512,512,RGB,1.0,Tumor,True,0.006847381591796875,False
valid/Tumors/Tumor-571-_jpg.rf.cb696a1ad0500b14dc60982f1f502212.png,valid_masks/Tumors/Tumor-571-_jpg.rf.cb696a1ad0500b14dc60982f1f502212_mask.png,valid/Tumors/Tumor-571-_jpg.rf.cb696a1ad0500b14dc60982f1f502212.json,valid,Tumors,Tumors,Tumor,True,True,512,512,RGB,1.0,Tumor,True,0.006587982177734375,False
valid/Tumors/Tumor-572-_jpg.rf.644071f0ff1b372c50b438277d48a4cf.png,valid_masks/Tumors/Tumor-572-_jpg.rf.644071f0ff1b372c50b438277d48a4cf_mask.png,valid/Tumors/Tumor-572-_jpg.rf.644071f0ff1b372c50b438277d48a4cf.json,valid,Tumors,Tumors,Tumor,True,True,512,512,RGB,1.0,Tumor,True,0.007068634033203125,False
valid/Tumors/Tumor-573-_jpg.rf.8daf358771f0122b525c998ace2450f6.png,valid_masks/Tumors/Tumor-573-_jpg.rf.8daf358771f0122b525c998ace2450f6_mask.png,valid/Tumors/Tumor-573-_jpg.rf.8daf358771f0122b525c998ace2450f6.json,valid,Tumors,Tumors,Tumor,True,True,512,512,RGB,1.0,Tumor,True,0.008464813232421875,False
valid/Tumors/Tumor-574-_jpg.rf.00ed3cb8f99b163c838cb7351b700633.png,valid_masks/Tumors/Tumor-574-_jpg.rf.00ed3cb8f99b163c838cb7351b700633_mask.png,valid/Tumors/Tumor-574-_jpg.rf.00ed3cb8f99b163c838cb7351b700633.json,valid,Tumors,Tumors,Tumor,True,True,512,512,RGB,1.0,Tumor,True,0.00856781005859375,False
valid/Tumors/Tumor-575-_jpg.rf.223c46a16047a955f464e8c8c5f2d740.png,valid_masks/Tumors/Tumor-575-_jpg.rf.223c46a16047a955f464e8c8c5f2d740_mask.png,valid/Tumors/Tumor-575-_jpg.rf.223c46a16047a955f464e8c8c5f2d740.json,valid,Tumors,Tumors,Tumor,True,True,512,512,RGB,1.0,Tumor,True,0.008853912353515625,False
valid/Tumors/Tumor-576-_jpg.rf.2541f47f5c57bc73a783190c3d18e81e.png,valid_masks/Tumors/Tumor-576-_jpg.rf.2541f47f5c57bc73a783190c3d18e81e_mask.png,valid/Tumors/Tumor-576-_jpg.rf.2541f47f5c57bc73a783190c3d18e81e.json,valid,Tumors,Tumors,Tumor,True,True,512,512,RGB,1.0,Tumor,True,0.009441375732421875,False
valid/Tumors/Tumor-577-_jpg.rf.aa4d794cf7c9462cbd75bf5ec8a80394.png,valid_masks/Tumors/Tumor-577-_jpg.rf.aa4d794cf7c9462cbd75bf5ec8a80394_mask.png,valid/Tumors/Tumor-577-_jpg.rf.aa4d794cf7c9462cbd75bf5ec8a80394.json,valid,Tumors,Tumors,Tumor,True,True,512,512,RGB,1.0,Tumor,True,0.0087738037109375,False
valid/Tumors/Tumor-578-_jpg.rf.3954947d9ebefd462c6ced10bc8f50c4.png,valid_masks/Tumors/Tumor-578-_jpg.rf.3954947d9ebefd462c6ced10bc8f50c4_mask.png,valid/Tumors/Tumor-578-_jpg.rf.3954947d9ebefd462c6ced10bc8f50c4.json,valid,Tumors,Tumors,Tumor,True,True,512,512,RGB,1.0,Tumor,True,0.0093994140625,False
valid/Tumors/Tumor-579-_jpg.rf.315556b2e94a2659185bc8ac2fd0c498.png,valid_masks/Tumors/Tumor-579-_jpg.rf.315556b2e94a2659185bc8ac2fd0c498_mask.png,valid/Tumors/Tumor-579-_jpg.rf.315556b2e94a2659185bc8ac2fd0c498.json,valid,Tumors,Tumors,Tumor,True,True,512,512,RGB,1.0,Tumor,True,0.008602142333984375,False
valid/Tumors/Tumor-58-_jpg.rf.62cb0287378e6c3afaf83832bd92d2fb.png,valid_masks/Tumors/Tumor-58-_jpg.rf.62cb0287378e6c3afaf83832bd92d2fb_mask.png,valid/Tumors/Tumor-58-_jpg.rf.62cb0287378e6c3afaf83832bd92d2fb.json,valid,Tumors,Tumors,Tumor,True,True,512,512,RGB,2.0,Tumor,True,0.06923294067382812,False
valid/Tumors/Tumor-580-_jpg.rf.381ec105e42d06ae75f4225f20015553.png,valid_masks/Tumors/Tumor-580-_jpg.rf.381ec105e42d06ae75f4225f20015553_mask.png,valid/Tumors/Tumor-580-_jpg.rf.381ec105e42d06ae75f4225f20015553.json,valid,Tumors,Tumors,Tumor,True,True,512,512,RGB,1.0,Tumor,True,0.009449005126953125,False
valid/Tumors/Tumor-581-_jpg.rf.32817865fe91a80b6bbdf48392606834.png,valid_masks/Tumors/Tumor-581-_jpg.rf.32817865fe91a80b6bbdf48392606834_mask.png,valid/Tumors/Tumor-581-_jpg.rf.32817865fe91a80b6bbdf48392606834.json,valid,Tumors,Tumors,Tumor,True,True,512,512,RGB,1.0,Tumor,True,0.012638092041015625,False
valid/Tumors/Tumor-582-_jpg.rf.c110969564fa3fa8b7b9806edb6b9958.png,valid_masks/Tumors/Tumor-582-_jpg.rf.c110969564fa3fa8b7b9806edb6b9958_mask.png,valid/Tumors/Tumor-582-_jpg.rf.c110969564fa3fa8b7b9806edb6b9958.json,valid,Tumors,Tumors,Tumor,True,True,512,512,RGB,1.0,Tumor,True,0.0133819580078125,False
valid/Tumors/Tumor-583-_jpg.rf.bd3d390165d6f10183d9e97fa044af86.png,valid_masks/Tumors/Tumor-583-_jpg.rf.bd3d390165d6f10183d9e97fa044af86_mask.png,valid/Tumors/Tumor-583-_jpg.rf.bd3d390165d6f10183d9e97fa044af86.json,valid,Tumors,Tumors,Tumor,True,True,512,512,RGB,1.0,Tumor,True,0.015476226806640625,False
valid/Tumors/Tumor-584-_jpg.rf.88d439e55dca24130117048dd27cb62c.png,valid_masks/Tumors/Tumor-584-_jpg.rf.88d439e55dca24130117048dd27cb62c_mask.png,valid/Tumors/Tumor-584-_jpg.rf.88d439e55dca24130117048dd27cb62c.json,valid,Tumors,Tumors,Tumor,True,True,512,512,RGB,1.0,Tumor,True,0.016307830810546875,False
valid/Tumors/Tumor-585-_jpg.rf.aef4889eba899ee0ca27cfed057a8336.png,valid_masks/Tumors/Tumor-585-_jpg.rf.aef4889eba899ee0ca27cfed057a8336_mask.png,valid/Tumors/Tumor-585-_jpg.rf.aef4889eba899ee0ca27cfed057a8336.json,valid,Tumors,Tumors,Tumor,True,True,512,512,RGB,1.0,Tumor,True,0.0064849853515625,False
valid/Tumors/Tumor-586-_jpg.rf.70f7efbeb9421fbefe55d6b4378e8c3d.png,valid_masks/Tumors/Tumor-586-_jpg.rf.70f7efbeb9421fbefe55d6b4378e8c3d_mask.png,valid/Tumors/Tumor-586-_jpg.rf.70f7efbeb9421fbefe55d6b4378e8c3d.json,valid,Tumors,Tumors,Tumor,True,True,512,512,RGB,1.0,Tumor,True,0.005832672119140625,False
valid/Tumors/Tumor-587-_jpg.rf.eeb9919fa8616acc97035adc0d520d0f.png,valid_masks/Tumors/Tumor-587-_jpg.rf.eeb9919fa8616acc97035adc0d520d0f_mask.png,valid/Tumors/Tumor-587-_jpg.rf.eeb9919fa8616acc97035adc0d520d0f.json,valid,Tumors,Tumors,Tumor,True,True,512,512,RGB,1.0,Tumor,True,0.005603790283203125,False
valid/Tumors/Tumor-588-_jpg.rf.9e5cd39be0a7877cda181c57c7519ea8.png,valid_masks/Tumors/Tumor-588-_jpg.rf.9e5cd39be0a7877cda181c57c7519ea8_mask.png,valid/Tumors/Tumor-588-_jpg.rf.9e5cd39be0a7877cda181c57c7519ea8.json,valid,Tumors,Tumors,Tumor,True,True,512,512,RGB,1.0,Tumor,True,0.00458526611328125,False
valid/Tumors/Tumor-59-_jpg.rf.847fcdd57a509842b8226b545a8fb294.png,valid_masks/Tumors/Tumor-59-_jpg.rf.847fcdd57a509842b8226b545a8fb294_mask.png,valid/Tumors/Tumor-59-_jpg.rf.847fcdd57a509842b8226b545a8fb294.json,valid,Tumors,Tumors,Tumor,True,True,512,512,RGB,2.0,Tumor,True,0.060329437255859375,False
valid/Tumors/Tumor-6-_jpg.rf.2b28eb701375fd0aa425dbd5397095df.png,valid_masks/Tumors/Tumor-6-_jpg.rf.2b28eb701375fd0aa425dbd5397095df_mask.png,valid/Tumors/Tumor-6-_jpg.rf.2b28eb701375fd0aa425dbd5397095df.json,valid,Tumors,Tumors,Tumor,True,True,512,512,RGB,1.0,Tumor,True,0.009502410888671875,False
valid/Tumors/Tumor-60-_jpg.rf.f1a11f3750e8e7283468db8483785b73.png,valid_masks/Tumors/Tumor-60-_jpg.rf.f1a11f3750e8e7283468db8483785b73_mask.png,valid/Tumors/Tumor-60-_jpg.rf.f1a11f3750e8e7283468db8483785b73.json,valid,Tumors,Tumors,Tumor,True,True,512,512,RGB,2.0,Tumor,True,0.058284759521484375,False
valid/Tumors/Tumor-61-_jpg.rf.f147ca62a4bf47f07670a6964898f23a.png,valid_masks/Tumors/Tumor-61-_jpg.rf.f147ca62a4bf47f07670a6964898f23a_mask.png,valid/Tumors/Tumor-61-_jpg.rf.f147ca62a4bf47f07670a6964898f23a.json,valid,Tumors,Tumors,Tumor,True,True,512,512,RGB,1.0,Tumor,True,0.006626129150390625,False
valid/Tumors/Tumor-62-_jpg.rf.aa8ddc88f68102261531af5a235824ed.png,valid_masks/Tumors/Tumor-62-_jpg.rf.aa8ddc88f68102261531af5a235824ed_mask.png,valid/Tumors/Tumor-62-_jpg.rf.aa8ddc88f68102261531af5a235824ed.json,valid,Tumors,Tumors,Tumor,True,True,512,512,RGB,1.0,Tumor,True,0.007472991943359375,False
valid/Tumors/Tumor-63-_jpg.rf.27b623ff249df5d7e9d5f0e77024be42.png,valid_masks/Tumors/Tumor-63-_jpg.rf.27b623ff249df5d7e9d5f0e77024be42_mask.png,valid/Tumors/Tumor-63-_jpg.rf.27b623ff249df5d7e9d5f0e77024be42.json,valid,Tumors,Tumors,Tumor,True,True,512,512,RGB,1.0,Tumor,True,0.007717132568359375,False
valid/Tumors/Tumor-64-_jpg.rf.362f24ab36297846d3c50bfb760cbe77.png,valid_masks/Tumors/Tumor-64-_jpg.rf.362f24ab36297846d3c50bfb760cbe77_mask.png,valid/Tumors/Tumor-64-_jpg.rf.362f24ab36297846d3c50bfb760cbe77.json,valid,Tumors,Tumors,Tumor,True,True,512,512,RGB,1.0,Tumor,True,0.00708770751953125,False
valid/Tumors/Tumor-65-_jpg.rf.81c28695ccb821a70831c8e5b8585a6c.png,valid_masks/Tumors/Tumor-65-_jpg.rf.81c28695ccb821a70831c8e5b8585a6c_mask.png,valid/Tumors/Tumor-65-_jpg.rf.81c28695ccb821a70831c8e5b8585a6c.json,valid,Tumors,Tumors,Tumor,True,True,512,512,RGB,1.0,Tumor,True,0.008617401123046875,False
valid/Tumors/Tumor-66-_jpg.rf.3a5c7f7172f9a3e107655957486614f0.png,valid_masks/Tumors/Tumor-66-_jpg.rf.3a5c7f7172f9a3e107655957486614f0_mask.png,valid/Tumors/Tumor-66-_jpg.rf.3a5c7f7172f9a3e107655957486614f0.json,valid,Tumors,Tumors,Tumor,True,True,512,512,RGB,1.0,Tumor,True,0.010044097900390625,False
valid/Tumors/Tumor-67-_jpg.rf.bb28795181e12342a91af403b7ecd96c.png,valid_masks/Tumors/Tumor-67-_jpg.rf.bb28795181e12342a91af403b7ecd96c_mask.png,valid/Tumors/Tumor-67-_jpg.rf.bb28795181e12342a91af403b7ecd96c.json,valid,Tumors,Tumors,Tumor,True,True,512,512,RGB,1.0,Tumor,True,0.009395599365234375,False
valid/Tumors/Tumor-68-_jpg.rf.9d0cdb7fff576eb26eed09eae559ee23.png,valid_masks/Tumors/Tumor-68-_jpg.rf.9d0cdb7fff576eb26eed09eae559ee23_mask.png,valid/Tumors/Tumor-68-_jpg.rf.9d0cdb7fff576eb26eed09eae559ee23.json,valid,Tumors,Tumors,Tumor,True,True,512,512,RGB,1.0,Tumor,True,0.010040283203125,False
valid/Tumors/Tumor-69-_jpg.rf.4055e3e914015ac9a527e81666fba229.png,valid_masks/Tumors/Tumor-69-_jpg.rf.4055e3e914015ac9a527e81666fba229_mask.png,valid/Tumors/Tumor-69-_jpg.rf.4055e3e914015ac9a527e81666fba229.json,valid,Tumors,Tumors,Tumor,True,True,512,512,RGB,1.0,Tumor,True,0.013378143310546875,False
valid/Tumors/Tumor-7-_jpg.rf.08b1950643de7edcb4f7807a5244a068.png,valid_masks/Tumors/Tumor-7-_jpg.rf.08b1950643de7edcb4f7807a5244a068_mask.png,valid/Tumors/Tumor-7-_jpg.rf.08b1950643de7edcb4f7807a5244a068.json,valid,Tumors,Tumors,Tumor,True,True,512,512,RGB,1.0,Tumor,True,0.008998870849609375,False
valid/Tumors/Tumor-70-_jpg.rf.7d66e57b260cb0c8b4daeadf78ab8695.png,valid_masks/Tumors/Tumor-70-_jpg.rf.7d66e57b260cb0c8b4daeadf78ab8695_mask.png,valid/Tumors/Tumor-70-_jpg.rf.7d66e57b260cb0c8b4daeadf78ab8695.json,valid,Tumors,Tumors,Tumor,True,True,512,512,RGB,1.0,Tumor,True,0.013637542724609375,False
valid/Tumors/Tumor-71-_jpg.rf.72336b1aaff99bc09ea95b2f0b5987fc.png,valid_masks/Tumors/Tumor-71-_jpg.rf.72336b1aaff99bc09ea95b2f0b5987fc_mask.png,valid/Tumors/Tumor-71-_jpg.rf.72336b1aaff99bc09ea95b2f0b5987fc.json,valid,Tumors,Tumors,Tumor,True,True,512,512,RGB,1.0,Tumor,True,0.014415740966796875,False
valid/Tumors/Tumor-72-_jpg.rf.ce7443d3ba38690a9f43c4f238e2bc3c.png,valid_masks/Tumors/Tumor-72-_jpg.rf.ce7443d3ba38690a9f43c4f238e2bc3c_mask.png,valid/Tumors/Tumor-72-_jpg.rf.ce7443d3ba38690a9f43c4f238e2bc3c.json,valid,Tumors,Tumors,Tumor,True,True,512,512,RGB,1.0,Tumor,True,0.01180267333984375,False
valid/Tumors/Tumor-73-_jpg.rf.dc9f43224a5ebd099a96ad9341205d4f.png,valid_masks/Tumors/Tumor-73-_jpg.rf.dc9f43224a5ebd099a96ad9341205d4f_mask.png,valid/Tumors/Tumor-73-_jpg.rf.dc9f43224a5ebd099a96ad9341205d4f.json,valid,Tumors,Tumors,Tumor,True,True,512,512,RGB,2.0,Tumor,True,0.012996673583984375,False
valid/Tumors/Tumor-733-_jpg.rf.e610928adcb9dfae73b48d16f82aca13.png,valid_masks/Tumors/Tumor-733-_jpg.rf.e610928adcb9dfae73b48d16f82aca13_mask.png,valid/Tumors/Tumor-733-_jpg.rf.e610928adcb9dfae73b48d16f82aca13.json,valid,Tumors,Tumors,Tumor,True,True,512,512,RGB,1.0,Tumor,True,0.013324737548828125,False
valid/Tumors/Tumor-734-_jpg.rf.710d11cb438a27a969d7d23c8a4b3020.png,valid_masks/Tumors/Tumor-734-_jpg.rf.710d11cb438a27a969d7d23c8a4b3020_mask.png,valid/Tumors/Tumor-734-_jpg.rf.710d11cb438a27a969d7d23c8a4b3020.json,valid,Tumors,Tumors,Tumor,True,True,512,512,RGB,1.0,Tumor,True,0.015216827392578125,False
valid/Tumors/Tumor-735-_jpg.rf.50171e7b392e4b23a2faae1036be5c79.png,valid_masks/Tumors/Tumor-735-_jpg.rf.50171e7b392e4b23a2faae1036be5c79_mask.png,valid/Tumors/Tumor-735-_jpg.rf.50171e7b392e4b23a2faae1036be5c79.json,valid,Tumors,Tumors,Tumor,True,True,512,512,RGB,1.0,Tumor,True,0.01505279541015625,False
valid/Tumors/Tumor-736-_jpg.rf.18582390526442dfae376f4dbd26563f.png,valid_masks/Tumors/Tumor-736-_jpg.rf.18582390526442dfae376f4dbd26563f_mask.png,valid/Tumors/Tumor-736-_jpg.rf.18582390526442dfae376f4dbd26563f.json,valid,Tumors,Tumors,Tumor,True,True,512,512,RGB,1.0,Tumor,True,0.018604278564453125,False
valid/Tumors/Tumor-737-_jpg.rf.9afc38f8600df3179265294bfc7b26b8.png,valid_masks/Tumors/Tumor-737-_jpg.rf.9afc38f8600df3179265294bfc7b26b8_mask.png,valid/Tumors/Tumor-737-_jpg.rf.9afc38f8600df3179265294bfc7b26b8.json,valid,Tumors,Tumors,Tumor,True,True,512,512,RGB,1.0,Tumor,True,0.017940521240234375,False
valid/Tumors/Tumor-738-_jpg.rf.d5912dee947e50c1b15502c5c42e299f.png,valid_masks/Tumors/Tumor-738-_jpg.rf.d5912dee947e50c1b15502c5c42e299f_mask.png,valid/Tumors/Tumor-738-_jpg.rf.d5912dee947e50c1b15502c5c42e299f.json,valid,Tumors,Tumors,Tumor,True,True,512,512,RGB,2.0,Tumor,True,0.016521453857421875,False
valid/Tumors/Tumor-739-_jpg.rf.b48bf6d43086b4f5da5370a4cf99ef06.png,valid_masks/Tumors/Tumor-739-_jpg.rf.b48bf6d43086b4f5da5370a4cf99ef06_mask.png,valid/Tumors/Tumor-739-_jpg.rf.b48bf6d43086b4f5da5370a4cf99ef06.json,valid,Tumors,Tumors,Tumor,True,True,512,512,RGB,2.0,Tumor,True,0.0164031982421875,False
valid/Tumors/Tumor-74-_jpg.rf.fbc12dc22fe67bdc8dd779d359dd4356.png,valid_masks/Tumors/Tumor-74-_jpg.rf.fbc12dc22fe67bdc8dd779d359dd4356_mask.png,valid/Tumors/Tumor-74-_jpg.rf.fbc12dc22fe67bdc8dd779d359dd4356.json,valid,Tumors,Tumors,Tumor,True,True,512,512,RGB,2.0,Tumor,True,0.015026092529296875,False
valid/Tumors/Tumor-740-_jpg.rf.def625153f434c52a452a9924dfc9049.png,valid_masks/Tumors/Tumor-740-_jpg.rf.def625153f434c52a452a9924dfc9049_mask.png,valid/Tumors/Tumor-740-_jpg.rf.def625153f434c52a452a9924dfc9049.json,valid,Tumors,Tumors,Tumor,True,True,512,512,RGB,1.0,Tumor,True,0.017642974853515625,False
valid/Tumors/Tumor-741-_jpg.rf.a1b0281ed5aaadee7dcb585f2a1977b2.png,valid_masks/Tumors/Tumor-741-_jpg.rf.a1b0281ed5aaadee7dcb585f2a1977b2_mask.png,valid/Tumors/Tumor-741-_jpg.rf.a1b0281ed5aaadee7dcb585f2a1977b2.json,valid,Tumors,Tumors,Tumor,True,True,512,512,RGB,1.0,Tumor,True,0.0189056396484375,False
valid/Tumors/Tumor-742-_jpg.rf.fc7c36472a4afef226852cdb87b7a4ce.png,valid_masks/Tumors/Tumor-742-_jpg.rf.fc7c36472a4afef226852cdb87b7a4ce_mask.png,valid/Tumors/Tumor-742-_jpg.rf.fc7c36472a4afef226852cdb87b7a4ce.json,valid,Tumors,Tumors,Tumor,True,True,512,512,RGB,1.0,Tumor,True,0.0201416015625,False
valid/Tumors/Tumor-743-_jpg.rf.df310a2e3df719905e7ce46ea1b7b618.png,valid_masks/Tumors/Tumor-743-_jpg.rf.df310a2e3df719905e7ce46ea1b7b618_mask.png,valid/Tumors/Tumor-743-_jpg.rf.df310a2e3df719905e7ce46ea1b7b618.json,valid,Tumors,Tumors,Tumor,True,True,512,512,RGB,1.0,Tumor,True,0.0185394287109375,False
valid/Tumors/Tumor-744-_jpg.rf.878aae2f5b23ad4594323fe8d8565038.png,valid_masks/Tumors/Tumor-744-_jpg.rf.878aae2f5b23ad4594323fe8d8565038_mask.png,valid/Tumors/Tumor-744-_jpg.rf.878aae2f5b23ad4594323fe8d8565038.json,valid,Tumors,Tumors,Tumor,True,True,512,512,RGB,1.0,Tumor,True,0.0192718505859375,False
valid/Tumors/Tumor-745-_jpg.rf.7b2e6c7d66a3612396e7df346c1a821f.png,valid_masks/Tumors/Tumor-745-_jpg.rf.7b2e6c7d66a3612396e7df346c1a821f_mask.png,valid/Tumors/Tumor-745-_jpg.rf.7b2e6c7d66a3612396e7df346c1a821f.json,valid,Tumors,Tumors,Tumor,True,True,512,512,RGB,1.0,Tumor,True,0.019283294677734375,False
valid/Tumors/Tumor-746-_jpg.rf.2a1b37bc63094b3fa6489a3e18945096.png,valid_masks/Tumors/Tumor-746-_jpg.rf.2a1b37bc63094b3fa6489a3e18945096_mask.png,valid/Tumors/Tumor-746-_jpg.rf.2a1b37bc63094b3fa6489a3e18945096.json,valid,Tumors,Tumors,Tumor,True,True,512,512,RGB,1.0,Tumor,True,0.020351409912109375,False
valid/Tumors/Tumor-747-_jpg.rf.69a5f31fdbbc58bbe094a0a2b3052db3.png,valid_masks/Tumors/Tumor-747-_jpg.rf.69a5f31fdbbc58bbe094a0a2b3052db3_mask.png,valid/Tumors/Tumor-747-_jpg.rf.69a5f31fdbbc58bbe094a0a2b3052db3.json,valid,Tumors,Tumors,Tumor,True,True,512,512,RGB,1.0,Tumor,True,0.019618988037109375,False
valid/Tumors/Tumor-748-_jpg.rf.67d5ddbd6957170598f86c149055b518.png,valid_masks/Tumors/Tumor-748-_jpg.rf.67d5ddbd6957170598f86c149055b518_mask.png,valid/Tumors/Tumor-748-_jpg.rf.67d5ddbd6957170598f86c149055b518.json,valid,Tumors,Tumors,Tumor,True,True,512,512,RGB,1.0,Tumor,True,0.01576995849609375,False
valid/Tumors/Tumor-749-_jpg.rf.b9f71aa852eef9967e41d369685aabf4.png,valid_masks/Tumors/Tumor-749-_jpg.rf.b9f71aa852eef9967e41d369685aabf4_mask.png,valid/Tumors/Tumor-749-_jpg.rf.b9f71aa852eef9967e41d369685aabf4.json,valid,Tumors,Tumors,Tumor,True,True,512,512,RGB,1.0,Tumor,True,0.016323089599609375,False
valid/Tumors/Tumor-75-_jpg.rf.5a1a173f09a3d8d686acdb3271a939d7.png,valid_masks/Tumors/Tumor-75-_jpg.rf.5a1a173f09a3d8d686acdb3271a939d7_mask.png,valid/Tumors/Tumor-75-_jpg.rf.5a1a173f09a3d8d686acdb3271a939d7.json,valid,Tumors,Tumors,Tumor,True,True,512,512,RGB,1.0,Tumor,True,0.016902923583984375,False
valid/Tumors/Tumor-750-_jpg.rf.752ee12732a12cef347a23012d3305f7.png,valid_masks/Tumors/Tumor-750-_jpg.rf.752ee12732a12cef347a23012d3305f7_mask.png,valid/Tumors/Tumor-750-_jpg.rf.752ee12732a12cef347a23012d3305f7.json,valid,Tumors,Tumors,Tumor,True,True,512,512,RGB,1.0,Tumor,True,0.013458251953125,False
valid/Tumors/Tumor-751-_jpg.rf.69bfb32f817be6788dba81490d7249d4.png,valid_masks/Tumors/Tumor-751-_jpg.rf.69bfb32f817be6788dba81490d7249d4_mask.png,valid/Tumors/Tumor-751-_jpg.rf.69bfb32f817be6788dba81490d7249d4.json,valid,Tumors,Tumors,Tumor,True,True,512,512,RGB,1.0,Tumor,True,0.01214599609375,False
valid/Tumors/Tumor-76-_jpg.rf.e51314780261570d6684b4354de1a144.png,valid_masks/Tumors/Tumor-76-_jpg.rf.e51314780261570d6684b4354de1a144_mask.png,valid/Tumors/Tumor-76-_jpg.rf.e51314780261570d6684b4354de1a144.json,valid,Tumors,Tumors,Tumor,True,True,512,512,RGB,1.0,Tumor,True,0.0172882080078125,False
valid/Tumors/Tumor-77-_jpg.rf.647800deb0e3d693012983db36c514a7.png,valid_masks/Tumors/Tumor-77-_jpg.rf.647800deb0e3d693012983db36c514a7_mask.png,valid/Tumors/Tumor-77-_jpg.rf.647800deb0e3d693012983db36c514a7.json,valid,Tumors,Tumors,Tumor,True,True,512,512,RGB,1.0,Tumor,True,0.02136993408203125,False
valid/Tumors/Tumor-78-_jpg.rf.c2c45e5f926e93b92115eba758c37405.png,valid_masks/Tumors/Tumor-78-_jpg.rf.c2c45e5f926e93b92115eba758c37405_mask.png,valid/Tumors/Tumor-78-_jpg.rf.c2c45e5f926e93b92115eba758c37405.json,valid,Tumors,Tumors,Tumor,True,True,512,512,RGB,1.0,Tumor,True,0.021381378173828125,False
valid/Tumors/Tumor-781-_jpg.rf.b762755765fcece01687e2e05c0315e0.png,valid_masks/Tumors/Tumor-781-_jpg.rf.b762755765fcece01687e2e05c0315e0_mask.png,valid/Tumors/Tumor-781-_jpg.rf.b762755765fcece01687e2e05c0315e0.json,valid,Tumors,Tumors,Tumor,True,True,512,512,RGB,1.0,Tumor,True,0.01187896728515625,False
valid/Tumors/Tumor-782-_jpg.rf.44b41563e6a8bb116cb5acd73d4a706e.png,valid_masks/Tumors/Tumor-782-_jpg.rf.44b41563e6a8bb116cb5acd73d4a706e_mask.png,valid/Tumors/Tumor-782-_jpg.rf.44b41563e6a8bb116cb5acd73d4a706e.json,valid,Tumors,Tumors,Tumor,True,True,512,512,RGB,1.0,Tumor,True,0.010051727294921875,False
valid/Tumors/Tumor-783-_jpg.rf.433097e46100bd7ef3eb96218a00da57.png,valid_masks/Tumors/Tumor-783-_jpg.rf.433097e46100bd7ef3eb96218a00da57_mask.png,valid/Tumors/Tumor-783-_jpg.rf.433097e46100bd7ef3eb96218a00da57.json,valid,Tumors,Tumors,Tumor,True,True,512,512,RGB,1.0,Tumor,True,0.00923919677734375,False
valid/Tumors/Tumor-784-_jpg.rf.55c52745a7bfbc58912ba2f21fc4dd3e.png,valid_masks/Tumors/Tumor-784-_jpg.rf.55c52745a7bfbc58912ba2f21fc4dd3e_mask.png,valid/Tumors/Tumor-784-_jpg.rf.55c52745a7bfbc58912ba2f21fc4dd3e.json,valid,Tumors,Tumors,Tumor,True,True,512,512,RGB,1.0,Tumor,True,0.020282745361328125,False
valid/Tumors/Tumor-785-_jpg.rf.7ce553130652acf11df9b063d6be9477.png,valid_masks/Tumors/Tumor-785-_jpg.rf.7ce553130652acf11df9b063d6be9477_mask.png,valid/Tumors/Tumor-785-_jpg.rf.7ce553130652acf11df9b063d6be9477.json,valid,Tumors,Tumors,Tumor,True,True,512,512,RGB,1.0,Tumor,True,0.0204620361328125,False
valid/Tumors/Tumor-79-_jpg.rf.765272283b6292703d3e6aacbcbe01dd.png,valid_masks/Tumors/Tumor-79-_jpg.rf.765272283b6292703d3e6aacbcbe01dd_mask.png,valid/Tumors/Tumor-79-_jpg.rf.765272283b6292703d3e6aacbcbe01dd.json,valid,Tumors,Tumors,Tumor,True,True,512,512,RGB,1.0,Tumor,True,0.0193634033203125,False
valid/Tumors/Tumor-8-_jpg.rf.e55aa0919f05d3ab3683c329a6a40216.png,valid_masks/Tumors/Tumor-8-_jpg.rf.e55aa0919f05d3ab3683c329a6a40216_mask.png,valid/Tumors/Tumor-8-_jpg.rf.e55aa0919f05d3ab3683c329a6a40216.json,valid,Tumors,Tumors,Tumor,True,True,512,512,RGB,1.0,Tumor,True,0.01189422607421875,False
valid/Tumors/Tumor-80-_jpg.rf.2fbf7d78c013d6b23a78a1c8571dc99a.png,valid_masks/Tumors/Tumor-80-_jpg.rf.2fbf7d78c013d6b23a78a1c8571dc99a_mask.png,valid/Tumors/Tumor-80-_jpg.rf.2fbf7d78c013d6b23a78a1c8571dc99a.json,valid,Tumors,Tumors,Tumor,True,True,512,512,RGB,1.0,Tumor,True,0.02402496337890625,False
valid/Tumors/Tumor-81-_jpg.rf.13399ba46642127719df8d7a2b949a22.png,valid_masks/Tumors/Tumor-81-_jpg.rf.13399ba46642127719df8d7a2b949a22_mask.png,valid/Tumors/Tumor-81-_jpg.rf.13399ba46642127719df8d7a2b949a22.json,valid,Tumors,Tumors,Tumor,True,True,512,512,RGB,1.0,Tumor,True,0.023082733154296875,False
valid/Tumors/Tumor-82-_jpg.rf.77e5613c11c2cfff15355bcf857f3aa4.png,valid_masks/Tumors/Tumor-82-_jpg.rf.77e5613c11c2cfff15355bcf857f3aa4_mask.png,valid/Tumors/Tumor-82-_jpg.rf.77e5613c11c2cfff15355bcf857f3aa4.json,valid,Tumors,Tumors,Tumor,True,True,512,512,RGB,1.0,Tumor,True,0.020664215087890625,False
valid/Tumors/Tumor-83-_jpg.rf.3ea1f1d3f42ba716c5518b1cb6ce99a6.png,valid_masks/Tumors/Tumor-83-_jpg.rf.3ea1f1d3f42ba716c5518b1cb6ce99a6_mask.png,valid/Tumors/Tumor-83-_jpg.rf.3ea1f1d3f42ba716c5518b1cb6ce99a6.json,valid,Tumors,Tumors,Tumor,True,True,512,512,RGB,1.0,Tumor,True,0.02004241943359375,False
valid/Tumors/Tumor-84-_jpg.rf.43f2fef5ed4a304d020d4bc1cd95b511.png,valid_masks/Tumors/Tumor-84-_jpg.rf.43f2fef5ed4a304d020d4bc1cd95b511_mask.png,valid/Tumors/Tumor-84-_jpg.rf.43f2fef5ed4a304d020d4bc1cd95b511.json,valid,Tumors,Tumors,Tumor,True,True,512,512,RGB,1.0,Tumor,True,0.02048492431640625,False
valid/Tumors/Tumor-85-_jpg.rf.1d1312c671dcb9642cfa08b1c7e5cbe2.png,valid_masks/Tumors/Tumor-85-_jpg.rf.1d1312c671dcb9642cfa08b1c7e5cbe2_mask.png,valid/Tumors/Tumor-85-_jpg.rf.1d1312c671dcb9642cfa08b1c7e5cbe2.json,valid,Tumors,Tumors,Tumor,True,True,512,512,RGB,1.0,Tumor,True,0.019176483154296875,False
valid/Tumors/Tumor-86-_jpg.rf.567b4dae822f3be000d57302733d04ad.png,valid_masks/Tumors/Tumor-86-_jpg.rf.567b4dae822f3be000d57302733d04ad_mask.png,valid/Tumors/Tumor-86-_jpg.rf.567b4dae822f3be000d57302733d04ad.json,valid,Tumors,Tumors,Tumor,True,True,512,512,RGB,1.0,Tumor,True,0.019245147705078125,False
valid/Tumors/Tumor-87-_jpg.rf.6dcba1f4b3577a68cef93762086c744a.png,valid_masks/Tumors/Tumor-87-_jpg.rf.6dcba1f4b3577a68cef93762086c744a_mask.png,valid/Tumors/Tumor-87-_jpg.rf.6dcba1f4b3577a68cef93762086c744a.json,valid,Tumors,Tumors,Tumor,True,True,512,512,RGB,2.0,Tumor,True,0.018962860107421875,False
valid/Tumors/Tumor-88-_jpg.rf.70e782ad653945abb88383a2936667a2.png,valid_masks/Tumors/Tumor-88-_jpg.rf.70e782ad653945abb88383a2936667a2_mask.png,valid/Tumors/Tumor-88-_jpg.rf.70e782ad653945abb88383a2936667a2.json,valid,Tumors,Tumors,Tumor,True,True,512,512,RGB,2.0,Tumor,True,0.023693084716796875,False
valid/Tumors/Tumor-89-_jpg.rf.9ee7482f0854fc13e62f900b4a84ef97.png,valid_masks/Tumors/Tumor-89-_jpg.rf.9ee7482f0854fc13e62f900b4a84ef97_mask.png,valid/Tumors/Tumor-89-_jpg.rf.9ee7482f0854fc13e62f900b4a84ef97.json,valid,Tumors,Tumors,Tumor,True,True,512,512,RGB,2.0,Tumor,True,0.02533721923828125,False
valid/Tumors/Tumor-9-_jpg.rf.48e9d16b51749b6203bbfe6577c7ecbe.png,valid_masks/Tumors/Tumor-9-_jpg.rf.48e9d16b51749b6203bbfe6577c7ecbe_mask.png,valid/Tumors/Tumor-9-_jpg.rf.48e9d16b51749b6203bbfe6577c7ecbe.json,valid,Tumors,Tumors,Tumor,True,True,512,512,RGB,1.0,Tumor,True,0.01244354248046875,False
valid/Tumors/Tumor-90-_jpg.rf.a34c9d1450482406113cfd8e9d116148.png,valid_masks/Tumors/Tumor-90-_jpg.rf.a34c9d1450482406113cfd8e9d116148_mask.png,valid/Tumors/Tumor-90-_jpg.rf.a34c9d1450482406113cfd8e9d116148.json,valid,Tumors,Tumors,Tumor,True,True,512,512,RGB,1.0,Tumor,True,0.02553558349609375,False
valid/Tumors/Tumor-91-_jpg.rf.6a044cd16bbc86f937fe962e0ff6d611.png,valid_masks/Tumors/Tumor-91-_jpg.rf.6a044cd16bbc86f937fe962e0ff6d611_mask.png,valid/Tumors/Tumor-91-_jpg.rf.6a044cd16bbc86f937fe962e0ff6d611.json,valid,Tumors,Tumors,Tumor,True,True,512,512,RGB,1.0,Tumor,True,0.0261993408203125,False
valid/Tumors/Tumor-92-_jpg.rf.0cae8ccf2d6f5074ea67346981193f01.png,valid_masks/Tumors/Tumor-92-_jpg.rf.0cae8ccf2d6f5074ea67346981193f01_mask.png,valid/Tumors/Tumor-92-_jpg.rf.0cae8ccf2d6f5074ea67346981193f01.json,valid,Tumors,Tumors,Tumor,True,True,512,512,RGB,1.0,Tumor,True,0.028316497802734375,False
valid/Tumors/Tumor-93-_jpg.rf.99bd655221a17ce87596ab7fd5e591bb.png,valid_masks/Tumors/Tumor-93-_jpg.rf.99bd655221a17ce87596ab7fd5e591bb_mask.png,valid/Tumors/Tumor-93-_jpg.rf.99bd655221a17ce87596ab7fd5e591bb.json,valid,Tumors,Tumors,Tumor,True,True,512,512,RGB,1.0,Tumor,True,0.026157379150390625,False
valid/Tumors/Tumor-94-_jpg.rf.421ca573ca23efd8700fb4f47c0bf01e.png,valid_masks/Tumors/Tumor-94-_jpg.rf.421ca573ca23efd8700fb4f47c0bf01e_mask.png,valid/Tumors/Tumor-94-_jpg.rf.421ca573ca23efd8700fb4f47c0bf01e.json,valid,Tumors,Tumors,Tumor,True,True,512,512,RGB,1.0,Tumor,True,0.024143218994140625,False
valid/Tumors/Tumor-95-_jpg.rf.7e99c10c6a6e2a8d351ec640823dfcea.png,valid_masks/Tumors/Tumor-95-_jpg.rf.7e99c10c6a6e2a8d351ec640823dfcea_mask.png,valid/Tumors/Tumor-95-_jpg.rf.7e99c10c6a6e2a8d351ec640823dfcea.json,valid,Tumors,Tumors,Tumor,True,True,512,512,RGB,1.0,Tumor,True,0.0735321044921875,False
valid/Tumors/Tumor-96-_jpg.rf.88b87e71e799581114aa7f03d4bb2661.png,valid_masks/Tumors/Tumor-96-_jpg.rf.88b87e71e799581114aa7f03d4bb2661_mask.png,valid/Tumors/Tumor-96-_jpg.rf.88b87e71e799581114aa7f03d4bb2661.json,valid,Tumors,Tumors,Tumor,True,True,512,512,RGB,1.0,Tumor,True,0.06926345825195312,False
valid/Tumors/Tumor-97-_jpg.rf.e45a968b62adc0bb629acf80b0419879.png,valid_masks/Tumors/Tumor-97-_jpg.rf.e45a968b62adc0bb629acf80b0419879_mask.png,valid/Tumors/Tumor-97-_jpg.rf.e45a968b62adc0bb629acf80b0419879.json,valid,Tumors,Tumors,Tumor,True,True,512,512,RGB,1.0,Tumor,True,0.06227874755859375,False
valid/Tumors/Tumor-98-_jpg.rf.877d46e905b8698134bd1c045bc6a603.png,valid_masks/Tumors/Tumor-98-_jpg.rf.877d46e905b8698134bd1c045bc6a603_mask.png,valid/Tumors/Tumor-98-_jpg.rf.877d46e905b8698134bd1c045bc6a603.json,valid,Tumors,Tumors,Tumor,True,True,512,512,RGB,1.0,Tumor,True,0.07014846801757812,False
valid/Tumors/Tumor-99-_jpg.rf.f16ddbd4bfdf740adcfd8a5fd2003f0c.png,valid_masks/Tumors/Tumor-99-_jpg.rf.f16ddbd4bfdf740adcfd8a5fd2003f0c_mask.png,valid/Tumors/Tumor-99-_jpg.rf.f16ddbd4bfdf740adcfd8a5fd2003f0c.json,valid,Tumors,Tumors,Tumor,True,True,512,512,RGB,1.0,Tumor,True,0.0592193603515625,False
test/Normal/Amna (1).png,,,test,Normal,Normal,Normal,False,False,512,512,RGB,,,,,False
test/Normal/Amna (10).png,,,test,Normal,Normal,Normal,False,False,512,512,RGB,,,,,False
test/Normal/Amna (11).png,,,test,Normal,Normal,Normal,False,False,512,512,RGB,,,,,False
test/Normal/Amna (12).png,,,test,Normal,Normal,Normal,False,False,512,512,RGB,,,,,False
test/Normal/Amna (13).png,,,test,Normal,Normal,Normal,False,False,512,512,RGB,,,,,False
test/Normal/Amna (14).png,,,test,Normal,Normal,Normal,False,False,512,512,RGB,,,,,False
test/Normal/Amna (15).png,,,test,Normal,Normal,Normal,False,False,512,512,RGB,,,,,False
test/Normal/Amna (16).png,,,test,Normal,Normal,Normal,False,False,512,512,RGB,,,,,False
test/Normal/Amna (17).png,,,test,Normal,Normal,Normal,False,False,512,512,RGB,,,,,False
test/Normal/Amna (18).png,,,test,Normal,Normal,Normal,False,False,512,512,RGB,,,,,False
test/Normal/Amna (19).png,,,test,Normal,Normal,Normal,False,False,512,512,RGB,,,,,False
test/Normal/Amna (2).png,,,test,Normal,Normal,Normal,False,False,512,512,RGB,,,,,False
test/Normal/Amna (20).png,,,test,Normal,Normal,Normal,False,False,512,512,RGB,,,,,False
test/Normal/Amna (21).png,,,test,Normal,Normal,Normal,False,False,512,512,RGB,,,,,False
test/Normal/Amna (22).png,,,test,Normal,Normal,Normal,False,False,512,512,RGB,,,,,False
test/Normal/Amna (23).png,,,test,Normal,Normal,Normal,False,False,512,512,RGB,,,,,False
test/Normal/Amna (24).png,,,test,Normal,Normal,Normal,False,False,512,512,RGB,,,,,False
test/Normal/Amna (25).png,,,test,Normal,Normal,Normal,False,False,512,512,RGB,,,,,False
test/Normal/Amna (26).png,,,test,Normal,Normal,Normal,False,False,512,512,RGB,,,,,False
test/Normal/Amna (27).png,,,test,Normal,Normal,Normal,False,False,512,512,RGB,,,,,False
test/Normal/Amna (28).png,,,test,Normal,Normal,Normal,False,False,512,512,RGB,,,,,False
test/Normal/Amna (29).png,,,test,Normal,Normal,Normal,False,False,512,512,RGB,,,,,False
test/Normal/Amna (3).png,,,test,Normal,Normal,Normal,False,False,512,512,RGB,,,,,False
test/Normal/Amna (30).png,,,test,Normal,Normal,Normal,False,False,512,512,RGB,,,,,False
test/Normal/Amna (31).png,,,test,Normal,Normal,Normal,False,False,512,512,RGB,,,,,False
test/Normal/Amna (32).png,,,test,Normal,Normal,Normal,False,False,512,512,RGB,,,,,False
test/Normal/Amna (33).png,,,test,Normal,Normal,Normal,False,False,512,512,RGB,,,,,False
test/Normal/Amna (34).png,,,test,Normal,Normal,Normal,False,False,512,512,RGB,,,,,False
test/Normal/Amna (35).png,,,test,Normal,Normal,Normal,False,False,512,512,RGB,,,,,False
test/Normal/Amna (36).png,,,test,Normal,Normal,Normal,False,False,512,512,RGB,,,,,False
test/Normal/Amna (37).png,,,test,Normal,Normal,Normal,False,False,512,512,RGB,,,,,False
test/Normal/Amna (38).png,,,test,Normal,Normal,Normal,False,False,512,512,RGB,,,,,False
test/Normal/Amna (39).png,,,test,Normal,Normal,Normal,False,False,512,512,RGB,,,,,False
test/Normal/Amna (4).png,,,test,Normal,Normal,Normal,False,False,512,512,RGB,,,,,False
test/Normal/Amna (40).png,,,test,Normal,Normal,Normal,False,False,512,512,RGB,,,,,False
test/Normal/Amna (41).png,,,test,Normal,Normal,Normal,False,False,512,512,RGB,,,,,False
test/Normal/Amna (42).png,,,test,Normal,Normal,Normal,False,False,512,512,RGB,,,,,False
test/Normal/Amna (43).png,,,test,Normal,Normal,Normal,False,False,512,512,RGB,,,,,False
test/Normal/Amna (44).png,,,test,Normal,Normal,Normal,False,False,512,512,RGB,,,,,False
test/Normal/Amna (45).png,,,test,Normal,Normal,Normal,False,False,512,512,RGB,,,,,False
test/Normal/Amna (46).png,,,test,Normal,Normal,Normal,False,False,512,512,RGB,,,,,False
test/Normal/Amna (47).png,,,test,Normal,Normal,Normal,False,False,512,512,RGB,,,,,False
test/Normal/Amna (48).png,,,test,Normal,Normal,Normal,False,False,512,512,RGB,,,,,False
test/Normal/Amna (49).png,,,test,Normal,Normal,Normal,False,False,512,512,RGB,,,,,False
test/Normal/Amna (5).png,,,test,Normal,Normal,Normal,False,False,512,512,RGB,,,,,False
test/Normal/Amna (50).png,,,test,Normal,Normal,Normal,False,False,512,512,RGB,,,,,False
test/Normal/Amna (51).png,,,test,Normal,Normal,Normal,False,False,512,512,RGB,,,,,False
test/Normal/Amna (52).png,,,test,Normal,Normal,Normal,False,False,512,512,RGB,,,,,False
test/Normal/Amna (53).png,,,test,Normal,Normal,Normal,False,False,512,512,RGB,,,,,False
test/Normal/Amna (54).png,,,test,Normal,Normal,Normal,False,False,512,512,RGB,,,,,False
test/Normal/Amna (55).png,,,test,Normal,Normal,Normal,False,False,512,512,RGB,,,,,False
test/Normal/Amna (56).png,,,test,Normal,Normal,Normal,False,False,512,512,RGB,,,,,False
test/Normal/Amna (57).png,,,test,Normal,Normal,Normal,False,False,512,512,RGB,,,,,False
test/Normal/Amna (58).png,,,test,Normal,Normal,Normal,False,False,512,512,RGB,,,,,False
test/Normal/Amna (59).png,,,test,Normal,Normal,Normal,False,False,512,512,RGB,,,,,False
test/Normal/Amna (6).png,,,test,Normal,Normal,Normal,False,False,512,512,RGB,,,,,False
test/Normal/Amna (60).png,,,test,Normal,Normal,Normal,False,False,512,512,RGB,,,,,False
test/Normal/Amna (61).png,,,test,Normal,Normal,Normal,False,False,512,512,RGB,,,,,False
test/Normal/Amna (62).png,,,test,Normal,Normal,Normal,False,False,512,512,RGB,,,,,False
test/Normal/Amna (63).png,,,test,Normal,Normal,Normal,False,False,512,512,RGB,,,,,False
test/Normal/Amna (64).png,,,test,Normal,Normal,Normal,False,False,512,512,RGB,,,,,False
test/Normal/Amna (65).png,,,test,Normal,Normal,Normal,False,False,512,512,RGB,,,,,False
test/Normal/Amna (66).png,,,test,Normal,Normal,Normal,False,False,512,512,RGB,,,,,False
test/Normal/Amna (67).png,,,test,Normal,Normal,Normal,False,False,512,512,RGB,,,,,False
test/Normal/Amna (68).png,,,test,Normal,Normal,Normal,False,False,512,512,RGB,,,,,False
test/Normal/Amna (69).png,,,test,Normal,Normal,Normal,False,False,512,512,RGB,,,,,False
test/Normal/Amna (7).png,,,test,Normal,Normal,Normal,False,False,512,512,RGB,,,,,False
test/Normal/Amna (70).png,,,test,Normal,Normal,Normal,False,False,512,512,RGB,,,,,False
test/Normal/Amna (71).png,,,test,Normal,Normal,Normal,False,False,512,512,RGB,,,,,False
test/Normal/Amna (72).png,,,test,Normal,Normal,Normal,False,False,512,512,RGB,,,,,False
test/Normal/Amna (73).png,,,test,Normal,Normal,Normal,False,False,512,512,RGB,,,,,False
test/Normal/Amna (74).png,,,test,Normal,Normal,Normal,False,False,512,512,RGB,,,,,False
test/Normal/Amna (75).png,,,test,Normal,Normal,Normal,False,False,512,512,RGB,,,,,False
test/Normal/Amna (76).png,,,test,Normal,Normal,Normal,False,False,512,512,RGB,,,,,False
test/Normal/Amna (77).png,,,test,Normal,Normal,Normal,False,False,512,512,RGB,,,,,False
test/Normal/Amna (78).png,,,test,Normal,Normal,Normal,False,False,512,512,RGB,,,,,False
test/Normal/Amna (79).png,,,test,Normal,Normal,Normal,False,False,512,512,RGB,,,,,False
test/Normal/Amna (8).png,,,test,Normal,Normal,Normal,False,False,512,512,RGB,,,,,False
test/Normal/Amna (80).png,,,test,Normal,Normal,Normal,False,False,512,512,RGB,,,,,False
test/Normal/Amna (81).png,,,test,Normal,Normal,Normal,False,False,512,512,RGB,,,,,False
test/Normal/Amna (82).png,,,test,Normal,Normal,Normal,False,False,512,512,RGB,,,,,False
test/Normal/Amna (83).png,,,test,Normal,Normal,Normal,False,False,512,512,RGB,,,,,False
test/Normal/Amna (84).png,,,test,Normal,Normal,Normal,False,False,512,512,RGB,,,,,False
test/Normal/Amna (85).png,,,test,Normal,Normal,Normal,False,False,512,512,RGB,,,,,False
test/Normal/Amna (86).png,,,test,Normal,Normal,Normal,False,False,512,512,RGB,,,,,False
test/Normal/Amna (87).png,,,test,Normal,Normal,Normal,False,False,512,512,RGB,,,,,False
test/Normal/Amna (88).png,,,test,Normal,Normal,Normal,False,False,512,512,RGB,,,,,False
test/Normal/Amna (89).png,,,test,Normal,Normal,Normal,False,False,512,512,RGB,,,,,False
test/Normal/Amna (9).png,,,test,Normal,Normal,Normal,False,False,512,512,RGB,,,,,False
test/Normal/Amna (90).png,,,test,Normal,Normal,Normal,False,False,512,512,RGB,,,,,False
test/Normal/Amna (91).png,,,test,Normal,Normal,Normal,False,False,512,512,RGB,,,,,False
test/Normal/Amna (92).png,,,test,Normal,Normal,Normal,False,False,512,512,RGB,,,,,False
test/Normal/Amna (93).png,,,test,Normal,Normal,Normal,False,False,512,512,RGB,,,,,False
test/Normal/Amna (94).png,,,test,Normal,Normal,Normal,False,False,512,512,RGB,,,,,False
test/Normal/Amna (95).png,,,test,Normal,Normal,Normal,False,False,512,512,RGB,,,,,False
test/Normal/Amna (96).png,,,test,Normal,Normal,Normal,False,False,512,512,RGB,,,,,False
test/Normal/Khalida (1).png,,,test,Normal,Normal,Normal,False,False,512,512,RGB,,,,,False
test/Normal/Khalida (10).png,,,test,Normal,Normal,Normal,False,False,512,512,RGB,,,,,False
test/Normal/Khalida (100).png,,,test,Normal,Normal,Normal,False,False,512,512,RGB,,,,,False
test/Normal/Khalida (101).png,,,test,Normal,Normal,Normal,False,False,512,512,RGB,,,,,False
test/Normal/Khalida (102).png,,,test,Normal,Normal,Normal,False,False,512,512,RGB,,,,,False
test/Normal/Khalida (103).png,,,test,Normal,Normal,Normal,False,False,512,512,RGB,,,,,False
test/Normal/Khalida (104).png,,,test,Normal,Normal,Normal,False,False,512,512,RGB,,,,,False
test/Normal/Khalida (105).png,,,test,Normal,Normal,Normal,False,False,512,512,RGB,,,,,False
test/Normal/Khalida (106).png,,,test,Normal,Normal,Normal,False,False,512,512,RGB,,,,,False
test/Normal/Khalida (107).png,,,test,Normal,Normal,Normal,False,False,512,512,RGB,,,,,False
test/Normal/Khalida (108).png,,,test,Normal,Normal,Normal,False,False,512,512,RGB,,,,,False
test/Normal/Khalida (109).png,,,test,Normal,Normal,Normal,False,False,512,512,RGB,,,,,False
test/Normal/Khalida (11).png,,,test,Normal,Normal,Normal,False,False,512,512,RGB,,,,,False
test/Normal/Khalida (110).png,,,test,Normal,Normal,Normal,False,False,512,512,RGB,,,,,False
test/Normal/Khalida (111).png,,,test,Normal,Normal,Normal,False,False,512,512,RGB,,,,,False
test/Normal/Khalida (112).png,,,test,Normal,Normal,Normal,False,False,512,512,RGB,,,,,False
test/Normal/Khalida (12).png,,,test,Normal,Normal,Normal,False,False,512,512,RGB,,,,,False
test/Normal/Khalida (13).png,,,test,Normal,Normal,Normal,False,False,512,512,RGB,,,,,False
test/Normal/Khalida (14).png,,,test,Normal,Normal,Normal,False,False,512,512,RGB,,,,,False
test/Normal/Khalida (15).png,,,test,Normal,Normal,Normal,False,False,512,512,RGB,,,,,False
test/Normal/Khalida (16).png,,,test,Normal,Normal,Normal,False,False,512,512,RGB,,,,,False
test/Normal/Khalida (17).png,,,test,Normal,Normal,Normal,False,False,512,512,RGB,,,,,False
test/Normal/Khalida (18).png,,,test,Normal,Normal,Normal,False,False,512,512,RGB,,,,,False
test/Normal/Khalida (19).png,,,test,Normal,Normal,Normal,False,False,512,512,RGB,,,,,False
test/Normal/Khalida (2).png,,,test,Normal,Normal,Normal,False,False,512,512,RGB,,,,,False
test/Normal/Khalida (20).png,,,test,Normal,Normal,Normal,False,False,512,512,RGB,,,,,False
test/Normal/Khalida (21).png,,,test,Normal,Normal,Normal,False,False,512,512,RGB,,,,,False
test/Normal/Khalida (22).png,,,test,Normal,Normal,Normal,False,False,512,512,RGB,,,,,False
test/Normal/Khalida (23).png,,,test,Normal,Normal,Normal,False,False,512,512,RGB,,,,,False
test/Normal/Khalida (24).png,,,test,Normal,Normal,Normal,False,False,512,512,RGB,,,,,False
test/Normal/Khalida (25).png,,,test,Normal,Normal,Normal,False,False,512,512,RGB,,,,,False
test/Normal/Khalida (26).png,,,test,Normal,Normal,Normal,False,False,512,512,RGB,,,,,False
test/Normal/Khalida (27).png,,,test,Normal,Normal,Normal,False,False,512,512,RGB,,,,,False
test/Normal/Khalida (28).png,,,test,Normal,Normal,Normal,False,False,512,512,RGB,,,,,False
test/Normal/Khalida (29).png,,,test,Normal,Normal,Normal,False,False,512,512,RGB,,,,,False
test/Normal/Khalida (3).png,,,test,Normal,Normal,Normal,False,False,512,512,RGB,,,,,False
test/Normal/Khalida (30).png,,,test,Normal,Normal,Normal,False,False,512,512,RGB,,,,,False
test/Normal/Khalida (31).png,,,test,Normal,Normal,Normal,False,False,512,512,RGB,,,,,False
test/Normal/Khalida (32).png,,,test,Normal,Normal,Normal,False,False,512,512,RGB,,,,,False
test/Normal/Khalida (33).png,,,test,Normal,Normal,Normal,False,False,512,512,RGB,,,,,False
test/Normal/Khalida (34).png,,,test,Normal,Normal,Normal,False,False,512,512,RGB,,,,,False
test/Normal/Khalida (35).png,,,test,Normal,Normal,Normal,False,False,512,512,RGB,,,,,False
test/Normal/Khalida (36).png,,,test,Normal,Normal,Normal,False,False,512,512,RGB,,,,,False
test/Normal/Khalida (37).png,,,test,Normal,Normal,Normal,False,False,512,512,RGB,,,,,False
test/Normal/Khalida (38).png,,,test,Normal,Normal,Normal,False,False,512,512,RGB,,,,,False
test/Normal/Khalida (39).png,,,test,Normal,Normal,Normal,False,False,512,512,RGB,,,,,False
test/Normal/Khalida (4).png,,,test,Normal,Normal,Normal,False,False,512,512,RGB,,,,,False
test/Normal/Khalida (40).png,,,test,Normal,Normal,Normal,False,False,512,512,RGB,,,,,False
test/Normal/Khalida (41).png,,,test,Normal,Normal,Normal,False,False,512,512,RGB,,,,,False
test/Normal/Khalida (42).png,,,test,Normal,Normal,Normal,False,False,512,512,RGB,,,,,False
test/Normal/Khalida (43).png,,,test,Normal,Normal,Normal,False,False,512,512,RGB,,,,,False
test/Normal/Khalida (44).png,,,test,Normal,Normal,Normal,False,False,512,512,RGB,,,,,False
test/Normal/Khalida (45).png,,,test,Normal,Normal,Normal,False,False,512,512,RGB,,,,,False
test/Normal/Khalida (46).png,,,test,Normal,Normal,Normal,False,False,512,512,RGB,,,,,False
test/Normal/Khalida (47).png,,,test,Normal,Normal,Normal,False,False,512,512,RGB,,,,,False
test/Normal/Khalida (48).png,,,test,Normal,Normal,Normal,False,False,512,512,RGB,,,,,False
test/Normal/Khalida (49).png,,,test,Normal,Normal,Normal,False,False,512,512,RGB,,,,,False
test/Normal/Khalida (5).png,,,test,Normal,Normal,Normal,False,False,512,512,RGB,,,,,False
test/Normal/Khalida (50).png,,,test,Normal,Normal,Normal,False,False,512,512,RGB,,,,,False
test/Normal/Khalida (51).png,,,test,Normal,Normal,Normal,False,False,512,512,RGB,,,,,False
test/Normal/Khalida (52).png,,,test,Normal,Normal,Normal,False,False,512,512,RGB,,,,,False
test/Normal/Khalida (53).png,,,test,Normal,Normal,Normal,False,False,512,512,RGB,,,,,False
test/Normal/Khalida (54).png,,,test,Normal,Normal,Normal,False,False,512,512,RGB,,,,,False
test/Normal/Khalida (55).png,,,test,Normal,Normal,Normal,False,False,512,512,RGB,,,,,False
test/Normal/Khalida (56).png,,,test,Normal,Normal,Normal,False,False,512,512,RGB,,,,,False
test/Normal/Khalida (57).png,,,test,Normal,Normal,Normal,False,False,512,512,RGB,,,,,False
test/Normal/Khalida (58).png,,,test,Normal,Normal,Normal,False,False,512,512,RGB,,,,,False
test/Normal/Khalida (59).png,,,test,Normal,Normal,Normal,False,False,512,512,RGB,,,,,False
test/Normal/Khalida (6).png,,,test,Normal,Normal,Normal,False,False,512,512,RGB,,,,,False
test/Normal/Khalida (60).png,,,test,Normal,Normal,Normal,False,False,512,512,RGB,,,,,False
test/Normal/Khalida (61).png,,,test,Normal,Normal,Normal,False,False,512,512,RGB,,,,,False
test/Normal/Khalida (62).png,,,test,Normal,Normal,Normal,False,False,512,512,RGB,,,,,False
test/Normal/Khalida (63).png,,,test,Normal,Normal,Normal,False,False,512,512,RGB,,,,,False
test/Normal/Khalida (64).png,,,test,Normal,Normal,Normal,False,False,512,512,RGB,,,,,False
test/Normal/Khalida (65).png,,,test,Normal,Normal,Normal,False,False,512,512,RGB,,,,,False
test/Normal/Khalida (66).png,,,test,Normal,Normal,Normal,False,False,512,512,RGB,,,,,False
test/Normal/Khalida (67).png,,,test,Normal,Normal,Normal,False,False,512,512,RGB,,,,,False
test/Normal/Khalida (68).png,,,test,Normal,Normal,Normal,False,False,512,512,RGB,,,,,False
test/Normal/Khalida (69).png,,,test,Normal,Normal,Normal,False,False,512,512,RGB,,,,,False
test/Normal/Khalida (7).png,,,test,Normal,Normal,Normal,False,False,512,512,RGB,,,,,False
test/Normal/Khalida (70).png,,,test,Normal,Normal,Normal,False,False,512,512,RGB,,,,,False
test/Normal/Khalida (71).png,,,test,Normal,Normal,Normal,False,False,512,512,RGB,,,,,False
test/Normal/Khalida (72).png,,,test,Normal,Normal,Normal,False,False,512,512,RGB,,,,,False
test/Normal/Khalida (73).png,,,test,Normal,Normal,Normal,False,False,512,512,RGB,,,,,False
test/Normal/Khalida (74).png,,,test,Normal,Normal,Normal,False,False,512,512,RGB,,,,,False
test/Normal/Khalida (75).png,,,test,Normal,Normal,Normal,False,False,512,512,RGB,,,,,False
test/Normal/Khalida (76).png,,,test,Normal,Normal,Normal,False,False,512,512,RGB,,,,,False
test/Normal/Khalida (77).png,,,test,Normal,Normal,Normal,False,False,512,512,RGB,,,,,False
test/Normal/Khalida (78).png,,,test,Normal,Normal,Normal,False,False,512,512,RGB,,,,,False
test/Normal/Khalida (79).png,,,test,Normal,Normal,Normal,False,False,512,512,RGB,,,,,False
test/Normal/Khalida (8).png,,,test,Normal,Normal,Normal,False,False,512,512,RGB,,,,,False
test/Normal/Khalida (80).png,,,test,Normal,Normal,Normal,False,False,512,512,RGB,,,,,False
test/Normal/Khalida (81).png,,,test,Normal,Normal,Normal,False,False,512,512,RGB,,,,,False
test/Normal/Khalida (82).png,,,test,Normal,Normal,Normal,False,False,512,512,RGB,,,,,False
test/Normal/Khalida (83).png,,,test,Normal,Normal,Normal,False,False,512,512,RGB,,,,,False
test/Normal/Khalida (84).png,,,test,Normal,Normal,Normal,False,False,512,512,RGB,,,,,False
test/Normal/Khalida (85).png,,,test,Normal,Normal,Normal,False,False,512,512,RGB,,,,,False
test/Normal/Khalida (86).png,,,test,Normal,Normal,Normal,False,False,512,512,RGB,,,,,False
test/Normal/Khalida (87).png,,,test,Normal,Normal,Normal,False,False,512,512,RGB,,,,,False
test/Normal/Khalida (88).png,,,test,Normal,Normal,Normal,False,False,512,512,RGB,,,,,False
test/Normal/Khalida (89).png,,,test,Normal,Normal,Normal,False,False,512,512,RGB,,,,,False
test/Normal/Khalida (9).png,,,test,Normal,Normal,Normal,False,False,512,512,RGB,,,,,False
test/Normal/Khalida (90).png,,,test,Normal,Normal,Normal,False,False,512,512,RGB,,,,,False
test/Normal/Khalida (91).png,,,test,Normal,Normal,Normal,False,False,512,512,RGB,,,,,False
test/Normal/Khalida (92).png,,,test,Normal,Normal,Normal,False,False,512,512,RGB,,,,,False
test/Normal/Khalida (93).png,,,test,Normal,Normal,Normal,False,False,512,512,RGB,,,,,False
test/Normal/Khalida (94).png,,,test,Normal,Normal,Normal,False,False,512,512,RGB,,,,,False
test/Normal/Khalida (95).png,,,test,Normal,Normal,Normal,False,False,512,512,RGB,,,,,False
test/Normal/Khalida (96).png,,,test,Normal,Normal,Normal,False,False,512,512,RGB,,,,,False
test/Normal/Khalida (97).png,,,test,Normal,Normal,Normal,False,False,512,512,RGB,,,,,False
test/Normal/Khalida (98).png,,,test,Normal,Normal,Normal,False,False,512,512,RGB,,,,,False
test/Normal/Khalida (99).png,,,test,Normal,Normal,Normal,False,False,512,512,RGB,,,,,False
test/Normal/Musarrat (1).png,,,test,Normal,Normal,Normal,False,False,512,512,RGB,,,,,False
test/Normal/Musarrat (10).png,,,test,Normal,Normal,Normal,False,False,512,512,RGB,,,,,False
test/Normal/Musarrat (100).png,,,test,Normal,Normal,Normal,False,False,512,512,RGB,,,,,False
test/Normal/Musarrat (101).png,,,test,Normal,Normal,Normal,False,False,512,512,RGB,,,,,False
test/Normal/Musarrat (102).png,,,test,Normal,Normal,Normal,False,False,512,512,RGB,,,,,False
test/Normal/Musarrat (103).png,,,test,Normal,Normal,Normal,False,False,512,512,RGB,,,,,False
test/Normal/Musarrat (104).png,,,test,Normal,Normal,Normal,False,False,512,512,RGB,,,,,False
test/Normal/Musarrat (105).png,,,test,Normal,Normal,Normal,False,False,512,512,RGB,,,,,False
test/Normal/Musarrat (106).png,,,test,Normal,Normal,Normal,False,False,512,512,RGB,,,,,False
test/Normal/Musarrat (107).png,,,test,Normal,Normal,Normal,False,False,512,512,RGB,,,,,False
test/Normal/Musarrat (108).png,,,test,Normal,Normal,Normal,False,False,512,512,RGB,,,,,False
test/Normal/Musarrat (109).png,,,test,Normal,Normal,Normal,False,False,512,512,RGB,,,,,False
test/Normal/Musarrat (11).png,,,test,Normal,Normal,Normal,False,False,512,512,RGB,,,,,False
test/Normal/Musarrat (110).png,,,test,Normal,Normal,Normal,False,False,512,512,RGB,,,,,False
test/Normal/Musarrat (111).png,,,test,Normal,Normal,Normal,False,False,512,512,RGB,,,,,False
test/Normal/Musarrat (112).png,,,test,Normal,Normal,Normal,False,False,512,512,RGB,,,,,False
test/Normal/Musarrat (113).png,,,test,Normal,Normal,Normal,False,False,512,512,RGB,,,,,False
test/Normal/Musarrat (114).png,,,test,Normal,Normal,Normal,False,False,512,512,RGB,,,,,False
test/Normal/Musarrat (115).png,,,test,Normal,Normal,Normal,False,False,512,512,RGB,,,,,False
test/Normal/Musarrat (116).png,,,test,Normal,Normal,Normal,False,False,512,512,RGB,,,,,False
test/Normal/Musarrat (117).png,,,test,Normal,Normal,Normal,False,False,512,512,RGB,,,,,False
test/Normal/Musarrat (118).png,,,test,Normal,Normal,Normal,False,False,512,512,RGB,,,,,False
test/Normal/Musarrat (119).png,,,test,Normal,Normal,Normal,False,False,512,512,RGB,,,,,False
test/Normal/Musarrat (12).png,,,test,Normal,Normal,Normal,False,False,512,512,RGB,,,,,False
test/Normal/Musarrat (120).png,,,test,Normal,Normal,Normal,False,False,512,512,RGB,,,,,False
test/Normal/Musarrat (121).png,,,test,Normal,Normal,Normal,False,False,512,512,RGB,,,,,False
test/Normal/Musarrat (122).png,,,test,Normal,Normal,Normal,False,False,512,512,RGB,,,,,False
test/Normal/Musarrat (123).png,,,test,Normal,Normal,Normal,False,False,512,512,RGB,,,,,False
test/Normal/Musarrat (124).png,,,test,Normal,Normal,Normal,False,False,512,512,RGB,,,,,False
test/Normal/Musarrat (125).png,,,test,Normal,Normal,Normal,False,False,512,512,RGB,,,,,False
test/Normal/Musarrat (126).png,,,test,Normal,Normal,Normal,False,False,512,512,RGB,,,,,False
test/Normal/Musarrat (127).png,,,test,Normal,Normal,Normal,False,False,512,512,RGB,,,,,False
test/Normal/Musarrat (128).png,,,test,Normal,Normal,Normal,False,False,512,512,RGB,,,,,False
test/Normal/Musarrat (13).png,,,test,Normal,Normal,Normal,False,False,512,512,RGB,,,,,False
test/Normal/Musarrat (14).png,,,test,Normal,Normal,Normal,False,False,512,512,RGB,,,,,False
test/Normal/Musarrat (15).png,,,test,Normal,Normal,Normal,False,False,512,512,RGB,,,,,False
test/Normal/Musarrat (16).png,,,test,Normal,Normal,Normal,False,False,512,512,RGB,,,,,False
test/Normal/Musarrat (17).png,,,test,Normal,Normal,Normal,False,False,512,512,RGB,,,,,False
test/Normal/Musarrat (18).png,,,test,Normal,Normal,Normal,False,False,512,512,RGB,,,,,False
test/Normal/Musarrat (19).png,,,test,Normal,Normal,Normal,False,False,512,512,RGB,,,,,False
test/Normal/Musarrat (2).png,,,test,Normal,Normal,Normal,False,False,512,512,RGB,,,,,False
test/Normal/Musarrat (20).png,,,test,Normal,Normal,Normal,False,False,512,512,RGB,,,,,False
test/Normal/Musarrat (21).png,,,test,Normal,Normal,Normal,False,False,512,512,RGB,,,,,False
test/Normal/Musarrat (22).png,,,test,Normal,Normal,Normal,False,False,512,512,RGB,,,,,False
test/Normal/Musarrat (23).png,,,test,Normal,Normal,Normal,False,False,512,512,RGB,,,,,False
test/Normal/Musarrat (24).png,,,test,Normal,Normal,Normal,False,False,512,512,RGB,,,,,False
test/Normal/Musarrat (25).png,,,test,Normal,Normal,Normal,False,False,512,512,RGB,,,,,False
test/Normal/Musarrat (26).png,,,test,Normal,Normal,Normal,False,False,512,512,RGB,,,,,False
test/Normal/Musarrat (27).png,,,test,Normal,Normal,Normal,False,False,512,512,RGB,,,,,False
test/Normal/Musarrat (28).png,,,test,Normal,Normal,Normal,False,False,512,512,RGB,,,,,False
test/Normal/Musarrat (29).png,,,test,Normal,Normal,Normal,False,False,512,512,RGB,,,,,False
test/Normal/Musarrat (3).png,,,test,Normal,Normal,Normal,False,False,512,512,RGB,,,,,False
test/Normal/Musarrat (30).png,,,test,Normal,Normal,Normal,False,False,512,512,RGB,,,,,False
test/Normal/Musarrat (31).png,,,test,Normal,Normal,Normal,False,False,512,512,RGB,,,,,False
test/Normal/Musarrat (32).png,,,test,Normal,Normal,Normal,False,False,512,512,RGB,,,,,False
test/Normal/Musarrat (33).png,,,test,Normal,Normal,Normal,False,False,512,512,RGB,,,,,False
test/Normal/Musarrat (34).png,,,test,Normal,Normal,Normal,False,False,512,512,RGB,,,,,False
test/Normal/Musarrat (35).png,,,test,Normal,Normal,Normal,False,False,512,512,RGB,,,,,False
test/Normal/Musarrat (36).png,,,test,Normal,Normal,Normal,False,False,512,512,RGB,,,,,False
test/Normal/Musarrat (37).png,,,test,Normal,Normal,Normal,False,False,512,512,RGB,,,,,False
test/Normal/Musarrat (38).png,,,test,Normal,Normal,Normal,False,False,512,512,RGB,,,,,False
test/Normal/Musarrat (39).png,,,test,Normal,Normal,Normal,False,False,512,512,RGB,,,,,False
test/Normal/Musarrat (4).png,,,test,Normal,Normal,Normal,False,False,512,512,RGB,,,,,False
test/Normal/Musarrat (40).png,,,test,Normal,Normal,Normal,False,False,512,512,RGB,,,,,False
test/Normal/Musarrat (41).png,,,test,Normal,Normal,Normal,False,False,512,512,RGB,,,,,False
test/Normal/Musarrat (42).png,,,test,Normal,Normal,Normal,False,False,512,512,RGB,,,,,False
test/Normal/Musarrat (43).png,,,test,Normal,Normal,Normal,False,False,512,512,RGB,,,,,False
test/Normal/Musarrat (44).png,,,test,Normal,Normal,Normal,False,False,512,512,RGB,,,,,False
test/Normal/Musarrat (45).png,,,test,Normal,Normal,Normal,False,False,512,512,RGB,,,,,False
test/Normal/Musarrat (46).png,,,test,Normal,Normal,Normal,False,False,512,512,RGB,,,,,False
test/Normal/Musarrat (47).png,,,test,Normal,Normal,Normal,False,False,512,512,RGB,,,,,False
test/Normal/Musarrat (48).png,,,test,Normal,Normal,Normal,False,False,512,512,RGB,,,,,False
test/Normal/Musarrat (49).png,,,test,Normal,Normal,Normal,False,False,512,512,RGB,,,,,False
test/Normal/Musarrat (5).png,,,test,Normal,Normal,Normal,False,False,512,512,RGB,,,,,False
test/Normal/Musarrat (50).png,,,test,Normal,Normal,Normal,False,False,512,512,RGB,,,,,False
test/Normal/Musarrat (51).png,,,test,Normal,Normal,Normal,False,False,512,512,RGB,,,,,False
test/Normal/Musarrat (52).png,,,test,Normal,Normal,Normal,False,False,512,512,RGB,,,,,False
test/Normal/Musarrat (53).png,,,test,Normal,Normal,Normal,False,False,512,512,RGB,,,,,False
test/Normal/Musarrat (54).png,,,test,Normal,Normal,Normal,False,False,512,512,RGB,,,,,False
test/Normal/Musarrat (55).png,,,test,Normal,Normal,Normal,False,False,512,512,RGB,,,,,False
test/Normal/Musarrat (56).png,,,test,Normal,Normal,Normal,False,False,512,512,RGB,,,,,False
test/Normal/Musarrat (57).png,,,test,Normal,Normal,Normal,False,False,512,512,RGB,,,,,False
test/Normal/Musarrat (58).png,,,test,Normal,Normal,Normal,False,False,512,512,RGB,,,,,False
test/Normal/Musarrat (59).png,,,test,Normal,Normal,Normal,False,False,512,512,RGB,,,,,False
test/Normal/Musarrat (6).png,,,test,Normal,Normal,Normal,False,False,512,512,RGB,,,,,False
test/Normal/Musarrat (60).png,,,test,Normal,Normal,Normal,False,False,512,512,RGB,,,,,False
test/Normal/Musarrat (61).png,,,test,Normal,Normal,Normal,False,False,512,512,RGB,,,,,False
test/Normal/Musarrat (62).png,,,test,Normal,Normal,Normal,False,False,512,512,RGB,,,,,False
test/Normal/Musarrat (63).png,,,test,Normal,Normal,Normal,False,False,512,512,RGB,,,,,False
test/Normal/Musarrat (64).png,,,test,Normal,Normal,Normal,False,False,512,512,RGB,,,,,False
test/Normal/Musarrat (65).png,,,test,Normal,Normal,Normal,False,False,512,512,RGB,,,,,False
test/Normal/Musarrat (66).png,,,test,Normal,Normal,Normal,False,False,512,512,RGB,,,,,False
test/Normal/Musarrat (67).png,,,test,Normal,Normal,Normal,False,False,512,512,RGB,,,,,False
test/Normal/Musarrat (68).png,,,test,Normal,Normal,Normal,False,False,512,512,RGB,,,,,False
test/Normal/Musarrat (69).png,,,test,Normal,Normal,Normal,False,False,512,512,RGB,,,,,False
test/Normal/Musarrat (7).png,,,test,Normal,Normal,Normal,False,False,512,512,RGB,,,,,False
test/Normal/Musarrat (70).png,,,test,Normal,Normal,Normal,False,False,512,512,RGB,,,,,False
test/Normal/Musarrat (71).png,,,test,Normal,Normal,Normal,False,False,512,512,RGB,,,,,False
test/Normal/Musarrat (72).png,,,test,Normal,Normal,Normal,False,False,512,512,RGB,,,,,False
test/Normal/Musarrat (73).png,,,test,Normal,Normal,Normal,False,False,512,512,RGB,,,,,False
test/Normal/Musarrat (74).png,,,test,Normal,Normal,Normal,False,False,512,512,RGB,,,,,False
test/Normal/Musarrat (75).png,,,test,Normal,Normal,Normal,False,False,512,512,RGB,,,,,False
test/Normal/Musarrat (76).png,,,test,Normal,Normal,Normal,False,False,512,512,RGB,,,,,False
test/Normal/Musarrat (77).png,,,test,Normal,Normal,Normal,False,False,512,512,RGB,,,,,False
test/Normal/Musarrat (78).png,,,test,Normal,Normal,Normal,False,False,512,512,RGB,,,,,False
test/Normal/Musarrat (79).png,,,test,Normal,Normal,Normal,False,False,512,512,RGB,,,,,False
test/Normal/Musarrat (8).png,,,test,Normal,Normal,Normal,False,False,512,512,RGB,,,,,False
test/Normal/Musarrat (80).png,,,test,Normal,Normal,Normal,False,False,512,512,RGB,,,,,False
test/Normal/Musarrat (81).png,,,test,Normal,Normal,Normal,False,False,512,512,RGB,,,,,False
test/Normal/Musarrat (82).png,,,test,Normal,Normal,Normal,False,False,512,512,RGB,,,,,False
test/Normal/Musarrat (83).png,,,test,Normal,Normal,Normal,False,False,512,512,RGB,,,,,False
test/Normal/Musarrat (84).png,,,test,Normal,Normal,Normal,False,False,512,512,RGB,,,,,False
test/Normal/Musarrat (85).png,,,test,Normal,Normal,Normal,False,False,512,512,RGB,,,,,False
test/Normal/Musarrat (86).png,,,test,Normal,Normal,Normal,False,False,512,512,RGB,,,,,False
test/Normal/Musarrat (87).png,,,test,Normal,Normal,Normal,False,False,512,512,RGB,,,,,False
test/Normal/Musarrat (88).png,,,test,Normal,Normal,Normal,False,False,512,512,RGB,,,,,False
test/Normal/Musarrat (89).png,,,test,Normal,Normal,Normal,False,False,512,512,RGB,,,,,False
test/Normal/Musarrat (9).png,,,test,Normal,Normal,Normal,False,False,512,512,RGB,,,,,False
test/Normal/Musarrat (90).png,,,test,Normal,Normal,Normal,False,False,512,512,RGB,,,,,False
test/Normal/Musarrat (91).png,,,test,Normal,Normal,Normal,False,False,512,512,RGB,,,,,False
test/Normal/Musarrat (92).png,,,test,Normal,Normal,Normal,False,False,512,512,RGB,,,,,False
test/Normal/Musarrat (93).png,,,test,Normal,Normal,Normal,False,False,512,512,RGB,,,,,False
test/Normal/Musarrat (94).png,,,test,Normal,Normal,Normal,False,False,512,512,RGB,,,,,False
test/Normal/Musarrat (95).png,,,test,Normal,Normal,Normal,False,False,512,512,RGB,,,,,False
test/Normal/Musarrat (96).png,,,test,Normal,Normal,Normal,False,False,512,512,RGB,,,,,False
test/Normal/Musarrat (97).png,,,test,Normal,Normal,Normal,False,False,512,512,RGB,,,,,False
test/Normal/Musarrat (98).png,,,test,Normal,Normal,Normal,False,False,512,512,RGB,,,,,False
test/Normal/Musarrat (99).png,,,test,Normal,Normal,Normal,False,False,512,512,RGB,,,,,False
test/Normal/Nazeer (1).png,,,test,Normal,Normal,Normal,False,False,512,512,RGB,,,,,False
test/Normal/Nazeer (10).png,,,test,Normal,Normal,Normal,False,False,512,512,RGB,,,,,False
test/Normal/Nazeer (11).png,,,test,Normal,Normal,Normal,False,False,512,512,RGB,,,,,False
test/Normal/Nazeer (12).png,,,test,Normal,Normal,Normal,False,False,512,512,RGB,,,,,False
test/Normal/Nazeer (13).png,,,test,Normal,Normal,Normal,False,False,512,512,RGB,,,,,False
test/Normal/Nazeer (14).png,,,test,Normal,Normal,Normal,False,False,512,512,RGB,,,,,False
test/Normal/Nazeer (15).png,,,test,Normal,Normal,Normal,False,False,512,512,RGB,,,,,False
test/Normal/Nazeer (16).png,,,test,Normal,Normal,Normal,False,False,512,512,RGB,,,,,False
test/Normal/Nazeer (17).png,,,test,Normal,Normal,Normal,False,False,512,512,RGB,,,,,False
test/Normal/Nazeer (18).png,,,test,Normal,Normal,Normal,False,False,512,512,RGB,,,,,False
test/Normal/Nazeer (19).png,,,test,Normal,Normal,Normal,False,False,512,512,RGB,,,,,False
test/Normal/Nazeer (2).png,,,test,Normal,Normal,Normal,False,False,512,512,RGB,,,,,False
test/Normal/Nazeer (20).png,,,test,Normal,Normal,Normal,False,False,512,512,RGB,,,,,False
test/Normal/Nazeer (21).png,,,test,Normal,Normal,Normal,False,False,512,512,RGB,,,,,False
test/Normal/Nazeer (22).png,,,test,Normal,Normal,Normal,False,False,512,512,RGB,,,,,False
test/Normal/Nazeer (23).png,,,test,Normal,Normal,Normal,False,False,512,512,RGB,,,,,False
test/Normal/Nazeer (24).png,,,test,Normal,Normal,Normal,False,False,512,512,RGB,,,,,False
test/Normal/Nazeer (25).png,,,test,Normal,Normal,Normal,False,False,512,512,RGB,,,,,False
test/Normal/Nazeer (26).png,,,test,Normal,Normal,Normal,False,False,512,512,RGB,,,,,False
test/Normal/Nazeer (27).png,,,test,Normal,Normal,Normal,False,False,512,512,RGB,,,,,False
test/Normal/Nazeer (28).png,,,test,Normal,Normal,Normal,False,False,512,512,RGB,,,,,False
test/Normal/Nazeer (29).png,,,test,Normal,Normal,Normal,False,False,512,512,RGB,,,,,False
test/Normal/Nazeer (3).png,,,test,Normal,Normal,Normal,False,False,512,512,RGB,,,,,False
test/Normal/Nazeer (30).png,,,test,Normal,Normal,Normal,False,False,512,512,RGB,,,,,False
test/Normal/Nazeer (31).png,,,test,Normal,Normal,Normal,False,False,512,512,RGB,,,,,False
test/Normal/Nazeer (32).png,,,test,Normal,Normal,Normal,False,False,512,512,RGB,,,,,False
test/Normal/Nazeer (33).png,,,test,Normal,Normal,Normal,False,False,512,512,RGB,,,,,False
test/Normal/Nazeer (34).png,,,test,Normal,Normal,Normal,False,False,512,512,RGB,,,,,False
test/Normal/Nazeer (35).png,,,test,Normal,Normal,Normal,False,False,512,512,RGB,,,,,False
test/Normal/Nazeer (36).png,,,test,Normal,Normal,Normal,False,False,512,512,RGB,,,,,False
test/Normal/Nazeer (37).png,,,test,Normal,Normal,Normal,False,False,512,512,RGB,,,,,False
test/Normal/Nazeer (38).png,,,test,Normal,Normal,Normal,False,False,512,512,RGB,,,,,False
test/Normal/Nazeer (39).png,,,test,Normal,Normal,Normal,False,False,512,512,RGB,,,,,False
test/Normal/Nazeer (4).png,,,test,Normal,Normal,Normal,False,False,512,512,RGB,,,,,False
test/Normal/Nazeer (40).png,,,test,Normal,Normal,Normal,False,False,512,512,RGB,,,,,False
test/Normal/Nazeer (41).png,,,test,Normal,Normal,Normal,False,False,512,512,RGB,,,,,False
test/Normal/Nazeer (42).png,,,test,Normal,Normal,Normal,False,False,512,512,RGB,,,,,False
test/Normal/Nazeer (43).png,,,test,Normal,Normal,Normal,False,False,512,512,RGB,,,,,False
test/Normal/Nazeer (44).png,,,test,Normal,Normal,Normal,False,False,512,512,RGB,,,,,False
test/Normal/Nazeer (45).png,,,test,Normal,Normal,Normal,False,False,512,512,RGB,,,,,False
test/Normal/Nazeer (46).png,,,test,Normal,Normal,Normal,False,False,512,512,RGB,,,,,False
test/Normal/Nazeer (47).png,,,test,Normal,Normal,Normal,False,False,512,512,RGB,,,,,False
test/Normal/Nazeer (48).png,,,test,Normal,Normal,Normal,False,False,512,512,RGB,,,,,False
test/Normal/Nazeer (49).png,,,test,Normal,Normal,Normal,False,False,512,512,RGB,,,,,False
test/Normal/Nazeer (5).png,,,test,Normal,Normal,Normal,False,False,512,512,RGB,,,,,False
test/Normal/Nazeer (50).png,,,test,Normal,Normal,Normal,False,False,512,512,RGB,,,,,False
test/Normal/Nazeer (51).png,,,test,Normal,Normal,Normal,False,False,512,512,RGB,,,,,False
test/Normal/Nazeer (52).png,,,test,Normal,Normal,Normal,False,False,512,512,RGB,,,,,False
test/Normal/Nazeer (53).png,,,test,Normal,Normal,Normal,False,False,512,512,RGB,,,,,False
test/Normal/Nazeer (54).png,,,test,Normal,Normal,Normal,False,False,512,512,RGB,,,,,False
test/Normal/Nazeer (55).png,,,test,Normal,Normal,Normal,False,False,512,512,RGB,,,,,False
test/Normal/Nazeer (56).png,,,test,Normal,Normal,Normal,False,False,512,512,RGB,,,,,False
test/Normal/Nazeer (57).png,,,test,Normal,Normal,Normal,False,False,512,512,RGB,,,,,False
test/Normal/Nazeer (58).png,,,test,Normal,Normal,Normal,False,False,512,512,RGB,,,,,False
test/Normal/Nazeer (59).png,,,test,Normal,Normal,Normal,False,False,512,512,RGB,,,,,False
test/Normal/Nazeer (6).png,,,test,Normal,Normal,Normal,False,False,512,512,RGB,,,,,False
test/Normal/Nazeer (60).png,,,test,Normal,Normal,Normal,False,False,512,512,RGB,,,,,False
test/Normal/Nazeer (61).png,,,test,Normal,Normal,Normal,False,False,512,512,RGB,,,,,False
test/Normal/Nazeer (62).png,,,test,Normal,Normal,Normal,False,False,512,512,RGB,,,,,False
test/Normal/Nazeer (63).png,,,test,Normal,Normal,Normal,False,False,512,512,RGB,,,,,False
test/Normal/Nazeer (64).png,,,test,Normal,Normal,Normal,False,False,512,512,RGB,,,,,False
test/Normal/Nazeer (7).png,,,test,Normal,Normal,Normal,False,False,512,512,RGB,,,,,False
test/Normal/Nazeer (8).png,,,test,Normal,Normal,Normal,False,False,512,512,RGB,,,,,False
test/Normal/Nazeer (9).png,,,test,Normal,Normal,Normal,False,False,512,512,RGB,,,,,False
test/Normal/Nusrat (1).png,,,test,Normal,Normal,Normal,False,False,512,512,RGB,,,,,False
test/Normal/Nusrat (10).png,,,test,Normal,Normal,Normal,False,False,512,512,RGB,,,,,False
test/Normal/Nusrat (11).png,,,test,Normal,Normal,Normal,False,False,512,512,RGB,,,,,False
test/Normal/Nusrat (12).png,,,test,Normal,Normal,Normal,False,False,512,512,RGB,,,,,False
test/Normal/Nusrat (13).png,,,test,Normal,Normal,Normal,False,False,512,512,RGB,,,,,False
test/Normal/Nusrat (14).png,,,test,Normal,Normal,Normal,False,False,512,512,RGB,,,,,False
test/Normal/Nusrat (15).png,,,test,Normal,Normal,Normal,False,False,512,512,RGB,,,,,False
test/Normal/Nusrat (16).png,,,test,Normal,Normal,Normal,False,False,512,512,RGB,,,,,False
test/Normal/Nusrat (17).png,,,test,Normal,Normal,Normal,False,False,512,512,RGB,,,,,False
test/Normal/Nusrat (18).png,,,test,Normal,Normal,Normal,False,False,512,512,RGB,,,,,False
test/Normal/Nusrat (19).png,,,test,Normal,Normal,Normal,False,False,512,512,RGB,,,,,False
test/Normal/Nusrat (2).png,,,test,Normal,Normal,Normal,False,False,512,512,RGB,,,,,False
test/Normal/Nusrat (20).png,,,test,Normal,Normal,Normal,False,False,512,512,RGB,,,,,False
test/Normal/Nusrat (21).png,,,test,Normal,Normal,Normal,False,False,512,512,RGB,,,,,False
test/Normal/Nusrat (22).png,,,test,Normal,Normal,Normal,False,False,512,512,RGB,,,,,False
test/Normal/Nusrat (23).png,,,test,Normal,Normal,Normal,False,False,512,512,RGB,,,,,False
test/Normal/Nusrat (24).png,,,test,Normal,Normal,Normal,False,False,512,512,RGB,,,,,False
test/Normal/Nusrat (25).png,,,test,Normal,Normal,Normal,False,False,512,512,RGB,,,,,False
test/Normal/Nusrat (26).png,,,test,Normal,Normal,Normal,False,False,512,512,RGB,,,,,False
test/Normal/Nusrat (27).png,,,test,Normal,Normal,Normal,False,False,512,512,RGB,,,,,False
test/Normal/Nusrat (28).png,,,test,Normal,Normal,Normal,False,False,512,512,RGB,,,,,False
test/Normal/Nusrat (29).png,,,test,Normal,Normal,Normal,False,False,512,512,RGB,,,,,False
test/Normal/Nusrat (3).png,,,test,Normal,Normal,Normal,False,False,512,512,RGB,,,,,False
test/Normal/Nusrat (30).png,,,test,Normal,Normal,Normal,False,False,512,512,RGB,,,,,False
test/Normal/Nusrat (31).png,,,test,Normal,Normal,Normal,False,False,512,512,RGB,,,,,False
test/Normal/Nusrat (32).png,,,test,Normal,Normal,Normal,False,False,512,512,RGB,,,,,False
test/Normal/Nusrat (33).png,,,test,Normal,Normal,Normal,False,False,512,512,RGB,,,,,False
test/Normal/Nusrat (34).png,,,test,Normal,Normal,Normal,False,False,512,512,RGB,,,,,False
test/Normal/Nusrat (35).png,,,test,Normal,Normal,Normal,False,False,512,512,RGB,,,,,False
test/Normal/Nusrat (36).png,,,test,Normal,Normal,Normal,False,False,512,512,RGB,,,,,False
test/Normal/Nusrat (37).png,,,test,Normal,Normal,Normal,False,False,512,512,RGB,,,,,False
test/Normal/Nusrat (38).png,,,test,Normal,Normal,Normal,False,False,512,512,RGB,,,,,False
test/Normal/Nusrat (39).png,,,test,Normal,Normal,Normal,False,False,512,512,RGB,,,,,False
test/Normal/Nusrat (4).png,,,test,Normal,Normal,Normal,False,False,512,512,RGB,,,,,False
test/Normal/Nusrat (40).png,,,test,Normal,Normal,Normal,False,False,512,512,RGB,,,,,False
test/Normal/Nusrat (41).png,,,test,Normal,Normal,Normal,False,False,512,512,RGB,,,,,False
test/Normal/Nusrat (42).png,,,test,Normal,Normal,Normal,False,False,512,512,RGB,,,,,False
test/Normal/Nusrat (43).png,,,test,Normal,Normal,Normal,False,False,512,512,RGB,,,,,False
test/Normal/Nusrat (44).png,,,test,Normal,Normal,Normal,False,False,512,512,RGB,,,,,False
test/Normal/Nusrat (45).png,,,test,Normal,Normal,Normal,False,False,512,512,RGB,,,,,False
test/Normal/Nusrat (46).png,,,test,Normal,Normal,Normal,False,False,512,512,RGB,,,,,False
test/Normal/Nusrat (47).png,,,test,Normal,Normal,Normal,False,False,512,512,RGB,,,,,False
test/Normal/Nusrat (48).png,,,test,Normal,Normal,Normal,False,False,512,512,RGB,,,,,False
test/Normal/Nusrat (49).png,,,test,Normal,Normal,Normal,False,False,512,512,RGB,,,,,False
test/Normal/Nusrat (5).png,,,test,Normal,Normal,Normal,False,False,512,512,RGB,,,,,False
test/Normal/Nusrat (50).png,,,test,Normal,Normal,Normal,False,False,512,512,RGB,,,,,False
test/Normal/Nusrat (51).png,,,test,Normal,Normal,Normal,False,False,512,512,RGB,,,,,False
test/Tumors/Asmat (1).png,,,test,Tumors,Tumors,Tumor,False,False,512,512,RGB,,,,,False
test/Tumors/Asmat (10).png,,,test,Tumors,Tumors,Tumor,False,False,512,512,RGB,,,,,False
test/Tumors/Asmat (11).png,,,test,Tumors,Tumors,Tumor,False,False,512,512,RGB,,,,,False
test/Tumors/Asmat (12).png,,,test,Tumors,Tumors,Tumor,False,False,512,512,RGB,,,,,False
test/Tumors/Asmat (13).png,,,test,Tumors,Tumors,Tumor,False,False,512,512,RGB,,,,,False
test/Tumors/Asmat (14).png,,,test,Tumors,Tumors,Tumor,False,False,512,512,RGB,,,,,False
test/Tumors/Asmat (15).png,,,test,Tumors,Tumors,Tumor,False,False,512,512,RGB,,,,,False
test/Tumors/Asmat (16).png,,,test,Tumors,Tumors,Tumor,False,False,512,512,RGB,,,,,False
test/Tumors/Asmat (17).png,,,test,Tumors,Tumors,Tumor,False,False,512,512,RGB,,,,,False
test/Tumors/Asmat (18).png,,,test,Tumors,Tumors,Tumor,False,False,512,512,RGB,,,,,False
test/Tumors/Asmat (19).png,,,test,Tumors,Tumors,Tumor,False,False,512,512,RGB,,,,,False
test/Tumors/Asmat (2).png,,,test,Tumors,Tumors,Tumor,False,False,512,512,RGB,,,,,False
test/Tumors/Asmat (20).png,,,test,Tumors,Tumors,Tumor,False,False,512,512,RGB,,,,,False
test/Tumors/Asmat (21).png,,,test,Tumors,Tumors,Tumor,False,False,512,512,RGB,,,,,False
test/Tumors/Asmat (22).png,,,test,Tumors,Tumors,Tumor,False,False,512,512,RGB,,,,,False
test/Tumors/Asmat (23).png,,,test,Tumors,Tumors,Tumor,False,False,512,512,RGB,,,,,False
test/Tumors/Asmat (24).png,,,test,Tumors,Tumors,Tumor,False,False,512,512,RGB,,,,,False
test/Tumors/Asmat (25).png,,,test,Tumors,Tumors,Tumor,False,False,512,512,RGB,,,,,False
test/Tumors/Asmat (26).png,,,test,Tumors,Tumors,Tumor,False,False,512,512,RGB,,,,,False
test/Tumors/Asmat (3).png,,,test,Tumors,Tumors,Tumor,False,False,512,512,RGB,,,,,False
test/Tumors/Asmat (4).png,,,test,Tumors,Tumors,Tumor,False,False,512,512,RGB,,,,,False
test/Tumors/Asmat (5).png,,,test,Tumors,Tumors,Tumor,False,False,512,512,RGB,,,,,False
test/Tumors/Asmat (6).png,,,test,Tumors,Tumors,Tumor,False,False,512,512,RGB,,,,,False
test/Tumors/Asmat (7).png,,,test,Tumors,Tumors,Tumor,False,False,512,512,RGB,,,,,False
test/Tumors/Asmat (8).png,,,test,Tumors,Tumors,Tumor,False,False,512,512,RGB,,,,,False
test/Tumors/Asmat (9).png,,,test,Tumors,Tumors,Tumor,False,False,512,512,RGB,,,,,False
test/Tumors/Nasreen (1).png,,,test,Tumors,Tumors,Tumor,False,False,512,512,RGB,,,,,False
test/Tumors/Nasreen (10).png,,,test,Tumors,Tumors,Tumor,False,False,512,512,RGB,,,,,False
test/Tumors/Nasreen (11).png,,,test,Tumors,Tumors,Tumor,False,False,512,512,RGB,,,,,False
test/Tumors/Nasreen (12).png,,,test,Tumors,Tumors,Tumor,False,False,512,512,RGB,,,,,False
test/Tumors/Nasreen (13).png,,,test,Tumors,Tumors,Tumor,False,False,512,512,RGB,,,,,False
test/Tumors/Nasreen (14).png,,,test,Tumors,Tumors,Tumor,False,False,512,512,RGB,,,,,False
test/Tumors/Nasreen (15).png,,,test,Tumors,Tumors,Tumor,False,False,512,512,RGB,,,,,False
test/Tumors/Nasreen (16).png,,,test,Tumors,Tumors,Tumor,False,False,512,512,RGB,,,,,False
test/Tumors/Nasreen (17).png,,,test,Tumors,Tumors,Tumor,False,False,512,512,RGB,,,,,False
test/Tumors/Nasreen (18).png,,,test,Tumors,Tumors,Tumor,False,False,512,512,RGB,,,,,False
test/Tumors/Nasreen (19).png,,,test,Tumors,Tumors,Tumor,False,False,512,512,RGB,,,,,False
test/Tumors/Nasreen (2).png,,,test,Tumors,Tumors,Tumor,False,False,512,512,RGB,,,,,False
test/Tumors/Nasreen (20).png,,,test,Tumors,Tumors,Tumor,False,False,512,512,RGB,,,,,False
test/Tumors/Nasreen (21).png,,,test,Tumors,Tumors,Tumor,False,False,512,512,RGB,,,,,False
test/Tumors/Nasreen (22).png,,,test,Tumors,Tumors,Tumor,False,False,512,512,RGB,,,,,False
test/Tumors/Nasreen (23).png,,,test,Tumors,Tumors,Tumor,False,False,512,512,RGB,,,,,False
test/Tumors/Nasreen (24).png,,,test,Tumors,Tumors,Tumor,False,False,512,512,RGB,,,,,False
test/Tumors/Nasreen (25).png,,,test,Tumors,Tumors,Tumor,False,False,512,512,RGB,,,,,False
test/Tumors/Nasreen (26).png,,,test,Tumors,Tumors,Tumor,False,False,512,512,RGB,,,,,False
test/Tumors/Nasreen (27).png,,,test,Tumors,Tumors,Tumor,False,False,512,512,RGB,,,,,False
test/Tumors/Nasreen (28).png,,,test,Tumors,Tumors,Tumor,False,False,512,512,RGB,,,,,False
test/Tumors/Nasreen (29).png,,,test,Tumors,Tumors,Tumor,False,False,512,512,RGB,,,,,False
test/Tumors/Nasreen (3).png,,,test,Tumors,Tumors,Tumor,False,False,512,512,RGB,,,,,False
test/Tumors/Nasreen (30).png,,,test,Tumors,Tumors,Tumor,False,False,512,512,RGB,,,,,False
test/Tumors/Nasreen (31).png,,,test,Tumors,Tumors,Tumor,False,False,512,512,RGB,,,,,False
test/Tumors/Nasreen (32).png,,,test,Tumors,Tumors,Tumor,False,False,512,512,RGB,,,,,False
test/Tumors/Nasreen (33).png,,,test,Tumors,Tumors,Tumor,False,False,512,512,RGB,,,,,False
test/Tumors/Nasreen (34).png,,,test,Tumors,Tumors,Tumor,False,False,512,512,RGB,,,,,False
test/Tumors/Nasreen (35).png,,,test,Tumors,Tumors,Tumor,False,False,512,512,RGB,,,,,False
test/Tumors/Nasreen (36).png,,,test,Tumors,Tumors,Tumor,False,False,512,512,RGB,,,,,False
test/Tumors/Nasreen (37).png,,,test,Tumors,Tumors,Tumor,False,False,512,512,RGB,,,,,False
test/Tumors/Nasreen (38).png,,,test,Tumors,Tumors,Tumor,False,False,512,512,RGB,,,,,False
test/Tumors/Nasreen (39).png,,,test,Tumors,Tumors,Tumor,False,False,512,512,RGB,,,,,False
test/Tumors/Nasreen (4).png,,,test,Tumors,Tumors,Tumor,False,False,512,512,RGB,,,,,False
test/Tumors/Nasreen (40).png,,,test,Tumors,Tumors,Tumor,False,False,512,512,RGB,,,,,False
test/Tumors/Nasreen (41).png,,,test,Tumors,Tumors,Tumor,False,False,512,512,RGB,,,,,False
test/Tumors/Nasreen (42).png,,,test,Tumors,Tumors,Tumor,False,False,512,512,RGB,,,,,False
test/Tumors/Nasreen (43).png,,,test,Tumors,Tumors,Tumor,False,False,512,512,RGB,,,,,False
test/Tumors/Nasreen (44).png,,,test,Tumors,Tumors,Tumor,False,False,512,512,RGB,,,,,False
test/Tumors/Nasreen (45).png,,,test,Tumors,Tumors,Tumor,False,False,512,512,RGB,,,,,False
test/Tumors/Nasreen (46).png,,,test,Tumors,Tumors,Tumor,False,False,512,512,RGB,,,,,False
test/Tumors/Nasreen (47).png,,,test,Tumors,Tumors,Tumor,False,False,512,512,RGB,,,,,False
test/Tumors/Nasreen (48).png,,,test,Tumors,Tumors,Tumor,False,False,512,512,RGB,,,,,False
test/Tumors/Nasreen (49).png,,,test,Tumors,Tumors,Tumor,False,False,512,512,RGB,,,,,False
test/Tumors/Nasreen (5).png,,,test,Tumors,Tumors,Tumor,False,False,512,512,RGB,,,,,False
test/Tumors/Nasreen (50).png,,,test,Tumors,Tumors,Tumor,False,False,512,512,RGB,,,,,False
test/Tumors/Nasreen (51).png,,,test,Tumors,Tumors,Tumor,False,False,512,512,RGB,,,,,False
test/Tumors/Nasreen (52).png,,,test,Tumors,Tumors,Tumor,False,False,512,512,RGB,,,,,False
test/Tumors/Nasreen (53).png,,,test,Tumors,Tumors,Tumor,False,False,512,512,RGB,,,,,False
test/Tumors/Nasreen (54).png,,,test,Tumors,Tumors,Tumor,False,False,512,512,RGB,,,,,False
test/Tumors/Nasreen (55).png,,,test,Tumors,Tumors,Tumor,False,False,512,512,RGB,,,,,False
test/Tumors/Nasreen (56).png,,,test,Tumors,Tumors,Tumor,False,False,512,512,RGB,,,,,False
test/Tumors/Nasreen (57).png,,,test,Tumors,Tumors,Tumor,False,False,512,512,RGB,,,,,False
test/Tumors/Nasreen (58).png,,,test,Tumors,Tumors,Tumor,False,False,512,512,RGB,,,,,False
test/Tumors/Nasreen (59).png,,,test,Tumors,Tumors,Tumor,False,False,512,512,RGB,,,,,False
test/Tumors/Nasreen (6).png,,,test,Tumors,Tumors,Tumor,False,False,512,512,RGB,,,,,False
test/Tumors/Nasreen (60).png,,,test,Tumors,Tumors,Tumor,False,False,512,512,RGB,,,,,False
test/Tumors/Nasreen (61).png,,,test,Tumors,Tumors,Tumor,False,False,512,512,RGB,,,,,False
test/Tumors/Nasreen (62).png,,,test,Tumors,Tumors,Tumor,False,False,512,512,RGB,,,,,False
test/Tumors/Nasreen (63).png,,,test,Tumors,Tumors,Tumor,False,False,512,512,RGB,,,,,False
test/Tumors/Nasreen (64).png,,,test,Tumors,Tumors,Tumor,False,False,512,512,RGB,,,,,False
test/Tumors/Nasreen (65).png,,,test,Tumors,Tumors,Tumor,False,False,512,512,RGB,,,,,False
test/Tumors/Nasreen (66).png,,,test,Tumors,Tumors,Tumor,False,False,512,512,RGB,,,,,False
test/Tumors/Nasreen (67).png,,,test,Tumors,Tumors,Tumor,False,False,512,512,RGB,,,,,False
test/Tumors/Nasreen (68).png,,,test,Tumors,Tumors,Tumor,False,False,512,512,RGB,,,,,False
test/Tumors/Nasreen (69).png,,,test,Tumors,Tumors,Tumor,False,False,512,512,RGB,,,,,False
test/Tumors/Nasreen (7).png,,,test,Tumors,Tumors,Tumor,False,False,512,512,RGB,,,,,False
test/Tumors/Nasreen (70).png,,,test,Tumors,Tumors,Tumor,False,False,512,512,RGB,,,,,False
test/Tumors/Nasreen (71).png,,,test,Tumors,Tumors,Tumor,False,False,512,512,RGB,,,,,False
test/Tumors/Nasreen (72).png,,,test,Tumors,Tumors,Tumor,False,False,512,512,RGB,,,,,False
test/Tumors/Nasreen (73).png,,,test,Tumors,Tumors,Tumor,False,False,512,512,RGB,,,,,False
test/Tumors/Nasreen (8).png,,,test,Tumors,Tumors,Tumor,False,False,512,512,RGB,,,,,False
test/Tumors/Nasreen (9).png,,,test,Tumors,Tumors,Tumor,False,False,512,512,RGB,,,,,False
test/Tumors/Rehana (1).png,,,test,Tumors,Tumors,Tumor,False,False,512,512,RGB,,,,,False
test/Tumors/Rehana (10).png,,,test,Tumors,Tumors,Tumor,False,False,512,512,RGB,,,,,False
test/Tumors/Rehana (100).png,,,test,Tumors,Tumors,Tumor,False,False,512,512,RGB,,,,,False
test/Tumors/Rehana (101).png,,,test,Tumors,Tumors,Tumor,False,False,512,512,RGB,,,,,False
test/Tumors/Rehana (102).png,,,test,Tumors,Tumors,Tumor,False,False,512,512,RGB,,,,,False
test/Tumors/Rehana (103).png,,,test,Tumors,Tumors,Tumor,False,False,512,512,RGB,,,,,False
test/Tumors/Rehana (104).png,,,test,Tumors,Tumors,Tumor,False,False,512,512,RGB,,,,,False
test/Tumors/Rehana (105).png,,,test,Tumors,Tumors,Tumor,False,False,512,512,RGB,,,,,False
test/Tumors/Rehana (106).png,,,test,Tumors,Tumors,Tumor,False,False,512,512,RGB,,,,,False
test/Tumors/Rehana (107).png,,,test,Tumors,Tumors,Tumor,False,False,512,512,RGB,,,,,False
test/Tumors/Rehana (108).png,,,test,Tumors,Tumors,Tumor,False,False,512,512,RGB,,,,,False
test/Tumors/Rehana (109).png,,,test,Tumors,Tumors,Tumor,False,False,512,512,RGB,,,,,False
test/Tumors/Rehana (11).png,,,test,Tumors,Tumors,Tumor,False,False,512,512,RGB,,,,,False
test/Tumors/Rehana (110).png,,,test,Tumors,Tumors,Tumor,False,False,512,512,RGB,,,,,False
test/Tumors/Rehana (111).png,,,test,Tumors,Tumors,Tumor,False,False,512,512,RGB,,,,,False
test/Tumors/Rehana (112).png,,,test,Tumors,Tumors,Tumor,False,False,512,512,RGB,,,,,False
test/Tumors/Rehana (113).png,,,test,Tumors,Tumors,Tumor,False,False,512,512,RGB,,,,,False
test/Tumors/Rehana (114).png,,,test,Tumors,Tumors,Tumor,False,False,512,512,RGB,,,,,False
test/Tumors/Rehana (115).png,,,test,Tumors,Tumors,Tumor,False,False,512,512,RGB,,,,,False
test/Tumors/Rehana (116).png,,,test,Tumors,Tumors,Tumor,False,False,512,512,RGB,,,,,False
test/Tumors/Rehana (117).png,,,test,Tumors,Tumors,Tumor,False,False,512,512,RGB,,,,,False
test/Tumors/Rehana (118).png,,,test,Tumors,Tumors,Tumor,False,False,512,512,RGB,,,,,False
test/Tumors/Rehana (119).png,,,test,Tumors,Tumors,Tumor,False,False,512,512,RGB,,,,,False
test/Tumors/Rehana (12).png,,,test,Tumors,Tumors,Tumor,False,False,512,512,RGB,,,,,False
test/Tumors/Rehana (120).png,,,test,Tumors,Tumors,Tumor,False,False,512,512,RGB,,,,,False
test/Tumors/Rehana (121).png,,,test,Tumors,Tumors,Tumor,False,False,512,512,RGB,,,,,False
test/Tumors/Rehana (122).png,,,test,Tumors,Tumors,Tumor,False,False,512,512,RGB,,,,,False
test/Tumors/Rehana (123).png,,,test,Tumors,Tumors,Tumor,False,False,512,512,RGB,,,,,False
test/Tumors/Rehana (124).png,,,test,Tumors,Tumors,Tumor,False,False,512,512,RGB,,,,,False
test/Tumors/Rehana (125).png,,,test,Tumors,Tumors,Tumor,False,False,512,512,RGB,,,,,False
test/Tumors/Rehana (126).png,,,test,Tumors,Tumors,Tumor,False,False,512,512,RGB,,,,,False
test/Tumors/Rehana (127).png,,,test,Tumors,Tumors,Tumor,False,False,512,512,RGB,,,,,False
test/Tumors/Rehana (128).png,,,test,Tumors,Tumors,Tumor,False,False,512,512,RGB,,,,,False
test/Tumors/Rehana (129).png,,,test,Tumors,Tumors,Tumor,False,False,512,512,RGB,,,,,False
test/Tumors/Rehana (13).png,,,test,Tumors,Tumors,Tumor,False,False,512,512,RGB,,,,,False
test/Tumors/Rehana (130).png,,,test,Tumors,Tumors,Tumor,False,False,512,512,RGB,,,,,False
test/Tumors/Rehana (131).png,,,test,Tumors,Tumors,Tumor,False,False,512,512,RGB,,,,,False
test/Tumors/Rehana (132).png,,,test,Tumors,Tumors,Tumor,False,False,512,512,RGB,,,,,False
test/Tumors/Rehana (133).png,,,test,Tumors,Tumors,Tumor,False,False,512,512,RGB,,,,,False
test/Tumors/Rehana (134).png,,,test,Tumors,Tumors,Tumor,False,False,512,512,RGB,,,,,False
test/Tumors/Rehana (135).png,,,test,Tumors,Tumors,Tumor,False,False,512,512,RGB,,,,,False
test/Tumors/Rehana (14).png,,,test,Tumors,Tumors,Tumor,False,False,512,512,RGB,,,,,False
test/Tumors/Rehana (15).png,,,test,Tumors,Tumors,Tumor,False,False,512,512,RGB,,,,,False
test/Tumors/Rehana (16).png,,,test,Tumors,Tumors,Tumor,False,False,512,512,RGB,,,,,False
test/Tumors/Rehana (17).png,,,test,Tumors,Tumors,Tumor,False,False,512,512,RGB,,,,,False
test/Tumors/Rehana (18).png,,,test,Tumors,Tumors,Tumor,False,False,512,512,RGB,,,,,False
test/Tumors/Rehana (19).png,,,test,Tumors,Tumors,Tumor,False,False,512,512,RGB,,,,,False
test/Tumors/Rehana (2).png,,,test,Tumors,Tumors,Tumor,False,False,512,512,RGB,,,,,False
test/Tumors/Rehana (20).png,,,test,Tumors,Tumors,Tumor,False,False,512,512,RGB,,,,,False
test/Tumors/Rehana (21).png,,,test,Tumors,Tumors,Tumor,False,False,512,512,RGB,,,,,False
test/Tumors/Rehana (22).png,,,test,Tumors,Tumors,Tumor,False,False,512,512,RGB,,,,,False
test/Tumors/Rehana (23).png,,,test,Tumors,Tumors,Tumor,False,False,512,512,RGB,,,,,False
test/Tumors/Rehana (24).png,,,test,Tumors,Tumors,Tumor,False,False,512,512,RGB,,,,,False
test/Tumors/Rehana (25).png,,,test,Tumors,Tumors,Tumor,False,False,512,512,RGB,,,,,False
test/Tumors/Rehana (26).png,,,test,Tumors,Tumors,Tumor,False,False,512,512,RGB,,,,,False
test/Tumors/Rehana (27).png,,,test,Tumors,Tumors,Tumor,False,False,512,512,RGB,,,,,False
test/Tumors/Rehana (28).png,,,test,Tumors,Tumors,Tumor,False,False,512,512,RGB,,,,,False
test/Tumors/Rehana (29).png,,,test,Tumors,Tumors,Tumor,False,False,512,512,RGB,,,,,False
test/Tumors/Rehana (3).png,,,test,Tumors,Tumors,Tumor,False,False,512,512,RGB,,,,,False
test/Tumors/Rehana (30).png,,,test,Tumors,Tumors,Tumor,False,False,512,512,RGB,,,,,False
test/Tumors/Rehana (31).png,,,test,Tumors,Tumors,Tumor,False,False,512,512,RGB,,,,,False
test/Tumors/Rehana (32).png,,,test,Tumors,Tumors,Tumor,False,False,512,512,RGB,,,,,False
test/Tumors/Rehana (33).png,,,test,Tumors,Tumors,Tumor,False,False,512,512,RGB,,,,,False
test/Tumors/Rehana (34).png,,,test,Tumors,Tumors,Tumor,False,False,512,512,RGB,,,,,False
test/Tumors/Rehana (35).png,,,test,Tumors,Tumors,Tumor,False,False,512,512,RGB,,,,,False
test/Tumors/Rehana (36).png,,,test,Tumors,Tumors,Tumor,False,False,512,512,RGB,,,,,False
test/Tumors/Rehana (37).png,,,test,Tumors,Tumors,Tumor,False,False,512,512,RGB,,,,,False
test/Tumors/Rehana (38).png,,,test,Tumors,Tumors,Tumor,False,False,512,512,RGB,,,,,False
test/Tumors/Rehana (39).png,,,test,Tumors,Tumors,Tumor,False,False,512,512,RGB,,,,,False
test/Tumors/Rehana (4).png,,,test,Tumors,Tumors,Tumor,False,False,512,512,RGB,,,,,False
test/Tumors/Rehana (40).png,,,test,Tumors,Tumors,Tumor,False,False,512,512,RGB,,,,,False
test/Tumors/Rehana (41).png,,,test,Tumors,Tumors,Tumor,False,False,512,512,RGB,,,,,False
test/Tumors/Rehana (42).png,,,test,Tumors,Tumors,Tumor,False,False,512,512,RGB,,,,,False
test/Tumors/Rehana (43).png,,,test,Tumors,Tumors,Tumor,False,False,512,512,RGB,,,,,False
test/Tumors/Rehana (44).png,,,test,Tumors,Tumors,Tumor,False,False,512,512,RGB,,,,,False
test/Tumors/Rehana (45).png,,,test,Tumors,Tumors,Tumor,False,False,512,512,RGB,,,,,False
test/Tumors/Rehana (46).png,,,test,Tumors,Tumors,Tumor,False,False,512,512,RGB,,,,,False
test/Tumors/Rehana (47).png,,,test,Tumors,Tumors,Tumor,False,False,512,512,RGB,,,,,False
test/Tumors/Rehana (48).png,,,test,Tumors,Tumors,Tumor,False,False,512,512,RGB,,,,,False
test/Tumors/Rehana (49).png,,,test,Tumors,Tumors,Tumor,False,False,512,512,RGB,,,,,False
test/Tumors/Rehana (5).png,,,test,Tumors,Tumors,Tumor,False,False,512,512,RGB,,,,,False
test/Tumors/Rehana (50).png,,,test,Tumors,Tumors,Tumor,False,False,512,512,RGB,,,,,False
test/Tumors/Rehana (51).png,,,test,Tumors,Tumors,Tumor,False,False,512,512,RGB,,,,,False
test/Tumors/Rehana (52).png,,,test,Tumors,Tumors,Tumor,False,False,512,512,RGB,,,,,False
test/Tumors/Rehana (53).png,,,test,Tumors,Tumors,Tumor,False,False,512,512,RGB,,,,,False
test/Tumors/Rehana (54).png,,,test,Tumors,Tumors,Tumor,False,False,512,512,RGB,,,,,False
test/Tumors/Rehana (55).png,,,test,Tumors,Tumors,Tumor,False,False,512,512,RGB,,,,,False
test/Tumors/Rehana (56).png,,,test,Tumors,Tumors,Tumor,False,False,512,512,RGB,,,,,False
test/Tumors/Rehana (57).png,,,test,Tumors,Tumors,Tumor,False,False,512,512,RGB,,,,,False
test/Tumors/Rehana (58).png,,,test,Tumors,Tumors,Tumor,False,False,512,512,RGB,,,,,False
test/Tumors/Rehana (59).png,,,test,Tumors,Tumors,Tumor,False,False,512,512,RGB,,,,,False
test/Tumors/Rehana (6).png,,,test,Tumors,Tumors,Tumor,False,False,512,512,RGB,,,,,False
test/Tumors/Rehana (60).png,,,test,Tumors,Tumors,Tumor,False,False,512,512,RGB,,,,,False
test/Tumors/Rehana (61).png,,,test,Tumors,Tumors,Tumor,False,False,512,512,RGB,,,,,False
test/Tumors/Rehana (62).png,,,test,Tumors,Tumors,Tumor,False,False,512,512,RGB,,,,,False
test/Tumors/Rehana (63).png,,,test,Tumors,Tumors,Tumor,False,False,512,512,RGB,,,,,False
test/Tumors/Rehana (64).png,,,test,Tumors,Tumors,Tumor,False,False,512,512,RGB,,,,,False
test/Tumors/Rehana (65).png,,,test,Tumors,Tumors,Tumor,False,False,512,512,RGB,,,,,False
test/Tumors/Rehana (66).png,,,test,Tumors,Tumors,Tumor,False,False,512,512,RGB,,,,,False
test/Tumors/Rehana (67).png,,,test,Tumors,Tumors,Tumor,False,False,512,512,RGB,,,,,False
test/Tumors/Rehana (68).png,,,test,Tumors,Tumors,Tumor,False,False,512,512,RGB,,,,,False
test/Tumors/Rehana (69).png,,,test,Tumors,Tumors,Tumor,False,False,512,512,RGB,,,,,False
test/Tumors/Rehana (7).png,,,test,Tumors,Tumors,Tumor,False,False,512,512,RGB,,,,,False
test/Tumors/Rehana (70).png,,,test,Tumors,Tumors,Tumor,False,False,512,512,RGB,,,,,False
test/Tumors/Rehana (71).png,,,test,Tumors,Tumors,Tumor,False,False,512,512,RGB,,,,,False
test/Tumors/Rehana (72).png,,,test,Tumors,Tumors,Tumor,False,False,512,512,RGB,,,,,False
test/Tumors/Rehana (73).png,,,test,Tumors,Tumors,Tumor,False,False,512,512,RGB,,,,,False
test/Tumors/Rehana (74).png,,,test,Tumors,Tumors,Tumor,False,False,512,512,RGB,,,,,False
test/Tumors/Rehana (75).png,,,test,Tumors,Tumors,Tumor,False,False,512,512,RGB,,,,,False
test/Tumors/Rehana (76).png,,,test,Tumors,Tumors,Tumor,False,False,512,512,RGB,,,,,False
test/Tumors/Rehana (77).png,,,test,Tumors,Tumors,Tumor,False,False,512,512,RGB,,,,,False
test/Tumors/Rehana (78).png,,,test,Tumors,Tumors,Tumor,False,False,512,512,RGB,,,,,False
test/Tumors/Rehana (79).png,,,test,Tumors,Tumors,Tumor,False,False,512,512,RGB,,,,,False
test/Tumors/Rehana (8).png,,,test,Tumors,Tumors,Tumor,False,False,512,512,RGB,,,,,False
test/Tumors/Rehana (80).png,,,test,Tumors,Tumors,Tumor,False,False,512,512,RGB,,,,,False
test/Tumors/Rehana (81).png,,,test,Tumors,Tumors,Tumor,False,False,512,512,RGB,,,,,False
test/Tumors/Rehana (82).png,,,test,Tumors,Tumors,Tumor,False,False,512,512,RGB,,,,,False
test/Tumors/Rehana (83).png,,,test,Tumors,Tumors,Tumor,False,False,512,512,RGB,,,,,False
test/Tumors/Rehana (84).png,,,test,Tumors,Tumors,Tumor,False,False,512,512,RGB,,,,,False
test/Tumors/Rehana (85).png,,,test,Tumors,Tumors,Tumor,False,False,512,512,RGB,,,,,False
test/Tumors/Rehana (86).png,,,test,Tumors,Tumors,Tumor,False,False,512,512,RGB,,,,,False
test/Tumors/Rehana (87).png,,,test,Tumors,Tumors,Tumor,False,False,512,512,RGB,,,,,False
test/Tumors/Rehana (88).png,,,test,Tumors,Tumors,Tumor,False,False,512,512,RGB,,,,,False
test/Tumors/Rehana (89).png,,,test,Tumors,Tumors,Tumor,False,False,512,512,RGB,,,,,False
test/Tumors/Rehana (9).png,,,test,Tumors,Tumors,Tumor,False,False,512,512,RGB,,,,,False
test/Tumors/Rehana (90).png,,,test,Tumors,Tumors,Tumor,False,False,512,512,RGB,,,,,False
test/Tumors/Rehana (91).png,,,test,Tumors,Tumors,Tumor,False,False,512,512,RGB,,,,,False
test/Tumors/Rehana (92).png,,,test,Tumors,Tumors,Tumor,False,False,512,512,RGB,,,,,False
test/Tumors/Rehana (93).png,,,test,Tumors,Tumors,Tumor,False,False,512,512,RGB,,,,,False
test/Tumors/Rehana (94).png,,,test,Tumors,Tumors,Tumor,False,False,512,512,RGB,,,,,False
test/Tumors/Rehana (95).png,,,test,Tumors,Tumors,Tumor,False,False,512,512,RGB,,,,,False
test/Tumors/Rehana (96).png,,,test,Tumors,Tumors,Tumor,False,False,512,512,RGB,,,,,False
test/Tumors/Rehana (97).png,,,test,Tumors,Tumors,Tumor,False,False,512,512,RGB,,,,,False
test/Tumors/Rehana (98).png,,,test,Tumors,Tumors,Tumor,False,False,512,512,RGB,,,,,False
test/Tumors/Rehana (99).png,,,test,Tumors,Tumors,Tumor,False,False,512,512,RGB,,,,,False
test/Tumors/Ruqaiya (1).png,,,test,Tumors,Tumors,Tumor,False,False,512,512,RGB,,,,,False
test/Tumors/Ruqaiya (17).png,,,test,Tumors,Tumors,Tumor,False,False,512,512,RGB,,,,,False
test/Tumors/Ruqaiya (18).png,,,test,Tumors,Tumors,Tumor,False,False,512,512,RGB,,,,,False
test/Tumors/Ruqaiya (19).png,,,test,Tumors,Tumors,Tumor,False,False,512,512,RGB,,,,,False
test/Tumors/Ruqaiya (2).png,,,test,Tumors,Tumors,Tumor,False,False,512,512,RGB,,,,,False
test/Tumors/Ruqaiya (20).png,,,test,Tumors,Tumors,Tumor,False,False,512,512,RGB,,,,,False
test/Tumors/Ruqaiya (21).png,,,test,Tumors,Tumors,Tumor,False,False,512,512,RGB,,,,,False
test/Tumors/Ruqaiya (3).png,,,test,Tumors,Tumors,Tumor,False,False,512,512,RGB,,,,,False
test/Tumors/Ruqaiya (4).png,,,test,Tumors,Tumors,Tumor,False,False,512,512,RGB,,,,,False
test/Tumors/Ruqaiya (5).png,,,test,Tumors,Tumors,Tumor,False,False,512,512,RGB,,,,,False
test/Tumors/Saima (1).png,,,test,Tumors,Tumors,Tumor,False,False,512,512,RGB,,,,,False
test/Tumors/Saima (10).png,,,test,Tumors,Tumors,Tumor,False,False,512,512,RGB,,,,,False
test/Tumors/Saima (11).png,,,test,Tumors,Tumors,Tumor,False,False,512,512,RGB,,,,,False
test/Tumors/Saima (12).png,,,test,Tumors,Tumors,Tumor,False,False,512,512,RGB,,,,,False
test/Tumors/Saima (13).png,,,test,Tumors,Tumors,Tumor,False,False,512,512,RGB,,,,,False
test/Tumors/Saima (14).png,,,test,Tumors,Tumors,Tumor,False,False,512,512,RGB,,,,,False
test/Tumors/Saima (15).png,,,test,Tumors,Tumors,Tumor,False,False,512,512,RGB,,,,,False
test/Tumors/Saima (16).png,,,test,Tumors,Tumors,Tumor,False,False,512,512,RGB,,,,,False
test/Tumors/Saima (17).png,,,test,Tumors,Tumors,Tumor,False,False,512,512,RGB,,,,,False
test/Tumors/Saima (18).png,,,test,Tumors,Tumors,Tumor,False,False,512,512,RGB,,,,,False
test/Tumors/Saima (19).png,,,test,Tumors,Tumors,Tumor,False,False,512,512,RGB,,,,,False
test/Tumors/Saima (2).png,,,test,Tumors,Tumors,Tumor,False,False,512,512,RGB,,,,,False
test/Tumors/Saima (20).png,,,test,Tumors,Tumors,Tumor,False,False,512,512,RGB,,,,,False
test/Tumors/Saima (21).png,,,test,Tumors,Tumors,Tumor,False,False,512,512,RGB,,,,,False
test/Tumors/Saima (22).png,,,test,Tumors,Tumors,Tumor,False,False,512,512,RGB,,,,,False
test/Tumors/Saima (23).png,,,test,Tumors,Tumors,Tumor,False,False,512,512,RGB,,,,,False
test/Tumors/Saima (24).png,,,test,Tumors,Tumors,Tumor,False,False,512,512,RGB,,,,,False
test/Tumors/Saima (25).png,,,test,Tumors,Tumors,Tumor,False,False,512,512,RGB,,,,,False
test/Tumors/Saima (26).png,,,test,Tumors,Tumors,Tumor,False,False,512,512,RGB,,,,,False
test/Tumors/Saima (27).png,,,test,Tumors,Tumors,Tumor,False,False,512,512,RGB,,,,,False
test/Tumors/Saima (28).png,,,test,Tumors,Tumors,Tumor,False,False,512,512,RGB,,,,,False
test/Tumors/Saima (29).png,,,test,Tumors,Tumors,Tumor,False,False,512,512,RGB,,,,,False
test/Tumors/Saima (3).png,,,test,Tumors,Tumors,Tumor,False,False,512,512,RGB,,,,,False
test/Tumors/Saima (30).png,,,test,Tumors,Tumors,Tumor,False,False,512,512,RGB,,,,,False
test/Tumors/Saima (31).png,,,test,Tumors,Tumors,Tumor,False,False,512,512,RGB,,,,,False
test/Tumors/Saima (4).png,,,test,Tumors,Tumors,Tumor,False,False,512,512,RGB,,,,,False
test/Tumors/Saima (5).png,,,test,Tumors,Tumors,Tumor,False,False,512,512,RGB,,,,,False
test/Tumors/Saima (6).png,,,test,Tumors,Tumors,Tumor,False,False,512,512,RGB,,,,,False
test/Tumors/Saima (7).png,,,test,Tumors,Tumors,Tumor,False,False,512,512,RGB,,,,,False
test/Tumors/Saima (8).png,,,test,Tumors,Tumors,Tumor,False,False,512,512,RGB,,,,,False
test/Tumors/Saima (9).png,,,test,Tumors,Tumors,Tumor,False,False,512,512,RGB,,,,,False
test/Tumors/Shagufta (1).png,,,test,Tumors,Tumors,Tumor,False,False,512,512,RGB,,,,,False
test/Tumors/Shagufta (10).png,,,test,Tumors,Tumors,Tumor,False,False,512,512,RGB,,,,,False
test/Tumors/Shagufta (11).png,,,test,Tumors,Tumors,Tumor,False,False,512,512,RGB,,,,,False
test/Tumors/Shagufta (12).png,,,test,Tumors,Tumors,Tumor,False,False,512,512,RGB,,,,,False
test/Tumors/Shagufta (13).png,,,test,Tumors,Tumors,Tumor,False,False,512,512,RGB,,,,,False
test/Tumors/Shagufta (14).png,,,test,Tumors,Tumors,Tumor,False,False,512,512,RGB,,,,,False
test/Tumors/Shagufta (15).png,,,test,Tumors,Tumors,Tumor,False,False,512,512,RGB,,,,,False
test/Tumors/Shagufta (16).png,,,test,Tumors,Tumors,Tumor,False,False,512,512,RGB,,,,,False
test/Tumors/Shagufta (17).png,,,test,Tumors,Tumors,Tumor,False,False,512,512,RGB,,,,,False
test/Tumors/Shagufta (18).png,,,test,Tumors,Tumors,Tumor,False,False,512,512,RGB,,,,,False
test/Tumors/Shagufta (19).png,,,test,Tumors,Tumors,Tumor,False,False,512,512,RGB,,,,,False
test/Tumors/Shagufta (2).png,,,test,Tumors,Tumors,Tumor,False,False,512,512,RGB,,,,,False
test/Tumors/Shagufta (20).png,,,test,Tumors,Tumors,Tumor,False,False,512,512,RGB,,,,,False
test/Tumors/Shagufta (21).png,,,test,Tumors,Tumors,Tumor,False,False,512,512,RGB,,,,,False
test/Tumors/Shagufta (22).png,,,test,Tumors,Tumors,Tumor,False,False,512,512,RGB,,,,,False
test/Tumors/Shagufta (23).png,,,test,Tumors,Tumors,Tumor,False,False,512,512,RGB,,,,,False
test/Tumors/Shagufta (24).png,,,test,Tumors,Tumors,Tumor,False,False,512,512,RGB,,,,,False
test/Tumors/Shagufta (25).png,,,test,Tumors,Tumors,Tumor,False,False,512,512,RGB,,,,,False
test/Tumors/Shagufta (26).png,,,test,Tumors,Tumors,Tumor,False,False,512,512,RGB,,,,,False
test/Tumors/Shagufta (27).png,,,test,Tumors,Tumors,Tumor,False,False,512,512,RGB,,,,,False
test/Tumors/Shagufta (28).png,,,test,Tumors,Tumors,Tumor,False,False,512,512,RGB,,,,,False
test/Tumors/Shagufta (29).png,,,test,Tumors,Tumors,Tumor,False,False,512,512,RGB,,,,,False
test/Tumors/Shagufta (3).png,,,test,Tumors,Tumors,Tumor,False,False,512,512,RGB,,,,,False
test/Tumors/Shagufta (30).png,,,test,Tumors,Tumors,Tumor,False,False,512,512,RGB,,,,,False
test/Tumors/Shagufta (31).png,,,test,Tumors,Tumors,Tumor,False,False,512,512,RGB,,,,,False
test/Tumors/Shagufta (32).png,,,test,Tumors,Tumors,Tumor,False,False,512,512,RGB,,,,,False
test/Tumors/Shagufta (33).png,,,test,Tumors,Tumors,Tumor,False,False,512,512,RGB,,,,,False
test/Tumors/Shagufta (34).png,,,test,Tumors,Tumors,Tumor,False,False,512,512,RGB,,,,,False
test/Tumors/Shagufta (35).png,,,test,Tumors,Tumors,Tumor,False,False,512,512,RGB,,,,,False
test/Tumors/Shagufta (36).png,,,test,Tumors,Tumors,Tumor,False,False,512,512,RGB,,,,,False
test/Tumors/Shagufta (37).png,,,test,Tumors,Tumors,Tumor,False,False,512,512,RGB,,,,,False
test/Tumors/Shagufta (38).png,,,test,Tumors,Tumors,Tumor,False,False,512,512,RGB,,,,,False
test/Tumors/Shagufta (39).png,,,test,Tumors,Tumors,Tumor,False,False,512,512,RGB,,,,,False
test/Tumors/Shagufta (4).png,,,test,Tumors,Tumors,Tumor,False,False,512,512,RGB,,,,,False
test/Tumors/Shagufta (40).png,,,test,Tumors,Tumors,Tumor,False,False,512,512,RGB,,,,,False
test/Tumors/Shagufta (41).png,,,test,Tumors,Tumors,Tumor,False,False,512,512,RGB,,,,,False
test/Tumors/Shagufta (42).png,,,test,Tumors,Tumors,Tumor,False,False,512,512,RGB,,,,,False
test/Tumors/Shagufta (43).png,,,test,Tumors,Tumors,Tumor,False,False,512,512,RGB,,,,,False
test/Tumors/Shagufta (44).png,,,test,Tumors,Tumors,Tumor,False,False,512,512,RGB,,,,,False
test/Tumors/Shagufta (45).png,,,test,Tumors,Tumors,Tumor,False,False,512,512,RGB,,,,,False
test/Tumors/Shagufta (46).png,,,test,Tumors,Tumors,Tumor,False,False,512,512,RGB,,,,,False
test/Tumors/Shagufta (47).png,,,test,Tumors,Tumors,Tumor,False,False,512,512,RGB,,,,,False
test/Tumors/Shagufta (48).png,,,test,Tumors,Tumors,Tumor,False,False,512,512,RGB,,,,,False
test/Tumors/Shagufta (49).png,,,test,Tumors,Tumors,Tumor,False,False,512,512,RGB,,,,,False
test/Tumors/Shagufta (5).png,,,test,Tumors,Tumors,Tumor,False,False,512,512,RGB,,,,,False
test/Tumors/Shagufta (50).png,,,test,Tumors,Tumors,Tumor,False,False,512,512,RGB,,,,,False
test/Tumors/Shagufta (51).png,,,test,Tumors,Tumors,Tumor,False,False,512,512,RGB,,,,,False
test/Tumors/Shagufta (52).png,,,test,Tumors,Tumors,Tumor,False,False,512,512,RGB,,,,,False
test/Tumors/Shagufta (53).png,,,test,Tumors,Tumors,Tumor,False,False,512,512,RGB,,,,,False
test/Tumors/Shagufta (54).png,,,test,Tumors,Tumors,Tumor,False,False,512,512,RGB,,,,,False
test/Tumors/Shagufta (55).png,,,test,Tumors,Tumors,Tumor,False,False,512,512,RGB,,,,,False
test/Tumors/Shagufta (56).png,,,test,Tumors,Tumors,Tumor,False,False,512,512,RGB,,,,,False
test/Tumors/Shagufta (57).png,,,test,Tumors,Tumors,Tumor,False,False,512,512,RGB,,,,,False
test/Tumors/Shagufta (58).png,,,test,Tumors,Tumors,Tumor,False,False,512,512,RGB,,,,,False
test/Tumors/Shagufta (59).png,,,test,Tumors,Tumors,Tumor,False,False,512,512,RGB,,,,,False
test/Tumors/Shagufta (6).png,,,test,Tumors,Tumors,Tumor,False,False,512,512,RGB,,,,,False
test/Tumors/Shagufta (60).png,,,test,Tumors,Tumors,Tumor,False,False,512,512,RGB,,,,,False
test/Tumors/Shagufta (61).png,,,test,Tumors,Tumors,Tumor,False,False,512,512,RGB,,,,,False
test/Tumors/Shagufta (62).png,,,test,Tumors,Tumors,Tumor,False,False,512,512,RGB,,,,,False
test/Tumors/Shagufta (63).png,,,test,Tumors,Tumors,Tumor,False,False,512,512,RGB,,,,,False
test/Tumors/Shagufta (64).png,,,test,Tumors,Tumors,Tumor,False,False,512,512,RGB,,,,,False
test/Tumors/Shagufta (65).png,,,test,Tumors,Tumors,Tumor,False,False,512,512,RGB,,,,,False
test/Tumors/Shagufta (66).png,,,test,Tumors,Tumors,Tumor,False,False,512,512,RGB,,,,,False
test/Tumors/Shagufta (67).png,,,test,Tumors,Tumors,Tumor,False,False,512,512,RGB,,,,,False
test/Tumors/Shagufta (68).png,,,test,Tumors,Tumors,Tumor,False,False,512,512,RGB,,,,,False
test/Tumors/Shagufta (69).png,,,test,Tumors,Tumors,Tumor,False,False,512,512,RGB,,,,,False
test/Tumors/Shagufta (7).png,,,test,Tumors,Tumors,Tumor,False,False,512,512,RGB,,,,,False
test/Tumors/Shagufta (70).png,,,test,Tumors,Tumors,Tumor,False,False,512,512,RGB,,,,,False
test/Tumors/Shagufta (71).png,,,test,Tumors,Tumors,Tumor,False,False,512,512,RGB,,,,,False
test/Tumors/Shagufta (72).png,,,test,Tumors,Tumors,Tumor,False,False,512,512,RGB,,,,,False
test/Tumors/Shagufta (73).png,,,test,Tumors,Tumors,Tumor,False,False,512,512,RGB,,,,,False
test/Tumors/Shagufta (74).png,,,test,Tumors,Tumors,Tumor,False,False,512,512,RGB,,,,,False
test/Tumors/Shagufta (75).png,,,test,Tumors,Tumors,Tumor,False,False,512,512,RGB,,,,,False
test/Tumors/Shagufta (76).png,,,test,Tumors,Tumors,Tumor,False,False,512,512,RGB,,,,,False
test/Tumors/Shagufta (77).png,,,test,Tumors,Tumors,Tumor,False,False,512,512,RGB,,,,,False
test/Tumors/Shagufta (78).png,,,test,Tumors,Tumors,Tumor,False,False,512,512,RGB,,,,,False
test/Tumors/Shagufta (79).png,,,test,Tumors,Tumors,Tumor,False,False,512,512,RGB,,,,,False
test/Tumors/Shagufta (8).png,,,test,Tumors,Tumors,Tumor,False,False,512,512,RGB,,,,,False
test/Tumors/Shagufta (80).png,,,test,Tumors,Tumors,Tumor,False,False,512,512,RGB,,,,,False
test/Tumors/Shagufta (81).png,,,test,Tumors,Tumors,Tumor,False,False,512,512,RGB,,,,,False
test/Tumors/Shagufta (82).png,,,test,Tumors,Tumors,Tumor,False,False,512,512,RGB,,,,,False
test/Tumors/Shagufta (83).png,,,test,Tumors,Tumors,Tumor,False,False,512,512,RGB,,,,,False
test/Tumors/Shagufta (84).png,,,test,Tumors,Tumors,Tumor,False,False,512,512,RGB,,,,,False
test/Tumors/Shagufta (85).png,,,test,Tumors,Tumors,Tumor,False,False,512,512,RGB,,,,,False
test/Tumors/Shagufta (86).png,,,test,Tumors,Tumors,Tumor,False,False,512,512,RGB,,,,,False
test/Tumors/Shagufta (87).png,,,test,Tumors,Tumors,Tumor,False,False,512,512,RGB,,,,,False
test/Tumors/Shagufta (88).png,,,test,Tumors,Tumors,Tumor,False,False,512,512,RGB,,,,,False
test/Tumors/Shagufta (89).png,,,test,Tumors,Tumors,Tumor,False,False,512,512,RGB,,,,,False
test/Tumors/Shagufta (9).png,,,test,Tumors,Tumors,Tumor,False,False,512,512,RGB,,,,,False
test/Tumors/Shagufta (90).png,,,test,Tumors,Tumors,Tumor,False,False,512,512,RGB,,,,,False
test/Tumors/Shbana (1).png,,,test,Tumors,Tumors,Tumor,False,False,512,512,RGB,,,,,False
test/Tumors/Shbana (10).png,,,test,Tumors,Tumors,Tumor,False,False,512,512,RGB,,,,,False
test/Tumors/Shbana (11).png,,,test,Tumors,Tumors,Tumor,False,False,512,512,RGB,,,,,False
test/Tumors/Shbana (12).png,,,test,Tumors,Tumors,Tumor,False,False,512,512,RGB,,,,,False
test/Tumors/Shbana (13).png,,,test,Tumors,Tumors,Tumor,False,False,512,512,RGB,,,,,False
test/Tumors/Shbana (14).png,,,test,Tumors,Tumors,Tumor,False,False,512,512,RGB,,,,,False
test/Tumors/Shbana (15).png,,,test,Tumors,Tumors,Tumor,False,False,512,512,RGB,,,,,False
test/Tumors/Shbana (16).png,,,test,Tumors,Tumors,Tumor,False,False,512,512,RGB,,,,,False
test/Tumors/Shbana (17).png,,,test,Tumors,Tumors,Tumor,False,False,512,512,RGB,,,,,False
test/Tumors/Shbana (18).png,,,test,Tumors,Tumors,Tumor,False,False,512,512,RGB,,,,,False
test/Tumors/Shbana (19).png,,,test,Tumors,Tumors,Tumor,False,False,512,512,RGB,,,,,False
test/Tumors/Shbana (2).png,,,test,Tumors,Tumors,Tumor,False,False,512,512,RGB,,,,,False
test/Tumors/Shbana (20).png,,,test,Tumors,Tumors,Tumor,False,False,512,512,RGB,,,,,False
test/Tumors/Shbana (21).png,,,test,Tumors,Tumors,Tumor,False,False,512,512,RGB,,,,,False
test/Tumors/Shbana (22).png,,,test,Tumors,Tumors,Tumor,False,False,512,512,RGB,,,,,False
test/Tumors/Shbana (23).png,,,test,Tumors,Tumors,Tumor,False,False,512,512,RGB,,,,,False
test/Tumors/Shbana (24).png,,,test,Tumors,Tumors,Tumor,False,False,512,512,RGB,,,,,False
test/Tumors/Shbana (25).png,,,test,Tumors,Tumors,Tumor,False,False,512,512,RGB,,,,,False
test/Tumors/Shbana (26).png,,,test,Tumors,Tumors,Tumor,False,False,512,512,RGB,,,,,False
test/Tumors/Shbana (27).png,,,test,Tumors,Tumors,Tumor,False,False,512,512,RGB,,,,,False
test/Tumors/Shbana (28).png,,,test,Tumors,Tumors,Tumor,False,False,512,512,RGB,,,,,False
test/Tumors/Shbana (29).png,,,test,Tumors,Tumors,Tumor,False,False,512,512,RGB,,,,,False
test/Tumors/Shbana (3).png,,,test,Tumors,Tumors,Tumor,False,False,512,512,RGB,,,,,False
test/Tumors/Shbana (30).png,,,test,Tumors,Tumors,Tumor,False,False,512,512,RGB,,,,,False
test/Tumors/Shbana (31).png,,,test,Tumors,Tumors,Tumor,False,False,512,512,RGB,,,,,False
test/Tumors/Shbana (32).png,,,test,Tumors,Tumors,Tumor,False,False,512,512,RGB,,,,,False
test/Tumors/Shbana (33).png,,,test,Tumors,Tumors,Tumor,False,False,512,512,RGB,,,,,False
test/Tumors/Shbana (34).png,,,test,Tumors,Tumors,Tumor,False,False,512,512,RGB,,,,,False
test/Tumors/Shbana (35).png,,,test,Tumors,Tumors,Tumor,False,False,512,512,RGB,,,,,False
test/Tumors/Shbana (36).png,,,test,Tumors,Tumors,Tumor,False,False,512,512,RGB,,,,,False
test/Tumors/Shbana (37).png,,,test,Tumors,Tumors,Tumor,False,False,512,512,RGB,,,,,False
test/Tumors/Shbana (38).png,,,test,Tumors,Tumors,Tumor,False,False,512,512,RGB,,,,,False
test/Tumors/Shbana (39).png,,,test,Tumors,Tumors,Tumor,False,False,512,512,RGB,,,,,False
test/Tumors/Shbana (4).png,,,test,Tumors,Tumors,Tumor,False,False,512,512,RGB,,,,,False
test/Tumors/Shbana (40).png,,,test,Tumors,Tumors,Tumor,False,False,512,512,RGB,,,,,False
test/Tumors/Shbana (41).png,,,test,Tumors,Tumors,Tumor,False,False,512,512,RGB,,,,,False
test/Tumors/Shbana (42).png,,,test,Tumors,Tumors,Tumor,False,False,512,512,RGB,,,,,False
test/Tumors/Shbana (43).png,,,test,Tumors,Tumors,Tumor,False,False,512,512,RGB,,,,,False
test/Tumors/Shbana (44).png,,,test,Tumors,Tumors,Tumor,False,False,512,512,RGB,,,,,False
test/Tumors/Shbana (45).png,,,test,Tumors,Tumors,Tumor,False,False,512,512,RGB,,,,,False
test/Tumors/Shbana (46).png,,,test,Tumors,Tumors,Tumor,False,False,512,512,RGB,,,,,False
test/Tumors/Shbana (47).png,,,test,Tumors,Tumors,Tumor,False,False,512,512,RGB,,,,,False
test/Tumors/Shbana (48).png,,,test,Tumors,Tumors,Tumor,False,False,512,512,RGB,,,,,False
test/Tumors/Shbana (49).png,,,test,Tumors,Tumors,Tumor,False,False,512,512,RGB,,,,,False
test/Tumors/Shbana (5).png,,,test,Tumors,Tumors,Tumor,False,False,512,512,RGB,,,,,False
test/Tumors/Shbana (50).png,,,test,Tumors,Tumors,Tumor,False,False,512,512,RGB,,,,,False
test/Tumors/Shbana (51).png,,,test,Tumors,Tumors,Tumor,False,False,512,512,RGB,,,,,False
